UNIX_timestamp,prices,market_caps,total_volumes
1.49351E+12,0.936805,59030847.56,23235700
1.4936E+12,0.935988,58985214.03,44670600
1.49368E+12,0.932639,58813389.53,22315600
1.49377E+12,0.93336,57343290.07,32968500
1.49386E+12,0.945751,59017937.98,55789000
1.49394E+12,0.955403,59620254.17,69867200
1.49403E+12,0.968581,60442604.23,43920500
1.49412E+12,0.969046,60471621.74,71995800
1.4942E+12,0.967223,60358457.39,86459100
1.49429E+12,0.970467,60557091.31,61672300
1.49437E+12,0.980077,61153035.42,47181800
1.49446E+12,0.981438,61237960.52,46601300
1.49455E+12,0.97345,60739540.01,42430100
1.49463E+12,0.977775,61009403.39,29665200
1.49472E+12,0.981753,61257615.3,24036300
1.49481E+12,0.972028,60650909.87,36805000
1.49489E+12,0.968161,60409623.54,52967200
1.49498E+12,0.966008,60275279.57,60394800
1.49507E+12,0.970781,60573096.88,46032800
1.49515E+12,0.988722,61690581.49,49029800
1.49524E+12,0.991763,61880322.45,42031700
1.49532E+12,1,62394264,45289700
1.49541E+12,1,62394332,79143200
1.4955E+12,1,62394332,67556600
1.49558E+12,1.02,69762208.44,76707400
1.49567E+12,1.06,72497981.32,141475000
1.49576E+12,1.03,97843500.7,126623000
1.49584E+12,1.03,108143500.7,186831000
1.49593E+12,1.04,109193437.6,110635000
1.49602E+12,1.02,107093563.8,80211800
1.4961E+12,1.01,106043626.9,107674000
1.49619E+12,1.03,108143500.7,85586600
1.49628E+12,1.03,108143500.7,100492000
1.49636E+12,1.03,108143500.7,49123900
1.49645E+12,1.02,107093563.8,44185500
1.49653E+12,1.01,106043626.9,49287400
1.49662E+12,1.02,107093563.8,49099600
1.49671E+12,1,104993690,152071000
1.49679E+12,1.01,106043626.9,96923700
1.49688E+12,1,127493815,66659300
1.49697E+12,0.999397,127416936.2,57468300
1.49705E+12,1.02,130043691.3,79223300
1.49714E+12,1.01,128768753.2,86165400
1.49723E+12,1.02,130043691.3,210213000
1.49731E+12,1.01,128768753.2,106761000
1.4974E+12,1.03,131318629.5,139424000
1.49748E+12,1.01,128768753.2,245700000
1.49757E+12,1.02,130043691.3,110022000
1.49766E+12,0.989133,126108339.7,103988000
1.49774E+12,1,127493815,114384000
1.49783E+12,0.992096,126486103.9,75013400
1.49792E+12,0.973935,140922380.5,88683200
1.498E+12,0.980126,141818179.9,108364000
1.49809E+12,0.973686,140886351.7,64267900
1.49818E+12,1,144693825,41135200
1.49826E+12,1.01,146140763.3,77845200
1.49835E+12,1.01,146140763.3,101752000
1.49844E+12,0.970667,140449521,190073000
1.49852E+12,1.01,146140763.3,171944000
1.49861E+12,1.01,146140763.3,128624000
1.49869E+12,1.02,219280202.8,103448000
1.49878E+12,1.01,217130396.9,72275100
1.49887E+12,1.02,219280202.8,82282000
1.49895E+12,1.01,222180396.9,76483300
1.49904E+12,1,219980581,87391000
1.49913E+12,0.997371,219402252.1,87515500
1.49921E+12,0.997172,219358475.9,67126700
1.4993E+12,1,219981353,44443000
1.49939E+12,1.01,222181166.5,84032200
1.49947E+12,1,219981353,62482500
1.49956E+12,1.01,222181166.5,44969700
1.49964E+12,0.998826,234705484.9,130232000
1.49973E+12,1.01,261571065.5,178663000
1.49982E+12,1,268981303,130950000
1.4999E+12,1.01,292376141.3,104503000
1.49999E+12,1,289481328,93376200
1.50008E+12,1,294481328,124373000
1.50016E+12,1,294481328,177777000
1.50025E+12,1,294501318,171873000
1.50034E+12,0.996755,308496986.2,235439000
1.50042E+12,1,309501318,201406000
1.50051E+12,0.993394,317390677.4,276711000
1.5006E+12,1,319501318,170935000
1.50068E+12,0.996386,318346635.3,130685000
1.50077E+12,0.993869,317542450.4,115334000
1.50085E+12,0.99342,317398994.4,75345600
1.50094E+12,0.997242,318620128.4,220089000
1.50103E+12,1,319501313,112102000
1.50111E+12,0.998232,318936334.9,79654000
1.5012E+12,0.999857,319455524.3,116503000
1.50129E+12,0.99824,318938890.9,72564200
1.50137E+12,0.99979,319434117.7,61360400
1.50146E+12,1,319501213,75037900
1.50155E+12,0.996736,318458361,169383000
1.50163E+12,0.999116,319218773.9,102726000
1.50172E+12,0.969803,309853219.4,57293600
1.5018E+12,1,319501197,59376000
1.50189E+12,1,319501197,172739000
1.50198E+12,1,319501202,103460000
1.50206E+12,1,319501202,110397000
1.50215E+12,1,319501202,130118000
1.50224E+12,0.998955,319167323.2,141046000
1.50232E+12,0.998606,319055817.3,91537200
1.50241E+12,0.99888,319143360.7,111081000
1.5025E+12,1,319501202,132084000
1.50258E+12,0.998202,318926738.8,198001000
1.50267E+12,0.999249,319261356.5,125475000
1.50276E+12,1.01,322696315,214049000
1.50284E+12,0.998347,318973166.3,120674000
1.50293E+12,1,319501302,121124000
1.50301E+12,0.990268,316391931.2,255427000
1.5031E+12,1.02,325891344.4,283337000
1.50319E+12,0.996677,318439615.1,133762000
1.50327E+12,1,319501318,208857000
1.50336E+12,1.01,322696331.2,240997000
1.50345E+12,1,319501318,196253000
1.50353E+12,1,319501318,132753000
1.50362E+12,1,319501268,116485000
1.50371E+12,1,319501268,98183200
1.50379E+12,1,319501268,104873000
1.50388E+12,1,319498558,130984000
1.50396E+12,1,319498507,131878000
1.50405E+12,1,319498507,114163000
1.50414E+12,1,319498508,110010000
1.50422E+12,1.01,322693265.8,198779000
1.50431E+12,1.02,350878248.7,343143000
1.5044E+12,1,363998283,191927000
1.50448E+12,1.02,377602248.7,374219000
1.50457E+12,1.01,389050265.8,271022000
1.50466E+12,1,385198282,194894000
1.50474E+12,1,393697782,166362000
1.50483E+12,1.01,397634759.8,319158000
1.50492E+12,1,403697782,122156000
1.505E+12,1.01,407734759.8,163257000
1.50509E+12,1,403700492,126682000
1.50517E+12,1,403700492,162544000
1.50526E+12,1,413700492,256521000
1.50535E+12,0.999769,418603772.2,352449000
1.50543E+12,0.998812,441955574.3,545294000
1.50552E+12,1.00318,443888332.3,234360000
1.50561E+12,1.00477,444591877.5,118935000
1.50569E+12,1.00161,443193636.8,214669000
1.50578E+12,1.00153,443158238.3,163402000
1.50587E+12,0.997989,441591412.2,137452000
1.50595E+12,1.00684,445507813.7,231878000
1.50604E+12,1.0049,444649400.1,164925000
1.50612E+12,1.00084,442852921.2,117402000
1.50621E+12,1.00439,444423729.6,91704300
1.5063E+12,1.00064,442764425,160605000
1.50638E+12,1.00195,427894442.3,104531000
1.50647E+12,1.00334,428488058,200757000
1.50656E+12,0.999143,426695680.1,232811000
1.50664E+12,1.00278,438276703.4,205556000
1.50673E+12,0.996854,435686576.3,116561000
1.50682E+12,0.998642,436468042.4,103305000
1.5069E+12,1.00091,437459298,126736000
1.50699E+12,1.00226,438049331.2,137141000
1.50708E+12,1.00069,437363144.5,115319000
1.50716E+12,1.00009,437100907.5,119445000
1.50725E+12,1.00093,437468039.3,91708500
1.50733E+12,0.998909,436584742.8,89614700
1.50742E+12,0.998339,436335617.7,123248000
1.50751E+12,1.00029,437188324.9,178558000
1.50759E+12,1.00001,437065947.6,137436000
1.50768E+12,0.997899,436143310.6,86063600
1.50777E+12,0.999551,436865336.4,214883000
1.50785E+12,1.00076,437393743.8,321360000
1.50794E+12,1.00294,438346638.3,137961000
1.50803E+12,0.999286,436749615,213006000
1.50811E+12,0.998281,436310368,204073000
1.5082E+12,1.00284,438302932.2,216322000
1.50828E+12,1.00064,437341396.5,254134000
1.50837E+12,1.00131,437634227.8,153068000
1.50846E+12,1.00225,438044960.5,185039000
1.50854E+12,1.00147,437703646.9,171841000
1.50863E+12,1.00166,437786688.5,166575000
1.50872E+12,0.996017,435320352.4,201830000
1.5088E+12,0.999485,436836080.5,258705000
1.50889E+12,1.00217,438010090.8,170207000
1.50898E+12,0.999321,436764902.1,150409000
1.50906E+12,1.00074,437385092.6,144483000
1.50915E+12,1.00182,437857119.2,120270000
1.50924E+12,0.999987,452055790.2,616456000
1.50932E+12,0.997833,451082049.4,170149000
1.50941E+12,0.998742,451492973.4,183224000
1.50949E+12,0.998106,451205462.2,243987000
1.50958E+12,1.00129,452644826.6,427596000
1.50967E+12,1.00302,488532593.2,360474000
1.50975E+12,1.00473,496398578.7,285698000
1.50984E+12,0.999176,493654560.2,235626000
1.50993E+12,1.00494,496502331.6,307960000
1.51001E+12,1.00255,515372524.3,256088000
1.5101E+12,1.01153,499758198,525874000
1.51019E+12,1.00623,537388871.2,364325000
1.51027E+12,1.00231,565364649.5,750882000
1.51036E+12,1.00553,597346828,754936000
1.51044E+12,1.00717,598321089.2,1444590000
1.51053E+12,1.00998,599946433,773200000
1.51062E+12,1.00566,597380274.6,430488000
1.5107E+12,1.00487,596911000.3,449388000
1.51079E+12,0.993232,609862457.3,641835000
1.51088E+12,1.0022,645434971.9,642643000
1.51096E+12,1.0023,645498058.7,587559000
1.51105E+12,1.00064,675398808.8,485250000
1.51114E+12,0.998933,674246640.4,432169000
1.51122E+12,0.997636,673371208.4,628997000
1.51131E+12,0.997972,673597997.3,498986000
1.5114E+12,1.00055,675338061.8,722394000
1.51148E+12,1.00305,677025478.8,854885000
1.51157E+12,1.00546,678652148.9,656963000
1.51165E+12,1.01419,684545632.6,620033000
1.51174E+12,1.00235,676554013.4,786586000
1.51183E+12,1.00057,675352570.7,796116000
1.51191E+12,1.01913,753155769,1663310000
1.512E+12,1.0089,770817102.4,1060180000
1.51209E+12,1.00844,770465654.4,750154000
1.51217E+12,0.999631,813716975.6,680812000
1.51226E+12,0.993652,808849965.9,944752000
1.51235E+12,1.00177,815458158.7,665302000
1.51243E+12,1.00236,815938428.9,816358000
1.51252E+12,1.0093,821587709.3,1172130000
1.5126E+12,1.0312,839414689.3,1669770000
1.51269E+12,1.01755,828303352.5,1994670000
1.51278E+12,1.01846,829044108.2,1599660000
1.51286E+12,1.01666,827578877,1646740000
1.51295E+12,1.0107,847994833.6,1533750000
1.51304E+12,1.07406,901154972.8,2245970000
1.51312E+12,1.01946,906317625.6,2204870000
1.51321E+12,1.01142,975026426.1,2326850000
1.5133E+12,1.01604,1035362386,2045460000
1.51338E+12,1.00749,1127398788,1588870000
1.51347E+12,1.01064,1130923693,1935000000
1.51356E+12,1.0142,1134907394,2513940000
1.51364E+12,1.01531,1186948145,3071790000
1.51373E+12,1.00057,1169716348,3755010000
1.51381E+12,1.00832,1228224344,3083450000
1.5139E+12,1.03535,1261149313,4686080000
1.51399E+12,1.052,1281430509,2377950000
1.51407E+12,1.0292,1253658060,2634840000
1.51416E+12,1.01129,1231842071,1709740000
1.51425E+12,1.00445,1223510337,1850150000
1.51433E+12,1.0037,1222596769,1940640000
1.51442E+12,1.00951,1280149371,2201500000
1.51451E+12,1.00326,1372549810,1932680000
1.51459E+12,1.01842,1393290052,2713290000
1.51468E+12,1.01234,1384972066,1929950000
1.51476E+12,1.00891,1380279517,1681610000
1.51485E+12,1.00392,1373452749,2632020000
1.51494E+12,1.01578,1389678295,2461680000
1.51502E+12,1.00274,1472112403,3203460000
1.51511E+12,0.999695,1467642070,3096040000
1.5152E+12,1.00853,1480612643,2622980000
1.51528E+12,1.00133,1470042396,2345900000
1.51537E+12,1.01232,1486176704,3798580000
1.51546E+12,1.00419,1474241133,2761970000
1.51554E+12,1.0023,1471466444,3152380000
1.51563E+12,1.00616,1477133270,3832640000
1.51572E+12,1.00389,1473800706,2683030000
1.5158E+12,1.00231,1471481125,2764200000
1.51589E+12,1.01702,1493076726,2952650000
1.51597E+12,1.00744,1479012425,2554490000
1.51606E+12,1.03035,1667199879,5541320000
1.51615E+12,1.02089,1651892740,5611060000
1.51623E+12,1.02209,1653834449,4270310000
1.51632E+12,1.00555,1627071227,2879550000
1.51641E+12,1.00356,1623851226,2935940000
1.51649E+12,1.003,1622945095,3298380000
1.51658E+12,0.992747,1606354810,3254440000
1.51667E+12,1.00714,1629643991,3128360000
1.51675E+12,1.00486,1625954744,2618370000
1.51684E+12,0.999067,1616581144,2582940000
1.51692E+12,0.992098,1605304669,2950310000
1.51701E+12,0.995557,1610901645,2010950000
1.5171E+12,0.988924,2252858690,2540410000
1.51718E+12,0.99629,2269639107,2037230000
1.51727E+12,0.994773,2266183243,2026820000
1.51736E+12,0.989954,2224566037,3096270000
1.51744E+12,0.993109,2201862497,2662360000
1.51753E+12,0.978577,2169643006,3483370000
1.51762E+12,0.989437,2193721156,4799090000
1.5177E+12,0.999372,2215748450,2492940000
1.51779E+12,0.995898,2208046102,2509000000
1.51788E+12,1.01066,2240775535,3937090000
1.51796E+12,0.995519,2207205806,6266930000
1.51805E+12,0.999616,2216289432,3352860000
1.51813E+12,1.01792,2256871977,2495780000
1.51822E+12,1.00169,2220887782,1621940000
1.51831E+12,1.00549,2229312917,2632410000
1.51839E+12,1.00667,2231929143,2427580000
1.51848E+12,1.00146,2220377840,2463490000
1.51857E+12,1.00366,2225255549,2249290000
1.51865E+12,0.997587,2211790853,3041180000
1.51874E+12,1.00112,2219624012,3297560000
1.51883E+12,1.00225,2222129381,2617050000
1.51891E+12,1.00623,2230953601,2756700000
1.519E+12,1.00329,2224435207,3140400000
1.51908E+12,0.999762,2216613134,2556800000
1.51917E+12,1.0006,2218471098,2960120000
1.51926E+12,1.00128,2219978754,2911040000
1.51934E+12,1.00319,2224213493,2928040000
1.51943E+12,0.997796,2212254236,2817600000
1.51952E+12,1.00595,2230332802,2418680000
1.5196E+12,1.00504,2228315204,1978000000
1.51969E+12,1.0012,2219801383,2383900000
1.51978E+12,0.998792,2214462508,2475340000
1.51986E+12,1.00189,2221331210,2396490000
1.51995E+12,1.00063,2218537613,2297490000
1.52004E+12,0.998889,2214677571,2180070000
1.52012E+12,1.00123,2219867897,2187790000
1.52021E+12,0.996547,2209485027,2092290000
1.52029E+12,0.997801,2212265321,2249900000
1.52038E+12,1.00069,2218670641,2480530000
1.52047E+12,1.00298,2223747894,3049800000
1.52055E+12,1.00321,2224257836,2650980000
1.52064E+12,1.00169,2220887782,3065810000
1.52073E+12,1.00251,2222705837,2276070000
1.52081E+12,1.00929,2237738052,2392100000
1.5209E+12,0.999281,2215546690,2166510000
1.52099E+12,0.999219,2215409227,1913310000
1.52107E+12,0.995842,2207921942,2124490000
1.52116E+12,1.0019,2221353382,2284550000
1.52124E+12,1.00029,2217783785,1840630000
1.52133E+12,1.00177,2221065153,1720280000
1.52142E+12,0.996524,2209434033,2636520000
1.5215E+12,0.998764,2214400428,2620560000
1.52159E+12,1.00476,2227694404,2510880000
1.52168E+12,1.00076,2218825841,2358290000
1.52176E+12,0.999939,2226894995,2170840000
1.52185E+12,0.998429,2283547716,1967700000
1.52194E+12,1.00055,2288398741,1796750000
1.52202E+12,1.00064,2288604584,1524270000
1.52211E+12,1.00273,2293384708,2179460000
1.5222E+12,1.00647,2301938615,2043760000
1.52228E+12,1.00172,2230861337,1870920000
1.52237E+12,0.992949,2271014184,2490790000
1.52245E+12,1.00063,2288581713,2597980000
1.52254E+12,1.00069,2288718941,1765870000
1.52263E+12,1.00329,2294665507,1829520000
1.52271E+12,0.999559,2286132185,1549630000
1.5228E+12,1.00064,2288604584,1753330000
1.52289E+12,1.00017,2287529628,1766920000
1.52297E+12,1,2287140814,1611260000
1.52306E+12,1.0014,2290342811,1259950000
1.52315E+12,1.00046,2288192899,1329360000
1.52323E+12,0.999615,2286260265,1089360000
1.52332E+12,0.997554,2281546468,1663420000
1.5234E+12,0.998841,2284490018,1264100000
1.52349E+12,0.995092,2275915527,1725430000
1.52358E+12,0.999828364,2286748258,2838132.818
1.52366E+12,0.995712549,2277334809,2972995.614
1.52375E+12,0.998812244,2284424248,988741.0331
1.52384E+12,1.000291019,2287806414,843295.0774
1.52392E+12,1.000671614,2288676891,2120618.852
1.52401E+12,0.99815735,2282926413,1145016.782
1.5241E+12,0.999861633,2286824349,1154168.222
1.52418E+12,1.000513259,2288314709,878384.5399
1.52427E+12,0.999781978,2286642166,1202118.466
1.52436E+12,0.999988953,2287115549,1030884.864
1.52444E+12,1.002659297,2293223001,797465.0799
1.52453E+12,1.001375745,2290287336,887700.3409
1.52461E+12,1.001893695,2291471962,2447442.505
1.5247E+12,1.000886436,2419283455,3872537.205
1.52479E+12,1.000419595,2418155033,4328738.551
1.52487E+12,0.99761534,2411376754,1982958.721
1.52496E+12,0.999061277,2414871788,1765326.252
1.52505E+12,1.000317769,2417908907,2003807.718
1.52513E+12,0.998807955,2414259473,1729590.051
1.52522E+12,0.99898922,2414697615,1883772.002
1.52531E+12,0.999034699,2314904076,2465175.235
1.52539E+12,1.023943933,2372622278,572.5061997
1.52548E+12,0.997392272,2261228728,4722808.819
1.52556E+12,0.992209451,2249478541,1779218.966
1.52565E+12,0.992488576,2180637158,1160577.85
1.52574E+12,0.998596366,2154112978,2217845.171
1.52582E+12,0.998929581,2104885290,5989591.394
1.52591E+12,1.000822198,2108873301,3708335.902
1.526E+12,0.999401195,2105879047,5860212.635
1.52608E+12,1.002709721,2112850578,1938198.452
1.52617E+12,1.006082148,2220564971,1288836.025
1.52626E+12,1.000862458,2209044380,588062.8483
1.52634E+12,1.001272183,2209948701,1286034.593
1.52643E+12,0.998650011,2204161199,1586606.627
1.52652E+12,1.002801507,2313604286,1655577.005
1.5266E+12,1.001457703,2310503939,898460.7497
1.52669E+12,0.998555975,2503520439,2215000.819
1.52677E+12,1.001289581,2510373976,1193605.501
1.52686E+12,1.001041298,2509751495,550156.7785
1.52695E+12,0.998449887,2503254463,1839341.27
1.52703E+12,0.997385583,2500586103,1902722.413
1.52712E+12,1.000661655,2508799677,1424828.034
1.52721E+12,1.001400848,2510652937,1369472.455
1.52729E+12,1.002893064,2514394133,1045315.878
1.52738E+12,0.999772769,2506571114,1029998.956
1.52747E+12,0.999668675,2506310135,421562.7611
1.52755E+12,1.004181133,2517623504,821200.164
1.52764E+12,0.999167831,2505054449,1697346.335
1.52772E+12,0.997879794,2501825160,1890410.257
1.52781E+12,1.000784522,2509107720,814795.85
1.5279E+12,1.002017962,2512200130,635111.4744
1.52798E+12,0.999885325,2506853306,2284488.221
1.52807E+12,1.001386216,2510616253,1421215.559
1.52816E+12,1.002962718,2514568765,1208516.729
1.52824E+12,0.99935196,2505516088,1305878.451
1.52833E+12,0.998172894,2502560003,2123260.695
1.52842E+12,0.9992695,2505309348,1642225.921
1.5285E+12,1.00152523,2510964780,434983.8674
1.52859E+12,1.003475811,2515854692,291020.5216
1.52868E+12,1.002700944,2513911992,1557517.207
1.52876E+12,1.001631627,2511231064,1523509.135
1.52885E+12,1.002161748,2512560152,1185021.671
1.52893E+12,1.001385042,2510612842,1476714.329
1.52902E+12,1.001581452,2511105268,2954359.888
1.52911E+12,0.999852312,2606755302,2763878.269
1.52919E+12,1.00166606,2611483998,547686.6146
1.52928E+12,1.000146421,2607522087,780954.9597
1.52937E+12,1.000124944,2607466092,1223582.343
1.52945E+12,1.000827986,2609299022,1283164.173
1.52954E+12,0.998663734,2603656512,1168874.429
1.52963E+12,1.000195639,2607650405,1173163.352
1.52971E+12,1.004063767,2617735158,1977950.06
1.5298E+12,1.005239686,2620800944,610017.2877
1.52988E+12,1.002559811,2613814134,2063224.06
1.52997E+12,1.000402468,2708229883,1956735.031
1.53006E+12,1.001508555,2711224215,1358098.468
1.53014E+12,1.001357719,2710815882,1501570.452
1.53023E+12,0.999485653,2705747936,2535219.72
1.53032E+12,1.00124919,2710522078,1057830.989
1.5304E+12,1.000754987,2709184202,1521506.801
1.53049E+12,0.998825215,2703960039,478369.2205
1.53058E+12,1.000001061,2707143219,1107073.388
1.53066E+12,1.000531399,2708578918,859616.0796
1.53075E+12,1.004661154,2719758743,1084154.351
1.53084E+12,1.003285891,2716035715,611468.1643
1.53092E+12,1.008979636,2630551517,999320.859
1.53101E+12,1.012253467,2639086853,645476.9899
1.53109E+12,1.00403348,2617656194,355686.5239
1.53118E+12,1.005683511,2621958056,727640.1312
1.53127E+12,1.008804107,2630093889,942674.7178
1.53135E+12,1.09066244,2843510051,1061248.125
1.53144E+12,1.010523219,2735628176,1319818.696
1.53153E+12,1.062143356,2875371132,1265176.377
1.53161E+12,1.135080118,3072821184,2129116.518
1.5317E+12,1.134961878,3072501090,1696894.766
1.53179E+12,1.182957882,3202433010,4463640.891
1.53187E+12,1.139813558,3085635270,2677167.48
1.53196E+12,1.069063518,2894104982,4619439.18
1.53204E+12,1.128858813,3055979238,2081505.291
1.53213E+12,1.092949276,2904119617,1666775.462
1.53222E+12,1.220170865,3242165235,769647.9792
1.5323E+12,1.257362084,3340987522,3075073.751
1.53239E+12,1.323095306,3449495153,2636452.981
1.53248E+12,0.996641882,2498721072,1889737.85
1.53256E+12,0.99631169,2497893235,1619302.331
1.53265E+12,0.998730686,2503957997,1526530.454
1.53274E+12,0.999003323,2504641537,1691461.236
1.53282E+12,0.998993562,2504617064,316289.2164
1.53291E+12,0.996998075,2499614098,3165230.405
1.533E+12,0.997153595,2500004009,951179.1447
1.53308E+12,0.996511572,2453551347,1615377.074
1.53317E+12,1.000044453,2397246906,913516.891
1.53325E+12,0.997896666,2412056294,828668.2608
1.53334E+12,0.999070269,2434874462,1766019.605
1.53343E+12,0.996133511,2427717170,629228.9191
1.53351E+12,0.950716486,2317029506,30574447.64
1.5336E+12,1.078959815,2629576497,121108672.7
1.53369E+12,0.981323456,2391622986,81164838.13
1.53377E+12,1.112210874,2677247669,140679136.5
1.53386E+12,0.997927803,2433038152,2574369.383
1.53395E+12,0.982747289,2396026687,5585816.609
1.53403E+12,0.98751821,2407658622,2090185.701
1.53412E+12,0.974256935,2375326436,2590987.688
1.5342E+12,0.989020595,2411321575,5478123.34
1.53429E+12,1.003786987,2447323372,98531640.67
1.53438E+12,1.000075938,2434993162,109675394.9
1.53446E+12,0.986832644,2405947943,104232705.6
1.53455E+12,0.998589086,2433497752,69267509.06
1.53464E+12,1.000051958,2439015130,92002426
1.53472E+12,1.000360497,2438871839,67654795.71
1.53481E+12,1.001785061,2725078677,63726024.19
1.5349E+12,1.002284512,2728553309,61453618.36
1.53498E+12,0.999942897,2716639197,94456844.91
1.53507E+12,1.003234452,2731483651,39667161.36
1.53516E+12,1.00205867,2727971119,45923369.04
1.53524E+12,1.00095279,2722535740,31057541.51
1.53533E+12,0.998189958,2723771032,32137787.48
1.53541E+12,1.004977091,2732665666,69855020.17
1.5355E+12,1.004418137,2715010129,106117405.9
1.53559E+12,1.003258737,2728039077,120273727.8
1.53567E+12,0.999784322,2721520395,114431190.9
1.53576E+12,1.001097888,2816280698,99498842.63
1.53585E+12,1.000825436,2815472563,112457670.3
1.53593E+12,1.000149513,2813189896,128944425.9
1.53602E+12,0.997555938,2809398139,83707328.69
1.53611E+12,0.998959523,2810162814,92325772.09
1.53619E+12,0.992729876,2794774719,159199540.9
1.53628E+12,0.999719563,2811537527,171456015
1.53636E+12,0.99981836,2812652631,131660254.8
1.53645E+12,0.999460306,2811569544,109505173.3
1.53654E+12,1.001922677,2821504022,139319186.6
1.53662E+12,0.998751251,2811552369,145188131.9
1.53671E+12,0.999673178,2812137479,149542385.4
1.5368E+12,0.99940168,2811471887,144294630.3
1.53688E+12,0.99934767,2787130230,147259662.5
1.53697E+12,0.999970909,2786121047,153457980.9
1.53706E+12,1.000407618,2789163924,112082132.9
1.53714E+12,1.00133835,2791102224,111924747
1.53723E+12,1.000104078,2784048695,140550021.1
1.53732E+12,0.999280133,2785192872,140334543.1
1.5374E+12,1.000563825,2788943336,113785163.7
1.53749E+12,1.001529271,2791634391,118225584
1.53757E+12,1.000202363,2787935807,211815031.3
1.53766E+12,1.00415339,2798948786,130336623.5
1.53775E+12,0.999186051,2785206697,113281738.9
1.53783E+12,1.000541876,2788848807,135417232.4
1.53792E+12,0.99918562,2784475867,165929123
1.53801E+12,1.000359197,2788802968,135936950.5
1.53809E+12,1.001127281,2793938157,151695982.4
1.53818E+12,0.99963679,2786516142,146279560.2
1.53827E+12,1.000259288,2786984880,151431879.3
1.53835E+12,0.999919351,2787146948,139339764.1
1.53844E+12,0.999014142,2784012202,147267340.5
1.53852E+12,0.997753518,2780675054,108791430.6
1.53861E+12,0.999413926,2783984271,117307796.7
1.5387E+12,1.000007956,2787393921,109163118.5
1.53878E+12,0.998736044,2783163158,82904990.56
1.53887E+12,1.000266189,2788311599,84072638.45
1.53896E+12,0.999782373,2786255879,65173094.83
1.53904E+12,0.999345032,2786297378,70625466.28
1.53913E+12,0.997484237,2781073506,64067243.09
1.53922E+12,0.995281565,2773726365,62179023.2
1.5393E+12,0.998605693,2783485294,176485624.5
1.53939E+12,0.998112728,2782596918,103905900.5
1.53948E+12,0.997730287,2780610027,60636644.17
1.53956E+12,0.996022757,2780058251,50247059.92
1.53965E+12,0.985557289,2741743089,246203418
1.53973E+12,0.982514019,2738404240,108158181.8
1.53982E+12,0.988698823,2755618646,88978845.57
1.53991E+12,0.987648614,2754104126,72237743.49
1.53999E+12,0.994665019,2771835186,91279264.7
1.54008E+12,0.993341343,2769255516,53175762.92
1.54017E+12,0.992972462,2767264867,42000080.94
1.54025E+12,0.994066217,2770816158,85638828.46
1.54034E+12,0.990453712,2087254167,76219991.7
1.54043E+12,0.991683906,2039936497,87281638.96
1.54051E+12,0.991389686,2040926053,63012137.76
1.5406E+12,0.992397675,2041779778,85023001.61
1.54068E+12,0.994038792,2045854212,52224601.42
1.54077E+12,0.996633239,2050417737,66459633.92
1.54086E+12,0.994210288,2045435957,74861264.51
1.54094E+12,0.99830334,2054102038,70119495.43
1.54103E+12,0.998641134,2054728481,63741585.12
1.54112E+12,0.997378423,2055110924,70780437.08
1.5412E+12,0.998522231,2054366246,39349133.68
1.54129E+12,1.000456433,2058355653,51519514.38
1.54138E+12,0.975541554,2006976009,66787759.05
1.54146E+12,0.994108795,2045255261,48925897.53
1.54155E+12,0.995305243,2047204954,61192287.53
1.54164E+12,0.998705401,2051069806,71896266.08
1.54172E+12,0.999180365,2056799409,59362584.39
1.54181E+12,0.998278275,2052590304,56743017.36
1.54189E+12,0.998941589,2049517477,34412495.83
1.54198E+12,0.996160129,2052518489,42381038.42
1.54207E+12,0.992501041,2043198070,42732465.87
1.54215E+12,0.989900984,2036466264,68534471.2
1.54224E+12,0.982372534,2018746895,103210110.6
1.54233E+12,0.988950012,2035600553,114761798.7
1.54241E+12,0.992325521,2038204380,51790107.2
1.5425E+12,0.992526647,2042210996,40965729.91
1.54259E+12,0.995165148,2047424658,38180508.05
1.54267E+12,0.987266687,2024353861,101413121.4
1.54276E+12,0.982057655,2018791813,137399678.6
1.54284E+12,0.991084259,2038363322,86199284.89
1.54293E+12,0.986874726,2038890911,60328754.91
1.54302E+12,0.993092395,2043144656,93265358.87
1.5431E+12,0.984677214,2025847078,77977736.45
1.54319E+12,0.991247484,2039979024,156596336.8
1.54328E+12,0.989343596,2033889118,108959964.5
1.54336E+12,0.989460177,2035739633,67512914.74
1.54345E+12,0.995538531,2047193813,118364345.8
1.54354E+12,0.99843716,2055234817,66594394.96
1.54362E+12,0.995025206,2047049156,67160998.07
1.54371E+12,0.996166627,2050841698,55586732.72
1.5438E+12,0.993234116,2041915651,59864263.94
1.54388E+12,0.997650791,2052538550,74868433.54
1.54397E+12,0.997493364,2052214663,68013063.92
1.54405E+12,0.990204528,2037218818,76903862.01
1.54414E+12,0.98446467,2037768260,98986730.86
1.54423E+12,1.00193566,2060263852,122179571.8
1.54431E+12,1.00078265,2052773624,85964641.57
1.5444E+12,0.989259842,2034843481,95271331.72
1.54449E+12,0.998786855,2056095154,52934504.73
1.54457E+12,0.999285581,2055901920,74853904.43
1.54466E+12,0.998623061,2053482907,54668847.72
1.54475E+12,0.996306374,2049127393,108842157.6
1.54483E+12,1.003651291,2065658182,81153515.55
1.54492E+12,0.999419702,2055986706,81486365.6
1.545E+12,0.992398441,2042314619,71026005.95
1.54509E+12,1.010141578,2078166973,140595884.4
1.54518E+12,1.01548603,2097996364,136669058.1
1.54526E+12,1.004496844,2067237406,202407397
1.54535E+12,1.003994135,2062580881,226040033.6
1.54544E+12,0.998846339,2056026307,140505880.9
1.54552E+12,1.015650975,2086824772,115486015.6
1.54561E+12,1.005090789,2068167684,140123626.1
1.5457E+12,1.005820598,2066946009,193825368.1
1.54578E+12,1.003160096,2060284718,149017586.9
1.54587E+12,1.00418883,2067085802,139102756.8
1.54596E+12,0.996071276,2056263838,119495547.7
1.54604E+12,1.003545158,2064938691,134285162.4
1.54613E+12,0.994003572,2048421032,73987954.84
1.54621E+12,1.006062041,2071214917,88135480.18
1.5463E+12,1.004001634,2064549307,107660509.9
1.54639E+12,1.011967266,2081768948,72615363.15
1.54647E+12,1.011646197,2081332301,130083895.2
1.54656E+12,1.002461265,2062404855,143883043.5
1.54665E+12,1.009417303,2076194416,150530254.7
1.54673E+12,1.005847212,2068439245,87968028.5
1.54682E+12,1.009559071,2076417540,97781764.77
1.54691E+12,1.006974782,2070618243,118440968.2
1.54699E+12,1.004982435,2066962685,269118779.1
1.54708E+12,1.004633324,2068319295,219557549.3
1.54716E+12,1.005757291,2076503785,134597351
1.54725E+12,1.010889474,2074761286,93701284.59
1.54734E+12,1.003799062,2065187829,155025516.2
1.54742E+12,1.005373486,2068137631,179047658.1
1.54751E+12,1.005038718,2068116972,252385427.7
1.5476E+12,1.003713778,2063760229,206378942.3
1.54768E+12,1.002324093,2065124096,226042798.6
1.54777E+12,1.002231238,2062694617,207892558.4
1.54786E+12,1.001562954,2060491673,106136444.4
1.54794E+12,1.002741355,2063763959,150509582.9
1.54803E+12,1.001073467,2058659682,118098239.3
1.54812E+12,1.001720062,2061371005,200081105.3
1.5482E+12,1.001243125,2059929315,206265684.7
1.54829E+12,1.000607327,2059407517,186480027.6
1.54837E+12,0.999849053,2057061192,143197419.7
1.54846E+12,0.999913168,2056945928,190994409.9
1.54855E+12,0.99960104,2056611611,108040406.4
1.54863E+12,1.001847526,2060102767,174594972.1
1.54872E+12,0.99977791,2056914823,249850968.3
1.54881E+12,0.999865292,2058162282,5341854462
1.54889E+12,0.999394308,2056125613,5168135840
1.54898E+12,0.999844611,2057052052,4354176577
1.54907E+12,0.9986994,2054695929,4420403452
1.54915E+12,0.99845528,2054232208,3886477387
1.54924E+12,0.999682409,2057661846,4407766633
1.54932E+12,0.99953934,2056423997,4488479390
1.54941E+12,1.000305942,2059174017,4228745900
1.5495E+12,0.999704174,2056763122,4936172436
1.54958E+12,0.99928145,2055893421,4244411127
1.54967E+12,1.002841618,2063218011,7197323498
1.54976E+12,1.000983038,2059394220,5846811560
1.54984E+12,1.003310363,2060813517,6228624684
1.54993E+12,0.99998209,2057334898,6262338054
1.55002E+12,1.000422236,2058607949,6242431195
1.5501E+12,1.000611488,2058629804,6297792313
1.55019E+12,1.000132803,2057944821,14124091046
1.55028E+12,0.999667756,2056688197,6183126580
1.55036E+12,1.000060897,2057497033,5512192279
1.55045E+12,0.998291836,2055359684,6782940673
1.55053E+12,0.998388593,2054056482,10918429446
1.55062E+12,0.999756574,2056870928,10035501481
1.55071E+12,1.000696434,2058804570,9605435044
1.55079E+12,1.000305438,2058000144,8099360623
1.55088E+12,1.001813069,2061101903,7902879998
1.55097E+12,1.000100946,2057579429,10339563969
1.55105E+12,0.998572082,2057172293,14624851607
1.55114E+12,0.997661516,2052560615,11504557760
1.55123E+12,0.999761083,2056445494,8914035529
1.55131E+12,1.000112718,2062398602,8924064621
1.5514E+12,0.999986015,2057342973,9743115331
1.55148E+12,0.997282326,2050563202,6759380987
1.55157E+12,0.999040319,2055397326,8365461242
1.55166E+12,1.000274768,2057521963,8474501004
1.55174E+12,0.999957062,2057283406,10787108439
1.55183E+12,1.000924469,2059273722,13365370138
1.55192E+12,1.000269265,2056017071,12502605485
1.552E+12,0.999680158,2056603394,12179133137
1.55209E+12,0.999939498,2057756560,10999185677
1.55218E+12,1.001128498,2059613268,12269315044
1.55226E+12,1.0007567,2058018510,12185100675
1.55235E+12,0.99821372,2056158426,11989339439
1.55244E+12,1.00042787,2057370375,13208727728
1.55252E+12,0.998791745,2054158371,11604601130
1.55261E+12,1.000369762,2058070674,11545578290
1.55269E+12,1.000589297,2058090474,12652142426
1.55278E+12,1.000437755,2057611141,17498529744
1.55287E+12,0.999075219,2055749663,10378455428
1.55295E+12,1.000589985,2059594111,17710835503
1.55304E+12,0.999883637,2056857602,14589176966
1.55313E+12,1.000373926,2058141051,15760141452
1.55321E+12,0.999689297,2056927158,15967032912
1.5533E+12,0.999268907,2055874929,13187400839
1.55339E+12,1.000449773,2058923030,14611584522
1.55347E+12,0.999750252,2058377846,14780996542
1.55356E+12,0.996747761,2051277714,15536057979
1.55364E+12,1.001001828,2059497756,17794481846
1.55373E+12,0.998441282,2055233666,25790839031
1.55382E+12,1.000300785,2057938699,24601737981
1.5539E+12,1.000188332,2057620764,27126907637
1.55399E+12,0.999946701,2059187276,20663312396
1.55408E+12,0.999380126,2056503958,15416444877
1.55416E+12,1.000014616,2057429259,18567029815
1.55425E+12,1.003164814,2063992652,31547102896
1.55434E+12,1.003109968,2065955960,37985788547
1.55442E+12,1.001167116,2058884613,30097786443
1.55451E+12,1.002541498,2063645670,24637456202
1.5546E+12,0.997004685,2052047755,23953967939
1.55468E+12,1.003305681,2063283128,28473675101
1.55477E+12,1.003953077,2066844547,27833130364
1.55485E+12,1.003388322,2064883437,20138841300
1.55494E+12,1.001142821,2059702912,24316009448
1.55503E+12,1.002253274,2064188995,25987400787
1.55511E+12,1.004125214,2064796843,19489266846
1.5552E+12,1.003749779,2064081210,16378653204
1.55529E+12,1.005068795,2067703310,15851967800
1.55537E+12,1.000939027,2061673213,18918457515
1.55546E+12,1.004121229,2065850647,17222193367
1.55555E+12,1.003293344,2065512823,17785450673
1.55563E+12,1.002952879,2063243046,19220170678
1.55572E+12,1.002815419,2064755202,19421554648
1.5558E+12,1.003266838,2063756310,18055266452
1.55589E+12,1.008308314,2073682938,20340214071
1.55598E+12,1.003522511,2063826784,21242676274
1.55606E+12,1.005816555,2066710175,23822697096
1.55615E+12,1.006908135,2070342266,25460937568
1.55624E+12,0.995688776,2047353621,23475681158
1.55632E+12,0.99871978,2042786525,24834365729
1.55641E+12,0.993726228,2042468591,18819429796
1.5565E+12,0.990915844,2037015239,20045998450
1.55658E+12,0.993258334,2043145909,20374262705
1.55667E+12,0.994835666,2045683550,22841399111
1.55676E+12,0.995451299,2047453191,19912888967
1.55684E+12,0.991805633,2040987464,21195291821
1.55693E+12,0.992124043,2040275715,25494901228
1.55701E+12,0.996010642,2049693753,24487032206
1.5571E+12,0.994732853,2046294649,20296273130
1.55719E+12,0.994289437,2044767702,18675399337
1.55727E+12,0.993057361,2043100838,24882509338
1.55736E+12,0.99679776,2049871455,18173834234
1.55745E+12,0.998302939,2055745746,19096682610
1.55753E+12,0.999369858,2055140127,24774817111
1.55762E+12,1.002394094,2066120589,38241394555
1.55771E+12,0.998987127,2053320889,37271070568
1.55779E+12,0.998183822,2053965936,34742799578
1.55788E+12,0.998547841,2053417469,45308962630
1.55796E+12,1.001094582,2056410949,43301978193
1.55805E+12,1.000838373,2061844884,46337917311
1.55814E+12,1.001862739,2064324730,41759104406
1.55822E+12,1.00358779,2065505730,26264579666
1.55831E+12,1.002173358,2062926349,37510455695
1.5584E+12,1.004288664,2065921563,32174829524
1.55848E+12,1.002421044,2062090281,28826788867
1.55857E+12,1.000570324,2056883150,26512861258
1.55866E+12,1.001482984,2061262135,27971052180
1.55874E+12,1.001855438,2063259691,29326114735
1.55883E+12,1.001234884,2060613019,25518845173
1.55892E+12,1.007065366,2068333352,28974240293
1.559E+12,1.002196728,2061622887,34728985900
1.55917E+12,1.001698951,2060746562,30048924221
1.55926E+12,1.001799676,2062917607,38384289520
1.55935E+12,1.001582043,2060729990,33141027238
1.55943E+12,1.002064239,2062694257,29018260936
1.55952E+12,1.000876008,2058220780,28177592510
1.55961E+12,0.999660742,2050467008,29963483659
1.55969E+12,1.000426499,2056503895,31790872440
1.55978E+12,1.004187303,2061510172,30788536393
1.55987E+12,1.004833948,2068011737,26814635587
1.55995E+12,1.003515743,2067383138,28112355878
1.56004E+12,1.005258429,2068443263,24339235840
1.56012E+12,1.003070925,2065095172,26604774762
1.56021E+12,1.005771439,2067920867,28371762722
1.5603E+12,1.001400715,2066354112,27885351909
1.56038E+12,1.003690157,2064333364,27987260341
1.56047E+12,1.002651734,2061629670,28135792221
1.56056E+12,1.000464838,2062747245,29408856004
1.56064E+12,1.002749505,2064294986,28939981289
1.56073E+12,0.99972266,2061521966,33591555228
1.56082E+12,1.002253002,2060407742,32648150633
1.5609E+12,1.003941715,2069235158,31592545398
1.56099E+12,1.00326046,3570229455,29363098574
1.56108E+12,1.002778386,3576128693,31945510855
1.56116E+12,1.003841473,3573088607,36213871219
1.56125E+12,0.998515174,3562869654,47173001896
1.56133E+12,0.997920069,3557802745,36863004753
1.56142E+12,1.001396287,3564523271,33495655091
1.56151E+12,1.001562211,3564219247,38060607068
1.56159E+12,0.995475045,3539771132,56829726378
1.56168E+12,0.997279469,3552864720,57542317244
1.56177E+12,0.998257124,3551389707,47360691929
1.56185E+12,0.999890458,3561919866,45311482595
1.56194E+12,0.998522336,3535311442,42633499132
1.56203E+12,1.000979702,3561457686,44049926619
1.56211E+12,1.002573873,3566382379,44614821900
1.5622E+12,1.003909708,3577972123,44099351279
1.56228E+12,1.004560791,3570217113,38913379741
1.56237E+12,1.001615042,3559642713,36978106233
1.56246E+12,1.004231131,3579481363,35153748158
1.56254E+12,1.004528555,3577075804,33589746567
1.56263E+12,1.003111702,3564791485,39234907930
1.56272E+12,1.001933506,3562808036,46685030020
1.5628E+12,1.003311668,3576572917,53418693199
1.56289E+12,1.003846824,3576444028,49464495672
1.56298E+12,1.005304263,3576348204,40613726065
1.56306E+12,1.004838278,3571889150,39982557208
1.56315E+12,1.00267334,3542690109,42169435430
1.56324E+12,1.002621062,3570423337,49555137658
1.56332E+12,1.003474489,3563402791,45463964134
1.56341E+12,1.001095466,3566889749,47115862667
1.56349E+12,1.001079336,3579597489,46433038049
1.56358E+12,1.003134636,3570843223,41165612187
1.56367E+12,1.005743354,3558610544,40258117107
1.56375E+12,1.000764739,3563721291,37899963945
1.56384E+12,1.000298656,3560422723,38466721204
1.56393E+12,1.001698469,3565262643,39602275781
1.56401E+12,0.998684038,3566060268,39856130800
1.5641E+12,0.99871612,3562277706,36490377718
1.56419E+12,1.001956085,3567781086,33431531943
1.56427E+12,1.000442445,3561196236,37175009406
1.56436E+12,1.000091164,3563856718,32742147535
1.56444E+12,0.998820659,3549363875,32682862705
1.56453E+12,0.999662526,3560098365,34557045506
1.56462E+12,1.003228623,3569033681,36578677807
1.5647E+12,0.998409905,3555143093,37458770008
1.56479E+12,1.00147417,3566893319,37791541447
1.56488E+12,0.999332927,3558251575,35988692782
1.56496E+12,1.000237464,3566308980,36931880110
1.56505E+12,0.99875844,3558556093,43439236301
1.56514E+12,1.00184269,3559410470,42932405475
1.56522E+12,1.002402993,3570444798,41863491596
1.56531E+12,1.004251408,3572108985,38769850393
1.5654E+12,0.998054674,3553361321,39758928447
1.56548E+12,0.99883678,3554876089,39737107352
1.56557E+12,0.99991563,3562200688,37216394174
1.56565E+12,0.998333469,3555065285,35077147745
1.56574E+12,0.999179456,3558875344,37411768930
1.56583E+12,0.99881021,3550712977,41156292600
1.56591E+12,1.002600599,3562369901,46008115420
1.566E+12,1.000240989,3561947685,41792606538
1.56609E+12,1.000976526,3564813560,35268626773
1.56617E+12,0.999398566,3558947740,34526771343
1.56626E+12,1.002033458,3568209006,36693612403
1.56635E+12,0.998286953,3554933745,35168462671
1.56643E+12,1.002039619,3563674682,39649388477
1.56652E+12,1.002197174,3563292692,35678010932
1.5666E+12,0.999844196,3562709198,31831723620
1.56669E+12,0.998987622,3560666049,33327702171
1.56678E+12,1.000234234,3562179302,31490746567
1.56686E+12,0.997841701,3553464428,37977318155
1.56695E+12,0.999221593,3557859846,34179318064
1.56704E+12,1.000572396,3562514240,1.99424E+11
1.56712E+12,0.999539559,3559411912,33687050165
1.56721E+12,1.001647461,3566660525,29327864499
1.5673E+12,1.001545015,3564804964,29438620418
1.56738E+12,1.000135163,3561592035,29366233015
1.56747E+12,0.999702165,3556951793,35144330209
1.56756E+12,0.998835556,3563969411,36781309152
1.56764E+12,1.001065598,3563799094,33739513615
1.56773E+12,1.000214208,3562012431,27898111315
1.56781E+12,1.00081607,3565228317,26244293343
1.5679E+12,1.000122302,3561514297,21662890657
1.56799E+12,1.001600352,3566788495,20662935514
1.56807E+12,0.999866229,3561391946,24449656420
1.56816E+12,1.001118878,3564613949,19868520825
1.56825E+12,1.000950464,3564474189,23760976959
1.56833E+12,1.001295962,3565141786,19113516111
1.56842E+12,1.001340002,3567481703,19158935824
1.56851E+12,1.001330834,3565778733,19746511246
1.56859E+12,1.000367462,3562326505,17756715649
1.56868E+12,0.999479668,3559922682,21023597739
1.56876E+12,1.000712225,3562997837,22455074367
1.56885E+12,0.998800104,3557012140,23090871334
1.56894E+12,1.001959617,3567341551,29087301589
1.56902E+12,1.000595172,3561583093,21353352046
1.56911E+12,0.999441005,3560308643,19171243112
1.5692E+12,0.999663163,3560059048,20183904895
1.56928E+12,0.998735302,3554410706,21295525547
1.56937E+12,1.000630279,3592832842,32311653809
1.56946E+12,1.000908924,3566197859,29175515370
1.56954E+12,1.001535608,3567657626,25741383574
1.56963E+12,1.001751732,3566364069,23117659567
1.56972E+12,1.0026235,3570432019,20545325371
1.5698E+12,1.000317168,3565873474,19048301857
1.56989E+12,1.001784147,3566140174,25847527150
1.56997E+12,1.003061434,3576099660,20854001123
1.57006E+12,1.002796939,3571074433,20855089799
1.57015E+12,1.001452144,3567220614,19572961483
1.57023E+12,1.000711079,3563728743,19298784145
1.57032E+12,1.002251232,3566839636,18892057466
1.57041E+12,1.001108371,3565105667,19605737576
1.57049E+12,1.000331502,3562270009,25559983805
1.57058E+12,0.999116465,3561393647,23361854579
1.57067E+12,1.001118863,3566136380,27325803073
1.57075E+12,1.001060821,3566273428,24995849750
1.57084E+12,0.997560591,3558783233,26069363994
1.57092E+12,1.000062038,3562687765,21445472846
1.57101E+12,1.001339084,3566190753,19731508335
1.5711E+12,1.000387591,3562469746,20481025331
1.57118E+12,1.00035586,3562701963,21493954352
1.57127E+12,1.000413909,4290643937,22778736976
1.57136E+12,1.001043771,4293271659,21017194197
1.57144E+12,1.000290115,4290053877,23001663307
1.57153E+12,1.000810608,4292394553,19614059975
1.57162E+12,1.001206368,4295335040,21726972960
1.5717E+12,1.002029694,4297893304,20519706077
1.57179E+12,1.00132228,4294516193,22592600144
1.57188E+12,1.001812381,4295912134,27816653007
1.57196E+12,1.001149474,4289829279,21576189844
1.57205E+12,1.001484357,4289720346,39805653924
1.57213E+12,0.998739576,4286032327,55987960238
1.57222E+12,0.998014726,4280403227,43087750578
1.57231E+12,0.999142113,4285238496,40864168913
1.57239E+12,1.000054419,4290299220,39273058912
1.57248E+12,1.000385472,4290571164,36077163963
1.57257E+12,0.999806238,4295520275,35532580746
1.57265E+12,1.000921749,4292402329,32143190076
1.57274E+12,1.001948546,4297274004,37020985766
1.57283E+12,1.000567292,4291350975,35606245350
1.57291E+12,1.001498195,4292440544,36846094171
1.573E+12,0.999377339,4286247362,35016718661
1.57308E+12,0.999998245,4288910378,32499542400
1.57317E+12,1.000275803,4290025664,32029646985
1.57326E+12,0.998186567,4281140241,32889531256
1.57334E+12,0.999754463,4287864817,24322997830
1.57343E+12,1.000070916,4283684765,29388838135
1.57352E+12,0.999498475,4286569551,27167436432
1.5736E+12,1.001281074,4294412325,27295538643
1.57369E+12,0.998931914,4282553701,23557537653
1.57378E+12,0.999099659,4281715107,26038460288
1.57386E+12,0.999950942,4288170791,29250394794
1.57395E+12,1.001164927,4294415723,21907019694
1.57404E+12,1.00115151,4292153694,24109469983
1.57412E+12,1.000052818,4289846714,28356386247
1.57421E+12,1.000323877,4290414178,26197290938
1.57429E+12,1.000261816,4288809725,23864504728
1.57438E+12,1.000995174,4292424387,29584385319
1.57447E+12,1.000966721,4307290447,42906098775
1.57455E+12,1.000324686,4292479948,26505424422
1.57464E+12,0.999942843,4293854079,26761650456
1.57473E+12,1.000705801,4293965831,36734741082
1.57481E+12,0.999948529,4290698536,26889139669
1.5749E+12,0.998244421,4285167649,30591386806
1.57499E+12,1.00065352,4292216045,22857515725
1.57507E+12,0.999634526,4286771769,24099380305
1.57516E+12,1.000282123,4286494287,19383832516
1.57524E+12,1.0002093,4288996420,23688721937
1.57533E+12,1.000254916,4289905360,19906240091
1.57542E+12,0.998769615,4286019192,17978581742
1.5755E+12,0.999958337,4287650291,26076009963
1.57559E+12,1.000548822,4283121716,23549639361
1.57568E+12,1.001162163,4288527224,20773814305
1.57576E+12,0.999323786,4285244211,17694479339
1.57585E+12,0.998546573,4284190124,18021228132
1.57594E+12,0.999954291,4288018634,20265072717
1.57602E+12,0.99938021,4287290647,19627445983
1.57611E+12,0.998870289,4285078169,18295188578
1.5762E+12,0.99918409,4291936961,20234407854
1.57628E+12,0.999309852,4285342719,19210398969
1.57637E+12,0.999728068,4287222688,20532566792
1.57645E+12,0.99922356,4285886685,19531688422
1.57654E+12,0.999894964,4291385778,25604257515
1.57663E+12,1.000087162,4297263156,29628496619
1.57671E+12,1.000863574,4294101802,39441541699
1.5768E+12,1.000670391,4290171199,25115083577
1.57689E+12,1.000634372,4292182606,24999882712
1.57697E+12,1.000753321,4291227632,19640631770
1.57706E+12,1.001864838,4299511702,26319649536
1.57715E+12,0.999322378,4295666751,31581344213
1.57723E+12,1.00104045,4288724782,27670400828
1.57732E+12,1.000344023,4288721465,25299966600
1.5774E+12,1.000068249,4289428178,26597921314
1.57749E+12,0.999859487,4291565866,27571086948
1.57758E+12,0.999294293,4285608436,24623175200
1.57766E+12,0.999734927,4287781030,25074340447
1.57775E+12,0.998271745,4281011671,25345399272
1.57784E+12,0.999366449,4285941695,23700467689
1.57792E+12,0.999507821,4286266485,20511330407
1.57801E+12,0.999983203,4288898575,22785123516
1.5781E+12,0.998661401,4283023028,34359766806
1.57818E+12,0.999594694,4287220841,23242310023
1.57827E+12,0.999073172,4281391701,25499195569
1.57836E+12,0.998182787,4285344129,32170855517
1.57844E+12,0.997681337,4279309317,38566149173
1.57853E+12,0.996536682,4273984481,41309963724
1.57861E+12,0.999479428,4286942072,31855695068
1.5787E+12,0.999865523,4288341143,39342110025
1.57879E+12,0.997525374,4273319340,34614915678
1.57887E+12,1.000168132,4281347850,29450782376
1.57896E+12,0.998552525,4282360330,29491433580
1.57905E+12,0.998848852,4278526948,70376678351
1.57913E+12,0.999401936,4286133433,57728408600
1.57922E+12,0.998319726,4277820758,44913821772
1.57931E+12,0.995787458,4279860810,52914761703
1.57939E+12,0.997552986,4277817642,49212911786
1.57948E+12,0.996951327,4282607058,49853909285
1.57956E+12,0.998303032,4281327773,34635136455
1.57965E+12,0.997711674,4283473428,32056660167
1.57974E+12,0.998593701,4282886404,30662512552
1.57982E+12,1.00098991,4279582980,35688764491
1.57991E+12,0.999097348,4289750201,37805953713
1.58E+12,0.998749599,4283647991,31241223289
1.58008E+12,0.999417653,4285728294,36708874105
1.58017E+12,0.997320268,4277424754,49516047673
1.58026E+12,0.998579722,4295159219,58290792407
1.58034E+12,0.995918811,4276714294,57787218862
1.58043E+12,1.00010715,4277899663,65338196683
1.58052E+12,0.994972325,4277278308,63083137864
1.5806E+12,0.997756984,4279297792,62333602428
1.58069E+12,0.998671944,4285631682,70633299957
1.58077E+12,1.000870943,4291651783,72074860986
1.58086E+12,0.997921339,4279687870,69616898293
1.58095E+12,0.998020152,4281286726,83367665667
1.58103E+12,0.997937262,4280165006,89456430447
1.58112E+12,0.99909266,4283434129,89855187101
1.58121E+12,0.998724028,4283445364,93961336140
1.58129E+12,1.003790143,4304246879,1.00946E+11
1.58138E+12,1.001175067,4293957672,1.06353E+11
1.58147E+12,0.999882581,4288414306,46750756587
1.58155E+12,0.999670092,4276982478,57978692410
1.58164E+12,0.999066783,4279251913,71399518928
1.58172E+12,0.998751366,4283562617,65602990736
1.58181E+12,0.999850991,4282126676,70029696426
1.5819E+12,0.998739253,4287194543,55975123556
1.58198E+12,1.003152441,4296553112,64384114671
1.58207E+12,0.99891629,4285326171,70299261237
1.58216E+12,0.998576379,4282876600,65196416436
1.58224E+12,1.000023173,4287659835,72007263155
1.58233E+12,0.99837798,4286189910,43693281117
1.58242E+12,0.999835091,4285130709,37409628165
1.5825E+12,1.000592087,4294456127,44933931791
1.58259E+12,1.001962062,4289228245,50814470266
1.58268E+12,0.998177585,4284267567,48218794419
1.58276E+12,0.999237075,4279357851,60222173759
1.58285E+12,0.999717946,4290501477,53511612145
1.58293E+12,1.000058291,4284583526,50928255293
1.58302E+12,0.998754675,4281707678,39523155375
1.58311E+12,1.001386425,4287586058,40679056015
1.58319E+12,1.000332897,4287612679,62844694240
1.58328E+12,1.000839332,4290848897,69962062115
1.58337E+12,1.001648581,4294158069,43525699047
1.58345E+12,0.999044078,4283452585,46015872915
1.58354E+12,1.000406496,4292195690,48040883409
1.58363E+12,1.001070102,4288082507,44669108239
1.58371E+12,0.995900127,4262796415,41092822471
1.5838E+12,1.003454967,4299840153,60711640592
1.58388E+12,1.000529905,4301130617,47930121433
1.58397E+12,0.998816799,4311456649,45304260520
1.58406E+12,0.987292401,4308381652,65370235005
1.58414E+12,1.012290446,4340812840,92226829877
1.58423E+12,0.992663599,4271079465,39487890716
1.58432E+12,1.001145895,4293832554,41647999561
1.5844E+12,1.005486286,4317599420,50934758343
1.58449E+12,1.001779691,4306583145,44460007814
1.58458E+12,1.002219989,4231721926,43824087657
1.58466E+12,1.001393376,4294893981,59937178588
1.58475E+12,1.004791713,4342066152,65487737812
1.58484E+12,0.998394964,4274759423,50189758584
1.58492E+12,0.998284356,4298879010,45666848649
1.58501E+12,1.002244158,4298542913,53286026951
1.58509E+12,0.999569292,4287070634,53554483664
1.58518E+12,1.000935059,4304355951,47596191600
1.58527E+12,1.004372138,4300196109,39180907040
1.58535E+12,0.999146926,4285259142,39075047613
1.58544E+12,1.000637312,4291651285,41891748335
1.58553E+12,1.002326807,4298897388,32157860777
1.58561E+12,1.002949771,4303567262,43018394295
1.5857E+12,0.998493171,4282455239,37371758622
1.58579E+12,1.000337303,4298464572,40351116425
1.58587E+12,0.994714639,6308898014,54229506608
1.58596E+12,0.999921239,6345586550,44649563861
1.58604E+12,0.998742295,6341175558,38060128236
1.58613E+12,0.999864434,6357859575,34785326792
1.58622E+12,0.999974152,6348996817,56381821884
1.5863E+12,0.999376516,6337540895,55214734211
1.58639E+12,0.998996441,6342789173,49515233521
1.58648E+12,1.000047553,6351749244,43567794450
1.58656E+12,1.001752249,6360286246,51970144128
1.58665E+12,1.001413729,6358136926,38381907241
1.58674E+12,0.996086209,6360712294,43163061139
1.58682E+12,0.998971739,6342632339,48857612974
1.58691E+12,1.000621523,6353107085,41681304663
1.587E+12,0.998300203,6338368646,38885674227
1.58708E+12,1.002860221,6367320936,61976472218
1.58717E+12,1.000910784,6354943648,40776778663
1.58725E+12,0.999861364,6348280713,45490197746
1.58734E+12,1.00047381,6370176429,43089462603
1.58743E+12,1.005895328,6369201538,53459844830
1.58751E+12,1.001101831,6355845853,41986273919
1.5876E+12,1.00044352,7133234308,43904285472
1.58769E+12,0.996058575,7101969333,53558553517
1.58777E+12,1.000026741,7109426016,44001584614
1.58786E+12,0.999332738,7125314350,42857863261
1.58795E+12,1.001372483,7139857877,45033285595
1.58803E+12,1.002699938,7149322731,47193280713
1.58812E+12,1.000525339,7134423240,43595220244
1.5882E+12,0.997504706,7692068637,75958226743
1.58829E+12,0.999778795,7699585322,84999917731
1.58838E+12,1.001514108,7792729873,55197921797
1.58846E+12,1.002754518,7801751804,47700364821
1.58855E+12,1.000970079,7820865420,55765464907
1.58864E+12,0.998273546,7790956108,57630724245
1.58872E+12,1.000928557,7861206043,52386275320
1.58881E+12,0.999175532,7930935317,56226762724
1.5889E+12,1.001080796,8079054026,68944822444
1.58898E+12,0.998404188,8155833352,60270913930
1.58907E+12,1.000306473,8313422574,56552333549
1.58916E+12,1.001242934,8473215859,78389785216
1.58924E+12,0.999563169,8491686231,66424573913
1.58933E+12,1.001611747,8640172742,47760079592
1.58941E+12,1.000356022,8634423670,50545487123
1.5895E+12,1.002362685,8807791057,59178153297
1.58959E+12,0.999778311,8864847685,49089484778
1.58967E+12,0.998853388,8887329333,40618057110
1.58976E+12,1.001998151,8975796528,42084041224
1.58985E+12,0.99750854,8946398316,46748899696
1.58993E+12,0.997821929,8925141349,43209788533
1.59002E+12,0.999318822,8949763768,41243470468
1.59011E+12,0.998120072,8937031687,43225592718
1.59019E+12,0.999510682,8904835043,32937533708
1.59028E+12,0.998406493,8912893844,30552160156
1.59036E+12,0.994110104,8973070176,34920026491
1.59045E+12,1.000571839,9005148940,34013862996
1.59054E+12,1.000043239,9000991564,29617065031
1.59062E+12,1.000180495,9015071778,31322648591
1.59071E+12,1.000313341,9034880313,34797264724
1.5908E+12,0.999309495,9046743741,33620246092
1.59088E+12,1.001617083,9107846025,37235543390
1.59097E+12,0.999324967,9087003496,32627799632
1.59106E+12,1.009693847,9131206431,34048708842
1.59114E+12,0.998623988,9212094571,42872995283
1.59123E+12,0.999446284,9223480386,29442673058
1.59132E+12,0.999919605,9264926474,30187602640
1.5914E+12,0.998482464,9267985509,28734958999
1.59149E+12,0.999133513,9281349701,22910480211
1.59157E+12,0.999774007,9304968055,28210803967
1.59166E+12,1.00038364,9330982637,24172777707
1.59175E+12,0.999369609,9350784918,26552439421
1.59183E+12,1.000541663,9408692693,27388578284
1.59192E+12,0.999709829,9436245877,38003904519
1.59201E+12,1.000282952,9486299303,28744857527
1.59209E+12,0.999821496,9481923030,23355108349
1.59218E+12,0.998945374,9493593133,22865446154
1.59227E+12,1.001591081,9518736918,35039555237
1.59235E+12,0.999507005,9544643009,26639060170
1.59244E+12,1.000052013,9549847480,20909232571
1.59252E+12,0.999443949,9574951885,18625870198
1.59261E+12,0.999887208,9614392470,22376136141
1.5927E+12,0.999588954,9627169919,17480394344
1.59278E+12,1.000403984,9622223222,17419231016
1.59287E+12,0.99993471,9630499943,22699390532
1.59296E+12,0.999710565,9601992527,20664373417
1.59304E+12,1.000983522,9615414191,23155567662
1.59313E+12,1.000437308,9592877640,20789038541
1.59322E+12,0.999167465,9629325844,20393765143
1.5933E+12,0.999710716,9638700261,19436079384
1.59339E+12,1.000774335,9634384875,17870128211
1.59348E+12,1.000180499,9628668055,18799274675
1.59356E+12,1.000977444,9637841653,17274516831
1.59365E+12,1.000343372,9639104881,18550074179
1.59373E+12,0.999796193,9647929508,17977098574
1.59382E+12,0.999322431,9643357747,16321674173
1.59391E+12,1.000142478,9704261208,16029612920
1.59399E+12,1.000611405,9708811153,16567482578
1.59408E+12,1.001033645,9712908096,25444931939
1.59417E+12,1.000825749,9734760496,19384001353
1.59425E+12,0.998890774,9736967713,22921524145
1.59434E+12,0.999830639,9783869273,20256549938
1.59443E+12,0.99985745,9803667487,17302019437
1.59451E+12,0.99988363,9824421803,15114579704
1.5946E+12,0.999738479,9823245541,16323711435
1.59468E+12,0.999953767,9848359866,19668542757
1.59477E+12,0.999646721,9845335827,18335355882
1.59486E+12,0.998741983,9858754629,16408360294
1.59494E+12,0.999882382,9880260498,18648706543
1.59503E+12,0.999897295,9880407857,15220945795
1.59512E+12,1.000236941,9884364193,14258134178
1.5952E+12,1.000195876,9913964260,15535523295
1.59529E+12,1.000156455,9913573515,17854702862
1.59538E+12,1.000215344,9921658840,19597893160
1.59546E+12,1.001198523,10016213022,18165018452
1.59555E+12,0.99929192,10062892351,19021249993
1.59564E+12,1.000437121,10162563058,19953796003
1.59572E+12,0.999789253,10213180914,23254711181
1.59581E+12,1.000130986,10216671824,26864814369
1.59589E+12,0.994901743,10163253370,39319586341
1.59598E+12,1.000034711,10472196877,34821890824
1.59607E+12,0.997848734,10617855494,28422173044
1.59615E+12,1.000772717,10707864336,28117378155
1.59624E+12,0.999825831,10778488967,27673049712
1.59633E+12,1.000382339,10941249519,35103857611
1.59641E+12,0.999685275,11062349222,40139374760
1.5965E+12,0.999690952,11118634671,28941879576
1.59659E+12,0.999922849,11182209135,28762359114
1.59667E+12,1.002225666,11252929576,27504907872
1.59676E+12,1.000232877,11334228794,27830621832
1.59684E+12,1.001861866,11495140100,31470497321
1.59693E+12,1.000347256,11578515769,25882723936
1.59702E+12,0.999929028,11650317902,26752535463
1.5971E+12,1.000243294,11698790362,34055074963
1.59719E+12,1.002243953,11858746978,35736281859
1.59728E+12,1.000761214,11896892578,34892410681
1.59736E+12,1.000956564,12000642229,38251376245
1.59745E+12,1.00165863,12238797983,33091182634
1.59754E+12,0.99778561,12215059078,34427440251
1.59762E+12,1.000542468,12248808991,32550433816
1.59771E+12,1.000052271,12392582270,37455083630
1.5978E+12,0.999918209,12603054668,38397719107
1.59788E+12,0.999319729,12605339230,36401433568
1.59797E+12,1.001339743,12660117157,33184899864
1.59805E+12,1.000171572,12762557154,39741010255
1.59814E+12,0.999824858,12812234222,33313211681
1.59823E+12,1.000163787,12830042987,30892345718
1.59831E+12,1.000568114,12895083176,31753309180
1.5984E+12,1.000121657,12865507394,37747754073
1.59849E+12,1.000424552,12858452039,34806112585
1.59857E+12,1.000734366,13028548270,34566522791
1.59866E+12,1.001071743,13129348617,30966170779
1.59875E+12,1.000327765,13302097288,31856478490
1.59883E+12,0.999699809,13324009301,34995843752
1.59892E+12,0.999523909,13325296847,35149377247
1.599E+12,1.000448097,13442714264,43238751764
1.59909E+12,0.999679851,13625399575,43203111186
1.59918E+12,0.994584291,13682958086,42325734952
1.59926E+12,1.000524957,13944291390,46189183373
1.59935E+12,1.004826419,14146895239,53094244103
1.59944E+12,1.000763841,14156780888,47558729227
1.59952E+12,1.000277846,14155492387,43620239194
1.59961E+12,1.003078588,14249894735,41522196714
1.5997E+12,0.999868363,14336176673,35189730702
1.59978E+12,0.999983424,14437687574,43935764281
1.59987E+12,1.000349439,14583424054,35346029129
1.59996E+12,1.000341551,14699656954,34624098988
1.60004E+12,1.000765211,14726592942,36241617625
1.60013E+12,1.001007196,14728080925,39656336900
1.60021E+12,1.000209882,14927227968,38756861577
1.6003E+12,1.000180456,14957143001,39579829044
1.60039E+12,1.000952383,15065278642,40146468290
1.60047E+12,1.000576327,15138915465,39379267436
1.60056E+12,1.000174597,15212009141,33335946546
1.60065E+12,1.002401442,15210458847,33781763221
1.60073E+12,1.000046165,15210934527,41573547147
1.60082E+12,1.00054701,15207247917,33999511557
1.60091E+12,0.999488323,15239262469,32234446705
1.60099E+12,0.999648344,15232006517,35072281091
1.60108E+12,0.99976179,15198008748,31993619553
1.60116E+12,1.000151081,15280949125,28820863360
1.60125E+12,0.99939023,15354889137,29307720522
1.60134E+12,1.000088725,15395506651,31026546673
1.60142E+12,1.001151972,15466015672,30129035766
1.60151E+12,1.000519086,15517416775,28716486086
1.6016E+12,0.999917289,15506096330,32284651454
1.60168E+12,1.001150098,15559126338,33247155372
1.60177E+12,1.000496455,15593659414,25056972872
1.60186E+12,1.000064181,15582073682,25078715306
1.60194E+12,0.999778961,15613470199,26988928629
1.60203E+12,1.000878336,15620630276,31332353955
1.60212E+12,1.000089546,15615309939,27990241489
1.6022E+12,1.000031773,15613856025,30899909593
1.60229E+12,1.000977898,15629093673,31230457377
1.60237E+12,0.999384123,15705291453,31103442135
1.60246E+12,0.999938861,15726508389,26967741737
1.60255E+12,0.999466632,15719081417,32385321214
1.60263E+12,1.000110034,15749202701,31104948901
1.60272E+12,1.000474522,15757276435,30922872467
1.60281E+12,0.998818609,15765787579,30259351504
1.60289E+12,1.000567927,15784964725,29426226652
1.60298E+12,1.000352624,15818540295,23144276109
1.60307E+12,1.001066616,15839841300,23155968890
1.60315E+12,0.999846978,15836240611,24207650510
1.60324E+12,1.001399531,15885590091,25885638599
1.60332E+12,0.981837469,15988638518,31335051767
1.60341E+12,0.998117561,16037428576,32926083271
1.6035E+12,1.000360426,16147555998,29920135253
1.60358E+12,1.000056142,16243349992,26528327915
1.60367E+12,1.000080055,16280341320,25216008426
1.60376E+12,1.000327786,16338115219,35365172506
1.60384E+12,1.00116023,16394460872,30794835443
1.60393E+12,0.999617277,16441266716,35017855628
1.60402E+12,1.000945699,16516066040,30534072185
1.6041E+12,0.999614371,16532183808,32067020215
1.60419E+12,0.997788585,16623463029,28108751849
1.60428E+12,0.997339098,16616270865,24738101276
1.60436E+12,0.999082623,16660305272,30323951754
1.60445E+12,1.00043908,16672806891,27767959285
1.60453E+12,1.000033063,16761357256,32152003554
1.60462E+12,1.002376182,16904673927,39163578587
1.60471E+12,1.000310626,16997171289,43510835202
1.60479E+12,1.002159582,17169790620,43124008602
1.60488E+12,1.00017788,17204850807,31316950435
1.60497E+12,1.000941523,17283048043,36209564648
1.60505E+12,0.997111934,17296592567,30413028371
1.60514E+12,0.998715174,17440423455,32189787693
1.60523E+12,1.000184796,17556236318,32602360313
1.60531E+12,1.001255273,17712127062,31742675285
1.6054E+12,1.00178004,17860345299,28619602670
1.60548E+12,1.003021021,17926838683,26040137068
1.60557E+12,1.000270564,17856049825,31674188936
1.60566E+12,1.001820292,17988127397,40078699659
1.60574E+12,1.000249217,18029086889,49101779955
1.60583E+12,1.000393593,18128126546,40154707936
1.60592E+12,0.999852258,18189806447,40703813948
1.606E+12,0.997815741,18341344302,54698161931
1.60609E+12,0.997206484,18423982371,59071231388
1.60618E+12,0.997796117,18468867452,61758112032
1.60626E+12,0.998062716,18624333607,74898919468
1.60635E+12,0.997326621,18610597716,56164630316
1.60644E+12,1.000329317,18979461069,81120761697
1.60652E+12,1.002736118,19015542987,50716411874
1.60661E+12,0.999182394,19028717336,43889167310
1.60669E+12,1.000623357,19127804081,41391835038
1.60678E+12,0.998255007,19100000432,56688978353
1.60687E+12,0.994793583,19258843705,63527547983
1.60695E+12,0.999090543,19392984903,47889212627
1.60704E+12,1.001261615,19453232188,39841762132
1.60713E+12,1.003986798,19616345385,43718444845
1.60721E+12,1.001683319,19673710812,39025341308
1.6073E+12,1.001336845,19692101877,34949028389
1.60739E+12,1.000365228,19695202345,34758671979
1.60747E+12,0.99817029,19756413071,38931773030
1.60756E+12,1.000598244,19731593806,48478209602
1.60764E+12,1.000863184,19775400468,36868153695
1.60773E+12,0.999957612,19774158324,39300262409
1.60782E+12,0.998793653,19799083141,33920748217
1.6079E+12,0.999157938,19824289197,35716330657
1.60799E+12,0.999592233,19832906051,31906308925
1.60808E+12,0.999773209,19756381668,34912750509
1.60816E+12,0.998546564,19757024760,50622191919
1.60825E+12,0.997295309,19949736008,80217750873
1.60834E+12,0.998875325,20022296287,55476232084
1.60842E+12,0.998295648,20082054875,50813884203
1.60851E+12,1.002809799,20363396934,50642166156
1.6086E+12,1.002029794,20352568043,56045236103
1.60868E+12,1.001961639,20473741651,56285751886
1.60877E+12,1.004012643,20559034245,65223503054
1.60885E+12,1.002382623,20588104978,58339107535
1.60894E+12,1.002935721,20750908442,55538895733
1.60903E+12,1.002081207,20763290845,56722879091
1.60911E+12,1.001305123,20803077157,72620203806
1.6092E+12,1.00205874,20856035046,59541015355
1.60929E+12,1.001223731,20873380060,57716128688
1.60937E+12,1.001564488,20920738589,56031648978
1.60946E+12,1.000052065,20934027063,50122642446
1.60955E+12,1.001992607,21123644615,46908184580
1.60963E+12,1.003120509,21202977967,65600559358
1.60972E+12,1.000721186,21350523809,88050410444
1.6098E+12,0.999706128,21808226475,1.07934E+11
1.60989E+12,1.002747179,21938753509,94209342879
1.60998E+12,1.007831529,22300090404,1.02227E+11
1.61006E+12,1.001122976,22825440973,1.12492E+11
1.61015E+12,1.002575324,23523147664,1.16099E+11
1.61024E+12,1.005228171,23789558137,88843690834
1.61032E+12,1.002045316,24279872325,1.13187E+11
1.61041E+12,1.008518453,24476886630,1.51288E+11
1.6105E+12,1.002325278,24294673601,98641615847
1.61058E+12,1.00361855,24337321170,88304528335
1.61067E+12,0.997876356,24213693581,83470865704
1.61076E+12,1.000521961,24266793529,96992240844
1.61084E+12,1.002141058,24315907744,94463862959
1.61093E+12,0.998182351,24325253500,89790741771
1.61101E+12,1.000149869,24361784336,75752435428
1.6111E+12,0.997458103,24298711593,95230363080
1.61119E+12,0.997756308,24773996063,98400901337
1.61127E+12,1.006988054,25008394353,98500138250
1.61136E+12,1.000411815,24801327623,1.095E+11
1.61145E+12,0.998581671,24747246254,74584935867
1.61153E+12,0.999586146,24813122585,75389392522
1.61162E+12,1.000845728,24943473423,81887567859
1.61171E+12,1.003201254,25059561869,77742955151
1.61179E+12,1.002074752,25255177034,77086984668
1.61188E+12,0.998860547,25378936182,82157957941
1.61196E+12,0.995040307,25228959196,1.40263E+11
1.61205E+12,0.996505222,26260606338,87677250379
1.61214E+12,1.000889277,26460152363,77589141305
1.61222E+12,0.997456463,26539965349,87376525507
1.61231E+12,1.000929244,26737565394,86161399687
1.6124E+12,0.999919279,27040294469,80620809731
1.61248E+12,1.001396109,27464486048,96063694555
1.61257E+12,1.00204021,27816326086,88244095697
1.61266E+12,0.999377442,28318232689,88304160293
1.61274E+12,0.998733479,28564384007,1.00587E+11
1.61283E+12,1.002968119,28863249466,1.19094E+11
1.61292E+12,0.995561309,29758402439,1.20396E+11
1.613E+12,0.998018843,30256118930,1.27287E+11
1.61309E+12,0.997606548,30750705243,1.05043E+11
1.61317E+12,0.997166064,31064574294,1.07179E+11
1.61326E+12,0.998774389,31539493807,1.0824E+11
1.61335E+12,0.996301225,31950061617,98377990878
1.61343E+12,1.00017935,32119872730,1.157E+11
1.61352E+12,1.001078719,32322580881,1.01811E+11
1.61361E+12,1.00067379,32391466874,1.03048E+11
1.61369E+12,1.000289238,33157947105,97785999949
1.61378E+12,1.00634942,33750136268,1.1856E+11
1.61387E+12,1.005056461,34371952648,1.36196E+11
1.61395E+12,1.003590818,34386570526,1.14501E+11
1.61404E+12,1.005265471,34756738534,1.70202E+11
1.61412E+12,1.003709073,34896050920,1.94422E+11
1.61421E+12,1.010288565,35055733490,1.30288E+11
1.6143E+12,1.003721658,34953515263,1.02932E+11
1.61438E+12,1.00804506,35297886362,1.30683E+11
1.61447E+12,0.993995964,35019017696,93002675832
1.61456E+12,1.011355525,35168931969,1.14593E+11
1.61464E+12,1.008234193,35205221027,1.05653E+11
1.61473E+12,1.00843341,35648335235,95192365146
1.61482E+12,0.999225705,35849578088,97874443746
1.6149E+12,1.003303083,36436768967,1.06264E+11
1.61499E+12,0.9984892,36442357699,94999863455
1.61508E+12,1.001848994,36505130744,76330557959
1.61516E+12,1.00313682,36537451758,77905261747
1.61525E+12,1.000358151,36485945568,93938027402
1.61533E+12,1.002505288,36891976399,1.00528E+11
1.61542E+12,0.997083159,37294121249,1.02564E+11
1.61551E+12,1.002233495,37582370331,1.03545E+11
1.61559E+12,1.002028329,38189879217,1.04152E+11
1.61568E+12,1.001952694,38311238719,1.10975E+11
1.61577E+12,1.003703473,38391230641,89031352801
1.61585E+12,1.003035636,38533359863,1.15152E+11
1.61594E+12,1.001648242,38715432782,1.03868E+11
1.61603E+12,1.004046896,38960558816,97566273638
1.61611E+12,1.003875784,39026603881,89067622560
1.6162E+12,1.004386143,39402122651,81485059573
1.61628E+12,1.004355472,39691193064,82315556819
1.61637E+12,1.003391859,39733383315,81063542768
1.61646E+12,1.003584866,39779162452,89918317302
1.61654E+12,0.998356406,39679592731,92875884664
1.61663E+12,0.998859618,39874985486,97948362052
1.61672E+12,0.998882299,40325387954,1.05239E+11
1.6168E+12,0.99955902,40289735332,86727658289
1.61689E+12,1.00000477,40515567103,80424190877
1.61698E+12,1.003428314,40696987500,75106778250
1.61706E+12,0.99922361,40527975008,88932229089
1.61715E+12,0.999905505,40730247054,92130603672
1.61724E+12,1.000287827,40816914164,1.07713E+11
1.61732E+12,1.000735662,40835188152,1.14529E+11
1.61741E+12,1.000561052,41789686878,1.08843E+11
1.61749E+12,1.000637287,42448788686,1.13508E+11
1.61758E+12,1.000522938,42493963928,1.06097E+11
1.61767E+12,0.999328202,42544365000,1.33728E+11
1.61775E+12,1.000303106,43125054017,1.4442E+11
1.61784E+12,0.999459887,43178291901,1.51691E+11
1.61793E+12,1.001775957,43829500563,1.03502E+11
1.61801E+12,0.999502703,43883964993,94413452141
1.6181E+12,0.999258102,44559427154,1.18138E+11
1.61819E+12,1.000934681,44446295786,1.12616E+11
1.61827E+12,1.000793271,44597273099,1.23526E+11
1.61836E+12,1.001228555,45518007080,1.5242E+11
1.61844E+12,0.999671888,45928633895,1.78588E+11
1.61853E+12,0.999981197,46601536891,1.4441E+11
1.61862E+12,0.998926549,46966476338,2.32561E+11
1.6187E+12,1.001348993,47980429555,1.81717E+11
1.61879E+12,1.00058387,48440253076,2.31571E+11
1.61888E+12,0.999836913,48246126852,1.74849E+11
1.61896E+12,1.000389262,48820994301,1.75714E+11
1.61905E+12,0.997144848,49176280914,1.28777E+11
1.61914E+12,1.001102805,49655032886,1.65686E+11
1.61922E+12,1.001769538,49477553575,1.96114E+11
1.61931E+12,0.998545616,49501156853,1.08407E+11
1.6194E+12,1.003861841,50300761608,98075318189
1.61948E+12,1.000592288,50177957599,1.24925E+11
1.61957E+12,0.996849716,50288933665,1.0683E+11
1.61965E+12,1.001600446,51109245003,1.19721E+11
1.61974E+12,1.000697875,51252930927,1.07508E+11
1.61983E+12,1.001373022,51180431596,1.10626E+11
1.61991E+12,1.000547246,51679435030,1.06207E+11
1.62E+12,1.000592914,51994800962,1.02053E+11
1.62009E+12,1.001319839,52331138431,1.29965E+11
1.62017E+12,1.003531705,52279586920,1.98862E+11
1.62026E+12,0.998492436,53023829034,2.03682E+11
1.62035E+12,1.000299308,53739048757,2.13476E+11
1.62043E+12,1.001825304,54969338626,1.96217E+11
1.62052E+12,0.998844008,55472173386,1.7631E+11
1.6206E+12,1.001046267,55793170949,2.02214E+11
1.62069E+12,1.007187193,56104046205,2.05115E+11
1.62078E+12,1.000726308,56741107699,1.92573E+11
1.62086E+12,1.003191955,57651461404,1.92263E+11
1.62095E+12,0.992982559,57935084385,2.58103E+11
1.62104E+12,0.998631394,58027326445,1.75625E+11
1.62112E+12,0.995133803,58377161527,1.82414E+11
1.62121E+12,0.997646558,58715150844,1.77764E+11
1.6213E+12,1.005934752,58391640940,1.92659E+11
1.62138E+12,0.997026626,58284037564,1.6321E+11
1.62147E+12,0.994190552,58182230212,2.95373E+11
1.62156E+12,1.004576906,58467894311,2.26147E+11
1.62164E+12,0.99889748,58629178479,1.8605E+11
1.62173E+12,1.002869641,59767412544,1.40621E+11
1.62181E+12,1.001364842,59697759251,1.72755E+11
1.6219E+12,1.003080831,59790210429,1.67908E+11
1.62199E+12,1.001159962,60307482211,1.38659E+11
1.62207E+12,0.999310381,60846903801,1.23159E+11
1.62216E+12,0.999275728,61056295405,1.08509E+11
1.62225E+12,1.000630746,61346578033,1.21041E+11
1.62233E+12,0.9991616,61416977214,1.11549E+11
1.62242E+12,0.998048695,61799686629,95498961357
1.62251E+12,0.997550375,61813544731,1.06333E+11
1.62259E+12,1.002337162,62110159632,1.05833E+11
1.62268E+12,0.999472739,61905332784,97323504110
1.62276E+12,1.000328979,61834495648,86892392429
1.62285E+12,1.000645329,62160346215,1.00628E+11
1.62294E+12,1.001008706,62319635038,81173603489
1.62302E+12,1.002578234,62589210931,60531968485
1.62311E+12,1.000276265,62445503052,76174863844
1.6232E+12,1.002422628,62613679392,1.06419E+11
1.62328E+12,1.001749091,62667272868,1.00067E+11
1.62337E+12,1.003980992,63018063099,79669972988
1.62346E+12,1.000683117,62813263302,66514923299
1.62354E+12,1.004268765,63041668654,69548566118
1.62363E+12,0.999425139,62737616333,66539632554
1.62372E+12,1.001118959,62843943664,72213893676
1.6238E+12,1.002881877,62955531640,65068923450
1.62389E+12,0.998502369,62680833590,63640379590
1.62397E+12,1.002919413,62915990239,59354282651
1.62406E+12,1.000877119,62781866044,61477956089
1.62415E+12,1.004211467,63022640616,50151966978
1.62423E+12,1.001195365,62833355064,62168327233
1.62432E+12,0.997209347,62433331566,89774922720
1.62441E+12,1.004533211,62958009950,1.0316E+11
1.62449E+12,1.002821211,63059140319,76191360476
1.62458E+12,1.00219663,62965359731,62113762371
1.62467E+12,1.000703468,62770695879,69467202231
1.62475E+12,1.00316069,63630251952,65951955504
1.62484E+12,1.00180207,63238142380,58288975533
1.62492E+12,1.003851388,62957687637,63879176759
1.62501E+12,1.000417552,62662681797,69037137060
1.6251E+12,1.004459573,62778375249,66616719527
1.62518E+12,1.00163076,62764949426,60034178044
1.62527E+12,1.00432376,62826352745,50482915324
1.62536E+12,1.003225211,62773752278,45167551910
1.62544E+12,0.99514628,62252247475,44490230128
1.62553E+12,1.003829993,62795464775,51934542315
1.62562E+12,1.002526559,62673222841,53122112244
1.6257E+12,0.999837737,62500080597,48556916261
1.62579E+12,1.002675213,62650981204,55354437105
1.62588E+12,1.003341361,62597287224,50142997081
1.62596E+12,1.004324904,62625649754,39308222826
1.62605E+12,1.000960373,62447338868,32369587800
1.62613E+12,1.002396398,62544311505,39341151132
1.62622E+12,1.004131255,62625079421,39181144291
1.62631E+12,1.002607644,62311226406,44457108723
1.62639E+12,1.00306094,62399251245,42942514427
1.62648E+12,0.999707096,62114787444,40996300778
1.62657E+12,1.001775184,62276606129,35876567285
1.62665E+12,1.00261766,62544907667,34327353002
1.62674E+12,1.001920542,62305629668,38292564096
1.62683E+12,1.001945068,62179886376,42969296507
1.62691E+12,1.002535481,62271271236,55470910635
1.627E+12,1.001395952,62140538003,43428813456
1.62708E+12,1.00245312,62087552803,46110441881
1.62717E+12,1.002305085,62150298514,51078732780
1.62726E+12,1.00288563,62035298715,43060798847
1.62734E+12,1.006467533,62186756800,87720501570
1.62743E+12,1.004315108,62234987754,65488125868
1.62752E+12,0.997566322,61826846626,62045341330
1.6276E+12,1.003277129,62121870026,44227225787
1.62769E+12,1.002183436,62114781309,55481278441
1.62778E+12,1.000152517,61982505061,49381844742
1.62786E+12,1.003297148,62277717172,50790427043
1.62795E+12,1.001059927,62235948823,51360534465
1.62804E+12,1.006696486,62418179896,50117322091
1.62812E+12,0.993630132,62018887953,49828010655
1.62821E+12,1.000134712,62246711954,64426994854
1.62829E+12,1.001303248,62311902806,64400922324
1.62838E+12,1.00082333,62320920591,76343156252
1.62847E+12,1.001543384,62528591971,71557817162
1.62855E+12,1.005094116,62530992251,74432571540
1.62864E+12,0.998819552,62714116807,65194978747
1.62873E+12,1.001924139,62917564699,74371494541
1.62881E+12,1.0012358,63262016421,72065705127
1.6289E+12,0.999571554,63170658194,60466877019
1.62899E+12,1.000119416,63506317811,62758717544
1.62907E+12,1.001193837,63683568339,63903879901
1.62916E+12,0.999826978,63948326323,69259980946
1.62924E+12,1.001483038,64394092487,72440876143
1.62933E+12,1.00179992,64430838255,64659327808
1.62942E+12,1.008418505,64498000092,64949224291
1.6295E+12,1.001161379,64751172753,60897603904
1.62959E+12,1.000481283,65031061328,64032558324
1.62968E+12,1.005613441,65323477629,48676818757
1.62976E+12,1.000089194,65164646791,63450185051
1.62985E+12,1.001988624,65445282987,66526344856
1.62994E+12,1.000555508,65829983683,63803332499
1.63002E+12,0.996836866,65635362613,61483045476
1.63011E+12,1.001392676,65932440978,62528481403
1.6302E+12,1.000868876,65898684245,49534809914
1.63028E+12,1.002129229,65810347296,48188982103
1.63037E+12,0.999356846,65898199595,55804608063
1.63045E+12,1.002210207,66120214794,69335489587
1.63054E+12,1.001142739,66048068488,72109548048
1.63063E+12,0.99951555,66094643840,70543006790
1.63071E+12,0.99886494,66805863938,78221092961
1.6308E+12,0.997102198,66972242474,68373910233
1.63089E+12,1.000428818,67199682877,68724863273
1.63097E+12,0.999971447,67905439809,76606648661
1.63106E+12,1.001530777,68079879671,1.32982E+11
1.63115E+12,1.003511361,69440355785,1.06096E+11
1.63123E+12,1.003760235,69442556613,87350426697
1.63132E+12,0.9989845,69151319363,78831937625
1.6314E+12,1.002384219,69259977035,68482616890
1.63149E+12,1.010674085,70052465366,63775009073
1.63158E+12,1.002465958,69480907311,84213619419
1.63166E+12,1.003170062,69533002536,67613192901
1.63175E+12,1.001199046,69396384925,60094137366
1.63184E+12,1.001822845,69516780239,65963229618
1.63192E+12,1.004573322,69622935588,57809831017
1.63201E+12,1.002295743,69503703943,53536342231
1.6321E+12,1.00362861,69596130937,52644305155
1.63218E+12,1.000241033,69521719398,91314255997
1.63227E+12,0.991877794,69104773859,85808893181
1.63236E+12,1.000755358,69542040676,73738822420
1.63244E+12,1.001312818,69524647805,63721474412
1.63253E+12,1.000041255,69909498276,85090629608
1.63261E+12,1.002862238,69690920737,63422704209
1.6327E+12,1.003592217,69683532761,71047794719
1.63279E+12,0.994717608,69173287077,64944551950
1.63287E+12,0.996852215,69339344817,59357602146
1.63296E+12,1.003546353,69575416297,58421886323
1.63305E+12,1.001963927,69520021606,59373450629
1.63313E+12,1.002294117,69067396367,76546216712
1.63322E+12,1.002970432,69069226755,63059657751
1.63331E+12,1.002178811,69113874336,56279115641
1.63339E+12,1.001918387,69149565679,68459935986
1.63348E+12,1.00231366,69039446923,71994085697
1.63356E+12,1.000213451,68940330351,90730364995
1.63365E+12,1.001979349,69153679449,84443307841
1.63374E+12,1.001943146,69269803971,74432424237
1.63382E+12,1.001847549,69272618744,64931192052
1.63391E+12,1.001271244,69282890260,65362047383
1.634E+12,1.003646564,69739533709,71922119606
1.63408E+12,1.001712579,69705691584,66146145970
1.63417E+12,1.002837262,69800578221,70010581414
1.63426E+12,1.000940781,69638061210,62076369115
1.63434E+12,1.000900563,69586865296,82702631102
1.63443E+12,1.002779493,70147619753,62084141023
1.63452E+12,1.002845304,69917271306,51134503343
1.6346E+12,1.000376743,70074600269,61874874893
1.63469E+12,1.003872526,69936270371,57284066108
1.63477E+12,0.999964471,70104463102,62546170873
1.63486E+12,0.998323278,70426351670,77111048380
1.63495E+12,1.004037909,70699830054,69604343930
1.63503E+12,1.005143056,70792324588,52758017830
1.63512E+12,1.004773536,70679207195,61643865816
1.63521E+12,1.004107855,70815319785,61843552131
1.63529E+12,1.000489538,70895565805,70732310467
1.63538E+12,1.001533833,70922567495,1.11079E+11
1.63547E+12,1.002488718,71063969239,1.19751E+11
1.63555E+12,1.001938653,71315484748,83396711625
1.63564E+12,1.002382553,71422333863,76041095793
1.63572E+12,0.999998572,71151207597,81300388759
1.63581E+12,1.001456858,71240202916,78383184025
1.6359E+12,1.004493833,71354969505,9.26768E+11
1.63598E+12,1.002130632,71984975485,1.29462E+11
1.63607E+12,1.004365816,72351970648,80429821680
1.63616E+12,1.004264994,73061551589,69935661472
1.63624E+12,1.003714708,72974381348,62148931495
1.63633E+12,1.005385304,73749377877,51023872197
1.63642E+12,1.000475561,74778838818,76474192227
1.6365E+12,1.001148896,74780223271,85948918160
1.63659E+12,1.005008783,75077270862,1.02308E+11
1.63668E+12,1.000689181,74954116805,75932344480
1.63676E+12,1.005497569,74984703284,77462009060
1.63685E+12,1.004165878,75044087945,59295211826
1.63693E+12,1.007390252,75139550993,49557582733
1.63702E+12,1.001877264,74842834674,58835988895
1.63711E+12,1.002441842,74574774698,90751452817
1.63719E+12,1.006862842,74996127428,76647805465
1.63728E+12,1.002494787,74839689103,84042430207
1.63737E+12,1.008138894,74229030617,73979354358
1.63745E+12,1.005691727,74321124405,61220689907
1.63754E+12,1.003002701,74291815408,59845824444
1.63763E+12,1.000223854,73928379180,70612347652
1.63771E+12,1.001457445,73494502902,79498269971
1.6378E+12,1.000646258,73474319800,78690316489
1.63788E+12,0.998101272,73352503175,83182243896
1.63797E+12,1.000233222,73748556194,93703953175
1.63806E+12,1.001056545,73949327614,65174231893
1.63814E+12,0.999079204,73995047440,64696459404
1.63823E+12,0.999671247,74251120217,64422285127
1.63832E+12,0.9984957,74252385372,77903647941
1.6384E+12,1.00023919,75043097238,71739462615
1.63849E+12,0.997743394,74875807714,66463745821
1.63858E+12,1.00051643,75168454210,80036898640
1.63866E+12,1.000746467,75212215911,1.16527E+11
1.63875E+12,1.001361425,76606478055,70119447909
1.63884E+12,0.999820251,76491283331,82163517271
1.63892E+12,1.001477735,77389032829,65907345019
1.63901E+12,0.999845668,77339876908,59743800235
1.63909E+12,0.998098394,77154353572,59523661456
1.63918E+12,0.996447036,76862460768,60222119617
1.63927E+12,1.000130861,77193390368,52283713492
1.63935E+12,0.999384956,77362822149,41144647497
1.63944E+12,0.9974936,77266043808,60765150718
1.63953E+12,1.002128817,77456641506,66074380690
1.63961E+12,1.000253274,77674023096,71759566149
1.6397E+12,0.999459543,77032025806,54989839084
1.63979E+12,0.998387253,77305287658,66684874882
1.63987E+12,0.999904914,77309517760,56360326799
1.63996E+12,0.998636639,77211484120,50252938999
1.64004E+12,1.003115435,77830601891,65225513646
1.64013E+12,1.002307839,77545654776,53808596865
1.64022E+12,1.001359618,77453048547,52919369147
1.6403E+12,1.002993961,77464257577,61609424092
1.64039E+12,1.003063812,77872284861,54356891469
1.64048E+12,1.0011658,78082501156,44025539295
1.64056E+12,1.001877026,78137948111,45377838494
1.64065E+12,1.000567864,78035844533,48864847059
1.64074E+12,1.000460148,78185516708,64358413847
1.64082E+12,1.002275417,78072057580,55583893985
1.64091E+12,1.001336372,78441569755,48868049781
1.641E+12,0.998582207,78396945715,49196717111
1.64108E+12,1.005623594,78778422990,38101900235
1.64117E+12,1.000483441,78481342990,35584063770
1.64125E+12,1.000962964,78388221317,49571178475
1.64134E+12,0.998683448,78502373121,52215823894
1.64143E+12,1.003024397,78772213379,66142943859
1.64151E+12,1.001171442,78639572254,61506467926
1.6416E+12,1.002094804,78498478180,76248643218
1.64169E+12,0.997693089,78296609765,54020042908
1.64177E+12,0.999475668,78054241928,43865832492
1.64186E+12,1.001096418,78481657327,61684214451
1.64195E+12,1.000418413,78555065237,62955340039
1.64203E+12,1.000972444,78482021770,51924932038
1.64212E+12,0.999478513,78355483483,51257929069
1.6422E+12,1.000893867,78464443412,50376244119
1.64229E+12,0.999764362,78324639023,36607366340
1.64238E+12,1.000303512,78423364533,37225946174
1.64246E+12,1.002109407,78444685550,45484203025
1.64255E+12,1.000021974,78383467334,46772567826
1.64264E+12,0.998961173,78380618748,44980654362
1.64272E+12,1.000074752,78282598757,46245235379
1.64281E+12,0.999263731,78144826788,79895239035
1.6429E+12,1.00251203,78448336905,85185402829
1.64298E+12,0.999979782,78310182894,56471809484
1.64307E+12,1.005231939,78669518056,80137055338
1.64316E+12,1.001427966,78269272661,53644306755
1.64324E+12,1.001630152,78752828372,60759985595
1.64333E+12,1.007037932,78718773466,50779345547
1.64341E+12,1.00183457,78249351193,45928958736
1.6435E+12,1.003155835,78366901631,34858716524
1.64359E+12,1.001870256,78198382293,30309259658
1.64367E+12,1.001617419,78062781790,37880065303
1.64376E+12,1.001444587,78016936425,36738926224
1.64385E+12,1.001936169,78038075904,38064751930
1.64393E+12,1.001402213,78064010106,36776101831
1.64402E+12,1.005529503,78063205577,50685760562
1.64411E+12,1.000455591,78062854578,43588245322
1.64419E+12,1.000352332,78163472784,33266025688
1.64428E+12,1.001298762,78096593702,54365206255
1.64436E+12,1.00145483,78040221425,60947743992
1.64445E+12,1.001174307,78012911279,46432189641
1.64454E+12,1.001656567,78515301962,59989477769
1.64462E+12,1.002044963,78510632875,51966812957
1.64471E+12,1.002000864,78531121017,39233603348
1.6448E+12,1.001159995,78636273860,31004587960
1.64488E+12,1.001155967,78558940144,38881809504
1.64497E+12,0.999550998,78623518666,42565819143
1.64506E+12,1.000756655,78732790424,38282719860
1.64514E+12,1.001063284,78772769798,46341543318
1.64523E+12,1.000417303,78727591077,40751384130
1.64532E+12,1.002343956,79138436958,28774290104
1.6454E+12,1.001046039,79163080615,34349093216
1.64549E+12,1.001924032,79390647858,51529444154
1.64557E+12,0.999526569,79377609211,46543371877
1.64566E+12,1.001959662,79629945704,42296974020
1.64575E+12,1.001155924,79631571239,82085176750
1.64583E+12,1.002486162,79474403713,51572337442
1.64592E+12,1.002471503,79679402405,36450975758
1.64601E+12,1.002536043,79854422104,43608439457
1.64609E+12,1.000104,79537958060,58228899349
1.64618E+12,0.999390353,79425591344,59260916137
1.64627E+12,1.001225006,79854759317,54698413126
1.64635E+12,1.000902648,79609484426,48949394776
1.64644E+12,1.001543089,79843809462,55857406540
1.64652E+12,1.00163834,79862020238,40346648680
1.64661E+12,1.000957274,80091190392,40268847177
1.6467E+12,1.000055086,79896920564,53909005590
1.64678E+12,1.000162523,80070927071,51012477503
1.64687E+12,1.000196206,80044018130,54786660759
1.64696E+12,1.000991473,80042053180,54043624748
1.64704E+12,0.999571645,80132712134,47548003128
1.64713E+12,0.999966506,80116438308,29810718667
1.64722E+12,1.00070951,80129528500,32010808554
1.6473E+12,0.999705011,80072305020,41243569480
1.64739E+12,1.000270188,80062438312,41933112358
1.64748E+12,1.00089597,80082861271,58480673201
1.64756E+12,1.001182885,80158683653,41525704847
1.64765E+12,1.001323815,80532285250,47704991188
1.64773E+12,1.000233724,80740243739,41718338152
1.64782E+12,0.999705665,80827449077,41659828611
1.64791E+12,1.000216157,80724926155,48077040242
1.64799E+12,0.999609748,80845440415,54922193566
1.64808E+12,0.998348027,80751116254,49806641102
1.64817E+12,0.999615284,80927589777,57449889703
1.64825E+12,0.999732975,81291023435,54358882016
1.64834E+12,0.999515691,81304845677,33541378469
1.64843E+12,0.998782298,81196385911,47314345459
1.64851E+12,0.99771019,81349955673,68760231989
1.6486E+12,0.999741522,81664851060,64361346393
1.64868E+12,0.999394057,81930453189,63808614297
1.64877E+12,1.000807795,82044965080,71216398928
1.64886E+12,1.000279605,82105881308,75778712620
1.64894E+12,0.999644575,82272678352,64785681630
1.64903E+12,1.000689209,82388674421,54545569031
1.64912E+12,1.000596092,82449008616,65141274081
1.6492E+12,1.000874521,82412689459,59834020421
1.64929E+12,0.99976908,82422893105,79495709485
1.64938E+12,1.000214931,82509660677,56302450091
1.64946E+12,1.000854437,82582177981,58600559398
1.64955E+12,1.000629159,82608650899,37078489713
1.64964E+12,1.000923537,82714703438,37485416839
1.64972E+12,1.000951027,82634863680,64848734795
1.64981E+12,1.00152177,82881751671,62450044404
1.64989E+12,1.001569178,82736682157,52779464628
1.64998E+12,1.001228537,82795954521,48379418415
1.65007E+12,1.000518261,82766275586,39858532328
1.65015E+12,1.000958448,82797938661,31915932062
1.65024E+12,1.000891938,82811298303,35874456218
1.65033E+12,1.000781019,82792973865,62683460754
1.65041E+12,0.999665853,82787027489,52203857295
1.6505E+12,0.999994621,83021908772,58792094905
1.65059E+12,1.000616324,83120398074,68187502636
1.65067E+12,1.000141269,83182809348,55616984621
1.65076E+12,1.001014268,83198500617,35138284204
1.65084E+12,1.000218593,83221428016,35477151595
1.65093E+12,1.000162257,83139688331,66371722905
1.65102E+12,1.000501317,83214573094,62432563645
1.6511E+12,0.99984934,83154011772,56020755571
1.65119E+12,0.999653786,83139556788,60407700490