date,chiliz
2019-07-02,0.017122793015615517
2019-07-03,0.01630415782465388
2019-07-04,0.011943511694306682
2019-07-05,0.013802097433792727
2019-07-06,0.01589439596846186
2019-07-07,0.01617443294398171
2019-07-08,0.01600532718334452
2019-07-09,0.01831512464476038
2019-07-10,0.019751714740929942
2019-07-11,0.01880420475866443
2019-07-12,0.016894595502514452
2019-07-13,0.016923338515874853
2019-07-14,0.016156368730161522
2019-07-15,0.014347350138846119
2019-07-16,0.014905197492375247
2019-07-17,0.014947702199951979
2019-07-18,0.01445873735514094
2019-07-19,0.015477618945436488
2019-07-20,0.01566808829559054
2019-07-21,0.017852298824550143
2019-07-22,0.017043396317842532
2019-07-23,0.01592851784612946
2019-07-24,0.014942910192941533
2019-07-25,0.014259930236818473
2019-07-26,0.013861579689674232
2019-07-27,0.014176779557460129
2019-07-28,0.013074028877671168
2019-07-29,0.013160418797406686
2019-07-30,0.013485400081345437
2019-07-31,0.012999349834040086
2019-08-01,0.01279335589514403
2019-08-02,0.01198680889861456
2019-08-03,0.012231310993212114
2019-08-04,0.011942842756964663
2019-08-05,0.0104842353288907
2019-08-06,0.01096376312435846
2019-08-07,0.009283485914617933
2019-08-08,0.009915325846112464
2019-08-09,0.009225720859846395
2019-08-10,0.008460009494346952
2019-08-11,0.008662052623574399
2019-08-12,0.008452199081439325
2019-08-13,0.008030893760757066
2019-08-14,0.007735593609403917
2019-08-15,0.00724895803312404
2019-08-16,0.007523117736503747
2019-08-17,0.007645255633557899
2019-08-18,0.007882265645217079
2019-08-19,0.007481729992649729
2019-08-20,0.0077447954730020495
2019-08-21,0.0072773714396412205
2019-08-22,0.007430375921980514
2019-08-23,0.007173795620651867
2019-08-24,0.0073682972865162484
2019-08-25,0.007788373641217861
2019-08-26,0.0072457151193377105
2019-08-27,0.007043161169747044
2019-08-28,0.007101204446644976
2019-08-29,0.00597504073298626
2019-08-30,0.00583867581448283
2019-08-31,0.00564817352266273
2019-09-01,0.005022916800930234
2019-09-02,0.005898386323510492
2019-09-03,0.006117597885929312
2019-09-04,0.00630707291451532
2019-09-05,0.006733282360246048
2019-09-06,0.01200514511814245
2019-09-07,0.008387874679447556
2019-09-08,0.011193419677341134
2019-09-09,0.009797779084347428
2019-09-10,0.008488824677452985
2019-09-11,0.00789809915006048
2019-09-12,0.006715142497427492
2019-09-13,0.0059424985331722625
2019-09-14,0.00622075858217815
2019-09-15,0.006163901939706572
2019-09-16,0.007158014939790719
2019-09-17,0.006837645229219352
2019-09-18,0.006981918074681342
2019-09-19,0.006861968539273897
2019-09-20,0.006562330874011167
2019-09-21,0.006337961786395418
2019-09-22,0.006277059194328395
2019-09-23,0.005709307883232687
2019-09-24,0.005401797002487855
2019-09-25,0.004412743896846883
2019-09-26,0.004441356100052558
2019-09-27,0.004249325280999732
2019-09-28,0.004108874547254387
2019-09-29,0.004213921251607734
2019-09-30,0.00413816766822143
2019-10-01,0.004269634838899968
2019-10-02,0.004500080286567087
2019-10-03,0.004494934941374965
2019-10-04,0.00439365163990016
2019-10-05,0.004357979247310653
2019-10-06,0.004434647377848686
2019-10-07,0.004580223968099004
2019-10-08,0.004729793505931878
2019-10-09,0.004912708145105753
2019-10-10,0.005005780460546511
2019-10-11,0.005120695693316175
2019-10-12,0.004946810802990804
2019-10-13,0.004798840363033283
2019-10-14,0.0049631142897058195
2019-10-15,0.005322583973052829
2019-10-16,0.005334713847357239
2019-10-17,0.006935069463073395
2019-10-18,0.006770908635556086
2019-10-19,0.00856149137686069
2019-10-20,0.007596529169079484
2019-10-21,0.009863248667289715
2019-10-22,0.009572147351742962
2019-10-23,0.009692603145924225
2019-10-24,0.008539906410285524
2019-10-25,0.008856209307333888
2019-10-26,0.010730563231274626
2019-10-27,0.010526382363968306
2019-10-28,0.009803837135702246
2019-10-29,0.00969219950420222
2019-10-30,0.010906570431865761
2019-10-31,0.01073952705946031
2019-11-01,0.010798446471230164
2019-11-02,0.011706014746247656
2019-11-03,0.013834830552488726
2019-11-04,0.015941060055433953
2019-11-05,0.017294662019182113
2019-11-06,0.015828190203848257
2019-11-07,0.015376747353667819
2019-11-08,0.01420850273694365
2019-11-09,0.012812238621615419
2019-11-10,0.013224210603007849
2019-11-11,0.012929568663357132
2019-11-12,0.01283343582657426
2019-11-13,0.013496312726154414
2019-11-14,0.014417314016642606
2019-11-15,0.01429162665794866
2019-11-16,0.013583993429824609
2019-11-17,0.013463700116939583
2019-11-18,0.01335284632158155
2019-11-19,0.01291313340905271
2019-11-20,0.012407468614111242
2019-11-21,0.0119495354103215
2019-11-22,0.011134677982793743
2019-11-23,0.01034143732422733
2019-11-24,0.011494561903693632
2019-11-25,0.010603015202065838
2019-11-26,0.010871007923224908
2019-11-27,0.011429084854742338
2019-11-28,0.01245094447401495
2019-11-29,0.011786950130479817
2019-11-30,0.011934729536837281
2019-12-01,0.011568191338038965
2019-12-02,0.011334026112947732
2019-12-03,0.011344252953632823
2019-12-04,0.011211507896358348
2019-12-05,0.010378043002941408
2019-12-06,0.01018401825120769
2019-12-07,0.010103611018952763
2019-12-08,0.009871383796676977
2019-12-09,0.009662935153271166
2019-12-10,0.009370614720851031
2019-12-11,0.008470564150407534
2019-12-12,0.009227735438231075
2019-12-13,0.008803361570517323
2019-12-14,0.008968324676965407
2019-12-15,0.008185945222437836
2019-12-16,0.007901127550314845
2019-12-17,0.0075436842733310515
2019-12-18,0.007014022703037548
2019-12-19,0.007779728730084747
2019-12-20,0.0082428409847552
2019-12-21,0.008241440243546347
2019-12-22,0.00818428098025568
2019-12-23,0.007860420915577614
2019-12-24,0.007383646365730281
2019-12-25,0.007616251672816867
2019-12-26,0.007545540296528156
2019-12-27,0.00768519049702714
2019-12-28,0.007704674167012085
2019-12-29,0.0075717079194900705
2019-12-30,0.007399561348136278
2019-12-31,0.006707375168617922
2020-01-01,0.007062305052124892
2020-01-02,0.006862801884404735
2020-01-03,0.006637947046279445
2020-01-04,0.006918453422252276
2020-01-05,0.007554003574750611
2020-01-06,0.007625640190156039
2020-01-07,0.007567588146354691
2020-01-08,0.00758631206349717
2020-01-09,0.0071263278824188515
2020-01-10,0.006953714003602613
2020-01-11,0.007147170906077999
2020-01-12,0.0068549750996824655
2020-01-13,0.007039031004733645
2020-01-14,0.006815650282810969
2020-01-15,0.0072978968730702445
2020-01-16,0.007232706190011304
2020-01-17,0.007209063399424071
2020-01-18,0.007410772671833707
2020-01-19,0.007588861241937467
2020-01-20,0.006949349499031011
2020-01-21,0.007163811075262319
2020-01-22,0.007245219809082257
2020-01-23,0.007605070452470754
2020-01-24,0.007147263520294457
2020-01-25,0.006953933709327514
2020-01-26,0.0070567871392464305
2020-01-27,0.007112115774942766
2020-01-28,0.006894467317062637
2020-01-29,0.007271370391135899
2020-01-30,0.007037687499347595
2020-01-31,0.007045996564081024
2020-02-01,0.007359235036030604
2020-02-02,0.007302346692933659
2020-02-03,0.00797459907825185
2020-02-04,0.008043111017530337
2020-02-05,0.008960293175736753
2020-02-06,0.008815359815169609
2020-02-07,0.010183686075771596
2020-02-08,0.00982107765891251
2020-02-09,0.009765676931186101
2020-02-10,0.0105349598631796
2020-02-11,0.010087450276518925
2020-02-12,0.011207370778160265
2020-02-13,0.012986298049914429
2020-02-14,0.016559119528878268
2020-02-15,0.015174212954837287
2020-02-16,0.01404087009257536
2020-02-17,0.013638881511654854
2020-02-18,0.01389759022015267
2020-02-19,0.013767749526181733
2020-02-20,0.013404600322950912
2020-02-21,0.013008460268764205
2020-02-22,0.013506925800106944
2020-02-23,0.013135202319187097
2020-02-24,0.013178765216104171
2020-02-25,0.012898204753450347
2020-02-26,0.011839902492487574
2020-02-27,0.010648210731063805
2020-02-28,0.010655998377969047
2020-02-29,0.010846999737236433
2020-03-01,0.010444669889437016
2020-03-02,0.011886834100557471
2020-03-03,0.011938301166276453
2020-03-04,0.011599404749858348
2020-03-05,0.01266963372053883
2020-03-06,0.0128103234635246
2020-03-07,0.013047923642181302
2020-03-08,0.012433791986553325
2020-03-09,0.01055831177589382
2020-03-10,0.010374476591530318
2020-03-11,0.010627199480601689
2020-03-12,0.010853806752568479
2020-03-13,0.005433430129418492
2020-03-14,0.006189183889208787
2020-03-15,0.0056396720889534515
2020-03-16,0.005781627242370777
2020-03-17,0.005183658363852158
2020-03-18,0.005647529378418276
2020-03-19,0.005268289102621055
2020-03-20,0.006269163307675863
2020-03-21,0.005986773046129929
2020-03-22,0.005967755430395719
2020-03-23,0.005472730698273287
2020-03-24,0.00604075251287001
2020-03-25,0.006173462771531322
2020-03-26,0.006206770974512345
2020-03-27,0.006736801710591947
2020-03-28,0.006487652126974232
2020-03-29,0.006354853850897053
2020-03-30,0.006041544614187266
2020-03-31,0.006288264905872013
2020-04-01,0.006317381236841976
2020-04-02,0.006483367191025334
2020-04-03,0.006508881886988961
2020-04-04,0.006833399209031047
2020-04-05,0.0069988790623124325
2020-04-06,0.006676425610244683
2020-04-07,0.006941418884172321
2020-04-08,0.006837843525711064
2020-04-09,0.007058255342101673
2020-04-10,0.006947121446103042
2020-04-11,0.006412868521803561
2020-04-12,0.006391672552727697
2020-04-13,0.0063858200352410344
2020-04-14,0.006683519788961886
2020-04-15,0.006516949512665861
2020-04-16,0.006261484741132778
2020-04-17,0.006821282535890184
2020-04-18,0.006752265906392323
2020-04-19,0.006885993170680004
2020-04-20,0.006750330872123293
2020-04-21,0.006430077184356899
2020-04-22,0.006429931757587474
2020-04-23,0.006624720807405619
2020-04-24,0.006745467147246741
2020-04-25,0.006803607313404592
2020-04-26,0.006808629925108069
2020-04-27,0.006901143597757025
2020-04-28,0.0071534162876123976
2020-04-29,0.0072659152552198925
2020-04-30,0.007393557709202735
2020-05-01,0.0072170098583168255
2020-05-02,0.0074614407926868395
2020-05-03,0.007821307319970324
2020-05-04,0.00764066506971034
2020-05-05,0.008505020710469128
2020-05-06,0.009399263011336168
2020-05-07,0.010534610430582398
2020-05-08,0.009856203033309606
2020-05-09,0.009810782961664155
2020-05-10,0.00880726607615845
2020-05-11,0.008502346868392166
2020-05-12,0.008703330528914787
2020-05-13,0.00926671574291334
2020-05-14,0.009942786210669961
2020-05-15,0.009797200527787871
2020-05-16,0.00930008571408707
2020-05-17,0.00981507698874896
2020-05-18,0.009790126439698196
2020-05-19,0.009608666939948891
2020-05-20,0.009628982128192022
2020-05-21,0.009625179686580124
2020-05-22,0.009066833826084825
2020-05-23,0.00935624401360361
2020-05-24,0.009446329752749134
2020-05-25,0.009111808157691388
2020-05-26,0.00985557736899459
2020-05-27,0.00985360011239517
2020-05-28,0.009831657563866439
2020-05-29,0.010333374496401546
2020-05-30,0.010976574309625519
2020-05-31,0.010956335842442455
2020-06-01,0.01081790375470002
2020-06-02,0.011257501553167307
2020-06-03,0.011518938699133126
2020-06-04,0.01206366504075457
2020-06-05,0.012527898853168866
2020-06-06,0.012359368696105889
2020-06-07,0.012181815441451672
2020-06-08,0.012158293519703151
2020-06-09,0.012198175577640415
2020-06-10,0.01253958120407032
2020-06-11,0.012504001548918514
2020-06-12,0.011389884771616374
2020-06-13,0.01194799764822437
2020-06-14,0.012285498597572098
2020-06-15,0.011686235865086676
2020-06-16,0.011908543367769137
2020-06-17,0.01292174897119602
2020-06-18,0.013189839767056405
2020-06-19,0.014359934390721404
2020-06-20,0.013730231889210293
2020-06-21,0.013329574487646564
2020-06-22,0.014125730270396255
2020-06-23,0.01397855386206947
2020-06-24,0.014075179780204046
2020-06-25,0.013057248062969122
2020-06-26,0.012690225462806246
2020-06-27,0.012293238715686126
2020-06-28,0.011645050858456159
2020-06-29,0.011747235730592456
2020-06-30,0.012039885417074762
2020-07-01,0.01170907055377221
2020-07-02,0.011921305469979823
2020-07-03,0.011460637645154417
2020-07-04,0.011258045091387637
2020-07-05,0.011581047929007224
2020-07-06,0.0116360069764372
2020-07-07,0.01201501714360644
2020-07-08,0.011967315916570126
2020-07-09,0.012229883330661296
2020-07-10,0.012204774281231226
2020-07-11,0.012593402997613468
2020-07-12,0.012410894223041848
2020-07-13,0.012343935452934086
2020-07-14,0.012291337063795373
2020-07-15,0.012308554807473265
2020-07-16,0.01232267137769398
2020-07-17,0.012001668453407534
2020-07-18,0.012134914812125745
2020-07-19,0.01216805391704618
2020-07-20,0.012007229604154578
2020-07-21,0.011943391755988379
2020-07-22,0.011895882819841537
2020-07-23,0.012164614766312407
2020-07-24,0.012143802146216813
2020-07-25,0.012002873600986967
2020-07-26,0.011825082356050272
2020-07-27,0.01174283976166991
2020-07-28,0.011501869523326764
2020-07-29,0.011814229568245174
2020-07-30,0.012138383175421673
2020-07-31,0.012913533638349357
2020-08-01,0.014063760653505631
2020-08-02,0.013356417937763305
2020-08-03,0.01262373533828902
2020-08-04,0.013094292280247725
2020-08-05,0.01328709998035377
2020-08-06,0.013275587607507603
2020-08-07,0.013218173176082235
2020-08-08,0.01307639315392047
2020-08-09,0.013254462923124757
2020-08-10,0.013908438817174039
2020-08-11,0.014256942561401514
2020-08-12,0.014183948330511358
2020-08-13,0.01593188715861127
2020-08-14,0.018092624205427933
2020-08-15,0.019677396415723993
2020-08-16,0.01858563588096411
2020-08-17,0.019520709381552835
2020-08-18,0.020078836593463642
2020-08-19,0.018179448910500932
2020-08-20,0.016230853257817437
2020-08-21,0.017886659909287502
2020-08-22,0.016572013712322413
2020-08-23,0.017304791563823085
2020-08-24,0.01694522938401692
2020-08-25,0.017282647396906804
2020-08-26,0.01550341519781559
2020-08-27,0.015695421106337693
2020-08-28,0.01444156129998425
2020-08-29,0.01518448711779717
2020-08-30,0.014913510475933537
2020-08-31,0.015005984275667125
2020-09-01,0.014859281934107455
2020-09-02,0.015050845099519197
2020-09-03,0.014292121376889039
2020-09-04,0.01137566739845665
2020-09-05,0.01219311483901367
2020-09-06,0.010580482764720577
2020-09-07,0.01103508943391098
2020-09-08,0.011182315225218497
2020-09-09,0.011084303289181583
2020-09-10,0.01225479200323264
2020-09-11,0.012440563134468303
2020-09-12,0.0123901715705376
2020-09-13,0.013013353075476535
2020-09-14,0.012304393712304358
2020-09-15,0.01342322633605255
2020-09-16,0.012916092902403045
2020-09-17,0.01234469217326952
2020-09-18,0.012691694826241847
2020-09-19,0.012171190024577219
2020-09-20,0.01208692400820967
2020-09-21,0.011512451633710011
2020-09-22,0.010829739186117857
2020-09-23,0.011274068115862616
2020-09-24,0.01035787692693626
2020-09-25,0.01140180211080292
2020-09-26,0.011196318537192147
2020-09-27,0.011254238991813883
2020-09-28,0.011020090330654299
2020-09-29,0.010853515080341436
2020-09-30,0.011033403682275863
2020-10-01,0.01153283491106846
2020-10-02,0.011235247926521611
2020-10-03,0.010609333979055884
2020-10-04,0.010801800107625435
2020-10-05,0.011088525551877781
2020-10-06,0.010966571703156718
2020-10-07,0.010306989382908116
2020-10-08,0.010292333610254754
2020-10-09,0.010633325201877205
2020-10-10,0.01113828416290651
2020-10-11,0.011165334881483784
2020-10-12,0.011148459964926992
2020-10-13,0.011142085250875853
2020-10-14,0.010942551835895554
2020-10-15,0.010860946364928094
2020-10-16,0.010709529591903265
2020-10-17,0.01060436075427814
2020-10-18,0.010609846334411515
2020-10-19,0.010713675943491005
2020-10-20,0.010632502946605893
2020-10-21,0.010434511415638758
2020-10-22,0.01045771495932158
2020-10-23,0.010750311925495974
2020-10-24,0.010626425103911213
2020-10-25,0.01091886557860794
2020-10-26,0.010585596794264787
2020-10-27,0.010368477872837437
2020-10-28,0.010175210875217684
2020-10-29,0.009863213935082263
2020-10-30,0.0095452801414269
2020-10-31,0.009469293006000475
2020-11-01,0.00937561708248798
2020-11-02,0.009479544006239817
2020-11-03,0.00937167148345904
2020-11-04,0.009463896902209811
2020-11-05,0.009640684881499537
2020-11-06,0.009692063331854014
2020-11-07,0.010415829286958405
2020-11-08,0.010036435126919107
2020-11-09,0.010446678020067005
2020-11-10,0.010722000827418586
2020-11-11,0.010858264219613733
2020-11-12,0.01070252723511008
2020-11-13,0.010540773628061767
2020-11-14,0.011001293005757546
2020-11-15,0.010754805492387826
2020-11-16,0.010550226863441285
2020-11-17,0.01101200090073792
2020-11-18,0.01102708746334518
2020-11-19,0.01058278322930622
2020-11-20,0.010521993692754403
2020-11-21,0.010858973914140624
2020-11-22,0.01149991211564316
2020-11-23,0.011083944392351166
2020-11-24,0.011902235353788789
2020-11-25,0.012519379580501132
2020-11-26,0.013405595360945429
2020-11-27,0.011971324030474226
2020-11-28,0.0116334243187137
2020-11-29,0.011814236329465096
2020-11-30,0.011632914013153145
2020-12-01,0.012023364663033956
2020-12-02,0.012144815157148419
2020-12-03,0.012862522698847693
2020-12-04,0.012994859278493226
2020-12-05,0.012344965397196357
2020-12-06,0.012726513347466347
2020-12-07,0.012700561138485712
2020-12-08,0.012745372352291118
2020-12-09,0.012204339076958257
2020-12-10,0.012221161193549468
2020-12-11,0.01204133353795845
2020-12-12,0.012515278697567316
2020-12-13,0.012308418570311506
2020-12-14,0.012582644303647124
2020-12-15,0.01465618259201251
2020-12-16,0.014911431057923287
2020-12-17,0.01435192749862162
2020-12-18,0.014510945023073893
2020-12-19,0.014938769879311054
2020-12-20,0.01612491757664871
2020-12-21,0.015787454958514906
2020-12-22,0.018996102046425826
2020-12-23,0.017338024825589538
2020-12-24,0.018428800605591978
2020-12-25,0.01892057673705648
2020-12-26,0.019080013799472533
2020-12-27,0.021209620114448758
2020-12-28,0.023898695884637517
2020-12-29,0.0277049100687376
2020-12-30,0.028466428025970446
2020-12-31,0.022910564672485086
2021-01-01,0.02136777084034502
2021-01-02,0.020791314234927884
2021-01-03,0.019452259043378092
2021-01-04,0.01959827375870889
2021-01-05,0.018618035122430345
2021-01-06,0.020223770408528817
2021-01-07,0.021251507684752462
2021-01-08,0.020094946313787332
2021-01-09,0.019349606797821342
2021-01-10,0.020492163247807803
2021-01-11,0.01956039499534868
2021-01-12,0.017735484718994797
2021-01-13,0.017576265102783144
2021-01-14,0.020428971583881142
2021-01-15,0.019575177260704752
2021-01-16,0.019183184349050274
2021-01-17,0.019776686585089538
2021-01-18,0.019427451679987943
2021-01-19,0.020544517131448364
2021-01-20,0.022967399555025445
2021-01-21,0.022228598814345597
2021-01-22,0.019032041859942023
2021-01-23,0.019745925428234046
2021-01-24,0.019695159810946095
2021-01-25,0.01974665651550696
2021-01-26,0.01913011119138386
2021-01-27,0.020622558434058587
2021-01-28,0.019047178863904366
2021-01-29,0.019963744476614625
2021-01-30,0.019910282835446057
2021-01-31,0.0209468217269541
2021-02-01,0.021523547170348146
2021-02-02,0.022312072958393474
2021-02-03,0.022570779508352724
2021-02-04,0.023927247460563943
2021-02-05,0.023055292440263095
2021-02-06,0.02515395897675341
2021-02-07,0.02366075109734938
2021-02-08,0.022663826566115933
2021-02-09,0.024395903272267504
2021-02-10,0.026558341556693784
2021-02-11,0.02900563696081018
2021-02-12,0.030423587194523788
2021-02-13,0.035760125054916166
2021-02-14,0.03652467461453377
2021-02-15,0.03477683235428351
2021-02-16,0.034334794792142256
2021-02-17,0.034568589089966066
2021-02-18,0.03634027224676484
2021-02-19,0.039357270665894645
2021-02-20,0.05401686328493259
2021-02-21,0.051595667404553174
2021-02-22,0.05484790187003297
2021-02-23,0.04813802863476232
2021-02-24,0.0420707091586818
2021-02-25,0.05139999276236297
2021-02-26,0.05017842131830646
2021-02-27,0.050672349028692006
2021-02-28,0.05373858896270193
2021-03-01,0.0506930267706848
2021-03-02,0.05654742475010426
2021-03-03,0.06580616142116637
2021-03-04,0.0860639273448939
2021-03-05,0.12242831179964658
2021-03-06,0.11270244439441592
2021-03-07,0.11408928877299114
2021-03-08,0.1290372203706668
2021-03-09,0.22197967020385673
2021-03-10,0.26586092464659655
2021-03-11,0.25021890742540576
2021-03-12,0.3538614442957413
2021-03-13,0.731568177280156
2021-03-14,0.6036070570517714
2021-03-15,0.6641162279709957
2021-03-16,0.6075256192388178
2021-03-17,0.5268335095004535
2021-03-18,0.5825483625909484
2021-03-19,0.6444648641985474
2021-03-20,0.609211095845624
2021-03-21,0.5449068116382855
2021-03-22,0.5549967702930125
2021-03-23,0.5127005598176096
2021-03-24,0.5133608860081832
2021-03-25,0.48244979024689555
2021-03-26,0.4836971920629918
2021-03-27,0.5147518372231328
2021-03-28,0.5251789888440657
2021-03-29,0.538982201676582
2021-03-30,0.5324768325429804
2021-03-31,0.528574268666154
2021-04-01,0.5004630750208979
2021-04-02,0.48971088978527416
2021-04-03,0.5052720895616316
2021-04-04,0.4545931507427013
2021-04-05,0.5004581617045317
2021-04-06,0.47989480891449077
2021-04-07,0.46123133380169845
2021-04-08,0.46076439292357796
2021-04-09,0.4962046994178336
2021-04-10,0.5003539997470565
2021-04-11,0.47669602648089393
2021-04-12,0.48151333457755036
2021-04-13,0.56897950650341
2021-04-14,0.5200710168052599
2021-04-15,0.5041966607718752
2021-04-16,0.5354489179272728
2021-04-17,0.7526258167802216
2021-04-18,0.6407087629614298
2021-04-19,0.5534165857001179
2021-04-20,0.5069459300269714
2021-04-21,0.5118984431998014
2021-04-22,0.5300662588293008
2021-04-23,0.4694298377809647
2021-04-24,0.4274626808268995
2021-04-25,0.3901409597611519
2021-04-26,0.3953790550510904
2021-04-27,0.45474628473468764
2021-04-28,0.5230454282083548
2021-04-29,0.530187924259462
2021-04-30,0.5624186563128164
2021-05-01,0.5765063076561588
2021-05-02,0.5530090237749424
2021-05-03,0.5386267004974983
2021-05-04,0.5334560054146962
2021-05-05,0.4866815496399263
2021-05-06,0.5225467240554139
2021-05-07,0.5041795061472005
2021-05-08,0.5112785619814691
2021-05-09,0.5003628081471996
2021-05-10,0.49142879423795016
2021-05-11,0.4380864164325016
2021-05-12,0.4648327379466411
2021-05-13,0.40832743965114915
2021-05-14,0.42999536351130563
2021-05-15,0.43777711975854877
2021-05-16,0.4294875639191259
2021-05-17,0.43699764037538985
2021-05-18,0.40840259189887607
2021-05-19,0.41968772910067453
2021-05-20,0.2687684726543241
2021-05-21,0.3110668637794503
2021-05-22,0.2791696108654067
2021-05-23,0.2547254294661108
2021-05-24,0.21547356785344848
2021-05-25,0.26469010376843327
2021-05-26,0.2597290289809822
2021-05-27,0.33498143696232374
2021-05-28,0.29946203619620604
2021-05-29,0.2931404834680847
2021-05-30,0.2736976839169031
2021-05-31,0.2721702182947736
2021-06-01,0.28347068619237537
2021-06-02,0.2736259729875575
2021-06-03,0.27947822238182424
2021-06-04,0.2955581318668781
2021-06-05,0.27166535778379225
2021-06-06,0.2619493154707888
2021-06-07,0.26898943517979695
2021-06-08,0.2411746426663801
2021-06-09,0.23478406496550516
2021-06-10,0.24253774090090888
2021-06-11,0.27696474013904815
2021-06-12,0.29821695448120106
2021-06-13,0.27787587297459704
2021-06-14,0.2880478354847711
2021-06-15,0.28194259682017064
2021-06-16,0.3258898637669916
2021-06-17,0.335842136923865
2021-06-18,0.32833433325871375
2021-06-19,0.2920016594457435
2021-06-20,0.28703643341108265
2021-06-21,0.29020283754655846
2021-06-22,0.21522656423270417
2021-06-23,0.2197454205481538
2021-06-24,0.24007532066882184
2021-06-25,0.250157547682239
2021-06-26,0.22945010972842386
2021-06-27,0.23197595582810565
2021-06-28,0.2388747902858976
2021-06-29,0.24408680122506354
2021-06-30,0.25374477123531214
2021-07-01,0.25507454448743233
2021-07-02,0.24285589887259879
2021-07-03,0.23952935956005975
2021-07-04,0.2413301420848262
2021-07-05,0.2440937322381554
2021-07-06,0.23598919951711764
2021-07-07,0.24319691997805543
2021-07-08,0.2621008271609712
2021-07-09,0.2510013895458753
2021-07-10,0.2543826126089749
2021-07-11,0.25882409371466575
2021-07-12,0.25896024493820463
2021-07-13,0.25010241367881314
2021-07-14,0.24091381120556313
2021-07-15,0.24863379244521347
2021-07-16,0.25869301524144084
2021-07-17,0.23785104935004903
2021-07-18,0.24010069001684392
2021-07-19,0.23947504659785115
2021-07-20,0.23061657433293056
2021-07-21,0.20928488067853973
2021-07-22,0.22669833445109988
2021-07-23,0.23183658332691284
2021-07-24,0.24032690849345065
2021-07-25,0.24950342394461983
2021-07-26,0.2536163500764282
2021-07-27,0.24734748405365828
2021-07-28,0.2503637115563258
2021-07-29,0.2510557235293186
2021-07-30,0.2557287841685107
2021-07-31,0.26528284731927987
2021-08-01,0.2667431237827419
2021-08-02,0.26007566901876755
2021-08-03,0.2661691599085876
2021-08-04,0.25874301626628904
2021-08-05,0.26482685415713225
2021-08-06,0.2659237803760183
2021-08-07,0.28950537344755584
2021-08-08,0.2925787583938731
2021-08-09,0.2765286927683995
2021-08-10,0.31024143990096853
2021-08-11,0.32839032621211844
2021-08-12,0.3293118294010675
2021-08-13,0.3628198713713069
2021-08-14,0.381698269813074
2021-08-15,0.37137214988523043
2021-08-16,0.3700329883903498
2021-08-17,0.3579450326706647
2021-08-18,0.3347135894523377
2021-08-19,0.3358085347684816
2021-08-20,0.34277408944312177
2021-08-21,0.3530052657670023
2021-08-22,0.38522072480872077
2021-08-23,0.37747140541533364
2021-08-24,0.40682742972564084
2021-08-25,0.37029048172676415
2021-08-26,0.3862251572209781
2021-08-27,0.36566900350651665
2021-08-28,0.377216920297181
2021-08-29,0.36842022870855085
2021-08-30,0.3790064507763433
2021-08-31,0.37038388488011015
2021-09-01,0.3690098057965004
2021-09-02,0.3842044384512895
2021-09-03,0.38510576744692426
2021-09-04,0.3954430712107031
2021-09-05,0.41672941234923466
2021-09-06,0.42312672430253667
2021-09-07,0.4450613626498568
2021-09-08,0.3465028506654075
2021-09-09,0.3385340106379932
2021-09-10,0.3471517193567041
2021-09-11,0.33140346790046027
2021-09-12,0.33230274811450555
2021-09-13,0.33882006668430964
2021-09-14,0.3237582212749598
2021-09-15,0.3369716764059752
2021-09-16,0.34600996601790984
2021-09-17,0.3384844567762481
2021-09-18,0.3281869829533902
2021-09-19,0.3285755434735308
2021-09-20,0.3174582151005534
2021-09-21,0.272935054696587
2021-09-22,0.25256995517369907
2021-09-23,0.2905628704622643
2021-09-24,0.29670346294465316
2021-09-25,0.27131232609002126
2021-09-26,0.26971094547656466
2021-09-27,0.26356191269635026
2021-09-28,0.2550872376773312
2021-09-29,0.24521347752671588
2021-09-30,0.2497247149868461
2021-10-01,0.2624437964555795
2021-10-02,0.28666661164005486
2021-10-03,0.2847170662150968
2021-10-04,0.2876594597017311
2021-10-05,0.2855205733298262
2021-10-06,0.3079232452119771
2021-10-07,0.3033579534291291
2021-10-08,0.3573973669391191
2021-10-09,0.33383722265865806
2021-10-10,0.3307370037484117
2021-10-11,0.3089901426848452
2021-10-12,0.30802031794147633
2021-10-13,0.31576793608760784
2021-10-14,0.3281033329519641
2021-10-15,0.33116605122164655
2021-10-16,0.32263327820954896
2021-10-17,0.3295104062068629
2021-10-18,0.3135084121108716
2021-10-19,0.3219975123170988
2021-10-20,0.31702771268882424
2021-10-21,0.3290120197297376
2021-10-22,0.3157742704429921
2021-10-23,0.3262769967478511
2021-10-24,0.32868413533060353
2021-10-25,0.3178363009049676
2021-10-26,0.3373142895950305
2021-10-27,0.3414430649684754
2021-10-28,0.30261919614273874
2021-10-29,0.32353143781140614
2021-10-30,0.35258953872524035
2021-10-31,0.5354242860604228
2021-11-01,0.4149222875568809
2021-11-02,0.4557678133422055
2021-11-03,0.4936990776872631
2021-11-04,0.4525592678629117
2021-11-05,0.44200692371496775
2021-11-06,0.46418418439399717
2021-11-07,0.5127160610363461
2021-11-08,0.4911819530863611
2021-11-09,0.4823916656075619
2021-11-10,0.47259210993670353
2021-11-11,0.4779550325344611
2021-11-12,0.5178996538761028
2021-11-13,0.5596123681953171
2021-11-14,0.5407213528367022
2021-11-15,0.5548060743736969
2021-11-16,0.5393337796592367
2021-11-17,0.49497550316348765
2021-11-18,0.4986935452166695
2021-11-19,0.4344303844198886
2021-11-20,0.4666890567666934
2021-11-21,0.4736719345301638
2021-11-22,0.45055564424245675
2021-11-23,0.4365658315953118
2021-11-24,0.43444694911697473
2021-11-25,0.48711170283372973
2021-11-26,0.5107827795726386
2021-11-27,0.4435287408043521
2021-11-28,0.4420876029295056
2021-11-29,0.4481654079935356
2021-11-30,0.4658158832899817
2021-12-01,0.4405309137343699
2021-12-02,0.4367459913995823
2021-12-03,0.42244843524737
2021-12-04,0.39860529156878177
2021-12-05,0.3415882895090132
2021-12-06,0.3198038372606916
2021-12-07,0.3232278590384442
2021-12-08,0.3211156128643265
2021-12-09,0.3299884570326486
2021-12-10,0.30223336564695263
2021-12-11,0.2851068541430738
2021-12-12,0.2979311261418605
2021-12-13,0.3048208315361438
2021-12-14,0.2734510761703018
2021-12-15,0.280267641180797
2021-12-16,0.28760466905075543
2021-12-17,0.28033617938421634
2021-12-18,0.2682212466933292
2021-12-19,0.2736865529116211
2021-12-20,0.2652339186319013
2021-12-21,0.2704396987358777
2021-12-22,0.28103966421111753
2021-12-23,0.2874736104661664
2021-12-24,0.3142622504635079
2021-12-25,0.30420373273874535
2021-12-26,0.3206010688276811
2021-12-27,0.3315300155921998
2021-12-28,0.33772565966056156
2021-12-29,0.30720241164631085
2021-12-30,0.2882759212646286
2021-12-31,0.2897295014773302
2022-01-01,0.284296868103875
2022-01-02,0.29573232625505846
2022-01-03,0.3121615908683458
2022-01-04,0.3020261557832799
2022-01-05,0.30454384810661483
2022-01-06,0.28212418404283196
2022-01-07,0.2818598132944064
2022-01-08,0.26469826792513257
2022-01-09,0.2578179305344891
2022-01-10,0.2613835922266475
2022-01-11,0.25145789771827903
2022-01-12,0.26371636445669766
2022-01-13,0.2782169311682873
2022-01-14,0.2650392795524217
2022-01-15,0.2674268824029084
2022-01-16,0.26840831962374095
2022-01-17,0.2697714026439149
2022-01-18,0.25773870739824933
2022-01-19,0.25968232674867786
2022-01-20,0.24704079480087518
2022-01-21,0.23453157943080513
2022-01-22,0.19702926981695215
2022-01-23,0.17689314748698753
2022-01-24,0.18498474901345435
2022-01-25,0.17625074458340734
2022-01-26,0.17283852548243606
2022-01-27,0.17307715442770144
2022-01-28,0.17602427613269733
2022-01-29,0.18002977687541447
2022-01-30,0.18415343801447617
2022-01-31,0.18280344428432474
2022-02-01,0.18961580818522378
2022-02-02,0.18949488759002328
2022-02-03,0.18130281953141808
2022-02-04,0.1839658671126312
2022-02-05,0.20311195353531647
2022-02-06,0.2104976195733768
2022-02-07,0.23100343461258244
2022-02-08,0.2348504926665983
2022-02-09,0.22652718004652725
2022-02-10,0.24126776723286117
2022-02-11,0.22509710556609436
2022-02-12,0.20593080415158216
2022-02-13,0.20633707336505608
2022-02-14,0.20217287968937173
2022-02-15,0.20530879092195817
2022-02-16,0.22146311983311626
2022-02-17,0.22088439289142725
2022-02-18,0.20274727985639243
2022-02-19,0.19771727742024198
2022-02-20,0.1989863633645628
2022-02-21,0.18773640033437825
2022-02-22,0.1692789438596729
2022-02-23,0.1782371784420614
2022-02-24,0.17110308406971445
2022-02-25,0.16466799117398687
2022-02-26,0.17445387821833003
2022-02-27,0.17527310235154162
2022-02-28,0.16797913299434392
2022-03-01,0.19215103587133023
2022-03-02,0.19596064808969638
2022-03-03,0.19704312924504724
2022-03-04,0.1956555104000671
2022-03-05,0.19562334136869827
2022-03-06,0.23230163059672995
2022-03-07,0.20872279495880988
2022-03-08,0.19519670868662797
2022-03-09,0.1943346651446414
2022-03-10,0.2006197443681844
2022-03-11,0.19700441465449448
2022-03-12,0.19395596701104803
2022-03-13,0.20358782481100746
2022-03-14,0.1951073218715973
2022-03-15,0.19550087388867074
2022-03-16,0.19161598266341348
2022-03-17,0.20303764418911996
2022-03-18,0.21061332570167418
2022-03-19,0.20865899912987215
2022-03-20,0.2106037057468621
2022-03-21,0.20357218187199427
2022-03-22,0.20371626498370063
2022-03-23,0.2087296796238805
2022-03-24,0.21438221281411535
2022-03-25,0.22023505323911494
2022-03-26,0.24770819663585741
2022-03-27,0.2422752223355993
2022-03-28,0.2674525916490225
2022-03-29,0.2578153329899464
2022-03-30,0.293771241670156
2022-03-31,0.30057004068538506
2022-04-01,0.2826397510106488
2022-04-02,0.2806688271013102
2022-04-03,0.280014396339353
2022-04-04,0.2831292505454014
2022-04-05,0.2715453917564316
2022-04-06,0.2610308094202895
2022-04-07,0.22826649238609006
2022-04-08,0.24208091223882935
2022-04-09,0.23051593326927924
2022-04-10,0.24530148475021607
2022-04-11,0.23745379639554567
2022-04-12,0.21818866971405107
2022-04-13,0.22861080856223948
2022-04-14,0.2438988797753477
2022-04-15,0.23838756702416178
2022-04-16,0.23886093510390782
2022-04-17,0.23562766370998142
2022-04-18,0.2232969800930671
2022-04-19,0.22983815613732514
2022-04-20,0.2301277304024835
2022-04-21,0.22595272767143992
2022-04-22,0.21851723314150787
2022-04-23,0.22068654526598702
2022-04-24,0.21688164946356747
2022-04-25,0.21143735088938206
2022-04-26,0.2121220713629549
2022-04-27,0.19650733188746633
2022-04-28,0.20769055814641352
2022-04-29,0.2016338913801261
2022-04-30,0.1903653718371943
2022-05-01,0.17241098666507285
