date,decentraland
2017-10-28 00:00:00.000,0.010093998558503044
2017-10-29 00:00:00.000,0.01012362069330454
2017-10-30 00:00:00.000,0.009775030083982188
2017-10-31 00:00:00.000,0.009236807946886128
2017-11-01 00:00:00.000,0.010004423548093128
2017-11-02 00:00:00.000,0.009724434425835517
2017-11-03 00:00:00.000,0.010555435791321368
2017-11-04 00:00:00.000,0.01153983506574228
2017-11-05 00:00:00.000,0.012331479732648549
2017-11-06 00:00:00.000,0.012219405050378641
2017-11-07 00:00:00.000,0.01281475472882202
2017-11-08 00:00:00.000,0.014455355026126644
2017-11-09 00:00:00.000,0.015492240314190052
2017-11-10 00:00:00.000,0.013066901821285453
2017-11-11 00:00:00.000,0.012046203939006255
2017-11-12 00:00:00.000,0.010799984457995383
2017-11-13 00:00:00.000,0.011102986349375671
2017-11-14 00:00:00.000,0.0118721342462212
2017-11-15 00:00:00.000,0.0121474682380563
2017-11-16 00:00:00.000,0.0119328255717607
2017-11-17 00:00:00.000,0.0124304576521059
2017-11-18 00:00:00.000,0.0133059497070908
2017-11-19 00:00:00.000,0.0129979438960206
2017-11-20 00:00:00.000,0.0129926780817218
2017-11-21 00:00:00.000,0.0132350136492142
2017-11-22 00:00:00.000,0.0135782450342856
2017-11-23 00:00:00.000,0.014005852736191
2017-11-24 00:00:00.000,0.0158967994407435
2017-11-25 00:00:00.000,0.0155566028751127
2017-11-26 00:00:00.000,0.0156951281963507
2017-11-27 00:00:00.000,0.0176119569677043
2017-11-28 00:00:00.000,0.0185618956911865
2017-11-29 00:00:00.000,0.0152666651967413
2017-11-30 00:00:00.000,0.0159223885958426
2017-12-01 00:00:00.000,0.0163249863096912
2017-12-02 00:00:00.000,0.0174901197022895
2017-12-03 00:00:00.000,0.0171717686194547
2017-12-04 00:00:00.000,0.0185800124261946
2017-12-05 00:00:00.000,0.0244853731814054
2017-12-06 00:00:00.000,0.0712993420949197
2017-12-07 00:00:00.000,0.0617925222543791
2017-12-08 00:00:00.000,0.0525816068330691
2017-12-09 00:00:00.000,0.0550962722747051
2017-12-10 00:00:00.000,0.0784496434301083
2017-12-11 00:00:00.000,0.0753318008167001
2017-12-12 00:00:00.000,0.0845994580676203
2017-12-13 00:00:00.000,0.121265456340018
2017-12-14 00:00:00.000,0.125914620120162
2017-12-15 00:00:00.000,0.106395536979954
2017-12-16 00:00:00.000,0.100705783087682
2017-12-17 00:00:00.000,0.10732895386911
2017-12-18 00:00:00.000,0.111524331575216
2017-12-19 00:00:00.000,0.109969001111593
2017-12-20 00:00:00.000,0.120930717333747
2017-12-21 00:00:00.000,0.113481205988194
2017-12-22 00:00:00.000,0.0905084587543665
2017-12-23 00:00:00.000,0.0959817947392051
2017-12-24 00:00:00.000,0.0887925945417402
2017-12-25 00:00:00.000,0.0948444988149316
2017-12-26 00:00:00.000,0.0911364505348002
2017-12-27 00:00:00.000,0.0872904696923149
2017-12-28 00:00:00.000,0.093278227764317
2017-12-29 00:00:00.000,0.093211266978115
2017-12-30 00:00:00.000,0.104193467292268
2017-12-31 00:00:00.000,0.108367112476443
2018-01-01 00:00:00.000,0.104970657973883
2018-01-02 00:00:00.000,0.107473810125004
2018-01-03 00:00:00.000,0.16078423592234697
2018-01-04 00:00:00.000,0.21078013720415426
2018-01-05 00:00:00.000,0.17787414916823688
2018-01-06 00:00:00.000,0.19498474444735905
2018-01-07 00:00:00.000,0.24224332766565093
2018-01-08 00:00:00.000,0.24580760396854426
2018-01-09 00:00:00.000,0.2678142317850932
2018-01-10 00:00:00.000,0.21760689784715528
2018-01-11 00:00:00.000,0.18194012027847964
2018-01-12 00:00:00.000,0.19507291456191764
2018-01-13 00:00:00.000,0.18886087346085473
2018-01-14 00:00:00.000,0.16208830742589408
2018-01-15 00:00:00.000,0.1412232066873567
2018-01-16 00:00:00.000,0.09850803946427869
2018-01-17 00:00:00.000,0.14407450830323404
2018-01-18 00:00:00.000,0.13597974764780746
2018-01-19 00:00:00.000,0.14282049288930396
2018-01-20 00:00:00.000,0.15484874390905914
2018-01-21 00:00:00.000,0.12464989029834553
2018-01-22 00:00:00.000,0.12297558105648958
2018-01-23 00:00:00.000,0.14619947955202203
2018-01-24 00:00:00.000,0.1366425389703024
2018-01-25 00:00:00.000,0.144011788820983
2018-01-26 00:00:00.000,0.13620427862975973
2018-01-27 00:00:00.000,0.14096057431129697
2018-01-28 00:00:00.000,0.1387527785091451
2018-01-29 00:00:00.000,0.1339128047714287
2018-01-30 00:05:22.435,0.1331572666599502
2018-01-31 00:00:00.000,0.11233803459900998
2018-02-01 00:00:00.000,0.12724805076128506
2018-02-02 00:00:00.000,0.09910886711796295
2018-02-03 00:00:00.000,0.0939838244629204
2018-02-04 00:00:00.000,0.10244797092132156
2018-02-05 00:00:00.000,0.09982321018897938
2018-02-06 00:00:00.000,0.07034456227347588
2018-02-07 00:00:00.000,0.08890372217328023
2018-02-08 00:05:19.986,0.0973226846766367
2018-02-09 00:00:00.000,0.10825717293852256
2018-02-10 00:00:00.000,0.12326858963458741
2018-02-11 00:00:00.000,0.1151478899355256
2018-02-12 00:00:00.000,0.12086222933727987
2018-02-13 00:00:00.000,0.1256916520378999
2018-02-14 00:00:00.000,0.11451126427856191
2018-02-15 00:00:00.000,0.1225586161768819
2018-02-16 00:00:00.000,0.13556977914038337
2018-02-17 00:00:00.000,0.13378023756891047
2018-02-18 00:00:00.000,0.1406029870945871
2018-02-19 00:00:00.000,0.12482543344511797
2018-02-20 00:00:00.000,0.12622026171465806
2018-02-21 00:00:00.000,0.11628523664214507
2018-02-22 00:00:00.000,0.10953180439470948
2018-02-23 00:00:00.000,0.11062281766995985
2018-02-24 00:00:00.000,0.11382656652176071
2018-02-25 00:00:00.000,0.10619473516772826
2018-02-26 00:00:00.000,0.10615823508376886
2018-02-27 00:00:00.000,0.11231829089345434
2018-02-28 00:00:00.000,0.11304557266486435
2018-03-01 00:00:00.000,0.10639249039359078
2018-03-02 00:00:00.000,0.11254570032331004
2018-03-03 00:00:00.000,0.11221164371904806
2018-03-04 00:00:00.000,0.11185593278223377
2018-03-05 00:00:00.000,0.11062980708528423
2018-03-06 00:00:00.000,0.1124614377985476
2018-03-07 00:00:00.000,0.10505377674468314
2018-03-08 00:00:00.000,0.09255860022079065
2018-03-09 00:00:00.000,0.08298951877872712
2018-03-10 00:00:00.000,0.08193657748968984
2018-03-11 00:00:00.000,0.07764787279083342
2018-03-12 00:00:00.000,0.0857026814542332
2018-03-13 00:00:00.000,0.09023772083350365
2018-03-14 00:00:00.000,0.09593349944833754
2018-03-15 00:00:00.000,0.08175710126361004
2018-03-16 00:00:00.000,0.08602313414984374
2018-03-17 00:00:00.000,0.104161533382947
2018-03-18 00:00:00.000,0.08793438394606051
2018-03-19 00:00:00.000,0.08165722463185952
2018-03-20 00:00:00.000,0.08981519289367444
2018-03-21 00:00:00.000,0.09095068385088918
2018-03-22 00:00:00.000,0.0944188835321345
2018-03-23 00:00:00.000,0.08847907311071829
2018-03-24 00:00:00.000,0.09034533047054345
2018-03-25 00:00:00.000,0.09206565317033487
2018-03-26 00:00:00.000,0.09440321934651522
2018-03-27 00:00:00.000,0.08493234442979887
2018-03-28 00:00:00.000,0.08142630319100079
2018-03-29 00:00:00.000,0.07920466576352767
2018-03-30 00:00:00.000,0.06976791624619305
2018-03-31 00:00:00.000,0.06674912452890319
2018-04-01 00:00:00.000,0.0711495949839514
2018-04-02 00:00:00.000,0.06754889253155223
2018-04-03 00:00:00.000,0.0697184616290593
2018-04-04 00:00:00.000,0.07526949316046093
2018-04-05 00:00:00.000,0.06820546242370072
2018-04-06 00:00:00.000,0.07258093229588714
2018-04-07 00:00:00.000,0.06905712321724988
2018-04-08 00:00:00.000,0.0717446884604182
2018-04-09 00:00:00.000,0.07228508560196546
2018-04-10 00:00:00.000,0.07370534360282364
2018-04-11 00:00:00.000,0.07746205541072879
2018-04-12 00:00:00.000,0.0778917365058771
2018-04-13 00:00:00.000,0.0860793648764826
2018-04-14 00:00:00.000,0.09065047319252069
2018-04-15 00:00:00.000,0.09566967583080216
2018-04-16 00:00:00.000,0.10064497222222395
2018-04-17 00:00:00.000,0.09572131228754663
2018-04-18 00:00:00.000,0.09764529907064547
2018-04-19 00:00:00.000,0.1045124841485285
2018-04-20 00:00:00.000,0.10850535355755773
2018-04-21 00:00:00.000,0.11511206474343143
2018-04-22 00:00:00.000,0.11677878193823714
2018-04-23 00:00:00.000,0.17128797612652794
2018-04-24 00:00:00.000,0.14695975448206652
2018-04-25 00:00:00.000,0.1475216536044379
2018-04-26 00:00:00.000,0.12601631321147994
2018-04-27 00:00:00.000,0.1416122579556447
2018-04-28 00:00:00.000,0.13503218804447317
2018-04-29 00:00:00.000,0.1533421927923263
2018-04-30 00:00:00.000,0.14901691348149618
2018-05-01 00:00:00.000,0.154927584680076
2018-05-02 00:00:00.000,0.18401699119063675
2018-05-03 00:00:00.000,0.1782646517757534
2018-05-04 00:00:00.000,0.18525989575516325
2018-05-05 00:00:00.000,0.1797013817235021
2018-05-06 00:00:00.000,0.1740751426311626
2018-05-07 00:00:00.000,0.1585693505874456
2018-05-08 00:00:00.000,0.15445391220890933
2018-05-09 00:00:00.000,0.1542845720845527
2018-05-10 00:00:00.000,0.14353056351220203
2018-05-11 00:00:00.000,0.1359320786580469
2018-05-12 00:00:00.000,0.12048840333586011
2018-05-13 00:00:00.000,0.12376886531151457
2018-05-14 00:00:00.000,0.1407328831046665
2018-05-15 00:00:00.000,0.1404271525097735
2018-05-16 00:00:00.000,0.1289940832867178
2018-05-17 00:00:00.000,0.12143360213371787
2018-05-18 00:00:00.000,0.1147138354330828
2018-05-19 00:00:00.000,0.11889726678925218
2018-05-20 00:00:00.000,0.12186747929544084
2018-05-21 00:00:00.000,0.12532218726615185
2018-05-22 00:00:00.000,0.12116215983122872
2018-05-23 00:00:00.000,0.10597645057521463
2018-05-24 00:00:00.000,0.09679313290869448
2018-05-25 00:00:00.000,0.09907643259697198
2018-05-26 00:00:00.000,0.09478452731536981
2018-05-27 00:00:00.000,0.09293333964020167
2018-05-28 00:00:00.000,0.08919989408790904
2018-05-29 00:00:00.000,0.08372072475422235
2018-05-30 00:00:00.000,0.0910633886356988
2018-05-31 00:00:00.000,0.0952727206727772
2018-06-01 00:00:00.000,0.10537106074532004
2018-06-02 00:00:00.000,0.10111152810220958
2018-06-03 00:00:00.000,0.10480482203365045
2018-06-04 00:00:00.000,0.1040388042943342
2018-06-05 00:00:00.000,0.09692638693763911
2018-06-06 00:00:00.000,0.09846524805306021
2018-06-07 00:00:00.000,0.10472189142704921
2018-06-08 00:00:00.000,0.10432395296184288
2018-06-09 00:00:00.000,0.10306961706384977
2018-06-10 00:00:00.000,0.1029257196494132
2018-06-11 00:00:00.000,0.09646173665032923
2018-06-12 00:00:00.000,0.09779903563905769
2018-06-13 00:00:00.000,0.09467294151780418
2018-06-14 00:00:00.000,0.10043649040666204
2018-06-15 00:00:00.000,0.1009671062466681
2018-06-16 00:00:00.000,0.0977840422880867
2018-06-17 00:00:00.000,0.10035090382476174
2018-06-18 00:00:00.000,0.111484264617853
2018-06-19 00:00:00.000,0.10705891121903569
2018-06-20 00:00:00.000,0.1027965211542531
2018-06-21 00:00:00.000,0.10495059995305323
2018-06-22 00:00:00.000,0.09838462815185725
2018-06-23 00:00:00.000,0.09541585506918819
2018-06-24 00:00:00.000,0.094973418248134
2018-06-25 00:00:00.000,0.09636569431508421
2018-06-26 00:00:00.000,0.09831775477840665
2018-06-27 00:00:00.000,0.09244857469234348
2018-06-28 00:00:00.000,0.09321790734258453
2018-06-29 00:00:00.000,0.08585689675668515
2018-06-30 00:00:00.000,0.08482351704486965
2018-07-01 00:00:00.000,0.0850500259556252
2018-07-02 00:00:00.000,0.0861851780099038
2018-07-03 00:00:00.000,0.09319895155719032
2018-07-04 00:00:00.000,0.16566983536715718
2018-07-05 00:00:00.000,0.11068618549267445
2018-07-06 00:00:00.000,0.10467845060195297
2018-07-07 00:00:00.000,0.10049562869764134
2018-07-08 00:00:00.000,0.10142931541740488
2018-07-09 00:00:00.000,0.09917421788197427
2018-07-10 00:00:00.000,0.10339628039192206
2018-07-11 00:00:00.000,0.09253148830094125
2018-07-12 00:00:00.000,0.09510047904550185
2018-07-13 00:00:00.000,0.09298979036981281
2018-07-14 00:00:00.000,0.0942789394905713
2018-07-15 00:00:00.000,0.09364509220834254
2018-07-16 00:00:00.000,0.09476699583751333
2018-07-17 00:00:00.000,0.1028001439582668
2018-07-18 00:00:00.000,0.12435738516370262
2018-07-19 00:00:00.000,0.1153418767056218
2018-07-20 00:00:00.000,0.11704434452085827
2018-07-21 00:00:00.000,0.11866305488805035
2018-07-22 00:00:00.000,0.12579351300749383
2018-07-23 00:00:00.000,0.13885090508969553
2018-07-24 00:00:00.000,0.1321011226570271
2018-07-25 00:00:00.000,0.1310135533979654
2018-07-26 00:00:00.000,0.13766500015222882
2018-07-27 00:00:00.000,0.12553800104986543
2018-07-28 00:00:00.000,0.12823194398787607
2018-07-29 00:00:00.000,0.1323486124659308
2018-07-30 00:00:00.000,0.13414598951332413
2018-07-31 00:00:00.000,0.12461286273591711
2018-08-01 00:00:00.000,0.11147705107204504
2018-08-02 00:00:00.000,0.1053593661379898
2018-08-03 00:00:00.000,0.10112629058597296
2018-08-04 00:00:00.000,0.09506019129824969
2018-08-05 00:00:00.000,0.09218561580480802
2018-08-06 00:00:00.000,0.09787121088227266
2018-08-07 00:00:00.000,0.09445142645409935
2018-08-08 00:00:00.000,0.0878664440700274
2018-08-09 00:00:00.000,0.08101795189642617
2018-08-10 00:00:00.000,0.0878668137926491
2018-08-11 00:00:00.000,0.08161689564554307
2018-08-14 00:00:00.000,0.07249690720471233
2018-08-15 00:00:00.000,0.06350316788732897
2018-08-16 00:00:00.000,0.06897080234129743
2018-08-17 00:00:00.000,0.06629369874769275
2018-08-18 00:00:00.000,0.07734806999858564
2018-08-19 00:00:00.000,0.07059435393791492
2018-08-20 00:00:00.000,0.0777268777410992
2018-08-21 00:00:00.000,0.06807505510953603
2018-08-22 00:00:00.000,0.06888798992833964
2018-08-23 00:00:00.000,0.0636118489518294
2018-08-24 00:00:00.000,0.0663401328825245
2018-08-25 00:00:00.000,0.06873873007303373
2018-08-26 00:00:00.000,0.06932858806683428
2018-08-27 00:00:00.000,0.06940474992967212
2018-08-28 00:00:00.000,0.0725437839919554
2018-08-29 00:00:00.000,0.07466390083473702
2018-08-30 00:00:00.000,0.08067074954770298
2018-08-31 00:00:00.000,0.07760936470550273
2018-09-01 00:00:00.000,0.07774811326571449
2018-09-02 00:00:00.000,0.07976932442919962
2018-09-03 00:00:00.000,0.07831661399006995
2018-09-04 00:00:00.000,0.07812620211875215
2018-09-05 00:00:00.000,0.07701888325819822
2018-09-06 00:00:00.000,0.06545700534728176
2018-09-07 00:00:00.000,0.06458867144594488
2018-09-08 00:00:00.000,0.06066637882287392
2018-09-09 00:00:00.000,0.057258223158551516
2018-09-10 00:00:00.000,0.06366549964887126
2018-09-11 00:00:00.000,0.06057510467951395
2018-09-12 00:00:00.000,0.05863881821379966
2018-09-13 00:00:00.000,0.060160636197146566
2018-09-14 00:00:00.000,0.06626668930614045
2018-09-15 00:00:00.000,0.06570328129065006
2018-09-16 00:00:00.000,0.07119341065760075
2018-09-17 00:00:00.000,0.06989798938964209
2018-09-18 00:00:00.000,0.06480224479666094
2018-09-19 00:00:00.000,0.06966825569827542
2018-09-20 00:00:00.000,0.07342410171440134
2018-09-21 00:00:00.000,0.07996553614876913
2018-09-22 00:00:00.000,0.08038656294220002
2018-09-23 00:00:00.000,0.07660151798404234
2018-09-24 00:00:00.000,0.07760615596062509
2018-09-25 00:00:00.000,0.07519278766884774
2018-09-26 00:00:00.000,0.07186927043877682
2018-09-27 00:00:00.000,0.07182349056841864
2018-09-28 00:00:00.000,0.07767797919720296
2018-09-29 00:00:00.000,0.07739018424403102
2018-09-30 00:00:00.000,0.07459792902239719
2018-10-01 00:00:00.000,0.0748376520304038
2018-10-02 00:00:00.000,0.07462630132012148
2018-10-03 00:00:00.000,0.07366779568659297
2018-10-04 00:00:00.000,0.07382694577051988
2018-10-05 00:00:00.000,0.07676123780089186
2018-10-06 00:00:00.000,0.07922852586190177
2018-10-07 00:00:00.000,0.0761277786860586
2018-10-08 00:00:00.000,0.07700620189914777
2018-10-09 00:00:00.000,0.07614440026168241
2018-10-10 00:00:00.000,0.07632610130986112
2018-10-11 00:00:00.000,0.07493396964105854
2018-10-12 00:00:00.000,0.0679693875662618
2018-10-13 00:00:00.000,0.06869428492306662
2018-10-14 00:00:00.000,0.06864916174703926
2018-10-15 00:00:00.000,0.06848584251501542
2018-10-16 00:00:00.000,0.07119741936441129
2018-10-17 00:00:00.000,0.07211387657883186
2018-10-18 00:00:00.000,0.07224630607441773
2018-10-19 00:00:00.000,0.06936733664799286
2018-10-20 00:00:00.000,0.07033175734221266
2018-10-21 00:00:00.000,0.07106962339348556
2018-10-22 00:00:00.000,0.07320029155839454
2018-10-23 00:00:00.000,0.07256056236289019
2018-10-24 00:00:00.000,0.0736802867654239
2018-10-25 00:00:00.000,0.07272645677209806
2018-10-26 00:00:00.000,0.07274501688630446
2018-10-27 00:00:00.000,0.07396445272472724
2018-10-28 00:00:00.000,0.07666844714850311
2018-10-29 00:00:00.000,0.07786048856626339
2018-10-30 00:00:00.000,0.07280380118015026
2018-10-31 00:00:00.000,0.07474088016689398
2018-11-01 00:00:00.000,0.07580462330499196
2018-11-02 00:00:00.000,0.07862104398038841
2018-11-03 00:00:00.000,0.07954689211761573
2018-11-04 00:00:00.000,0.07705489897375495
2018-11-05 00:00:00.000,0.07603275929158164
2018-11-06 00:00:00.000,0.07741641832374074
2018-11-07 00:00:00.000,0.07786973887255551
2018-11-08 00:00:00.000,0.07892699929602878
2018-11-09 00:00:00.000,0.08739479328286857
2018-11-10 00:00:00.000,0.08496377704286605
2018-11-11 00:00:00.000,0.0962504202985317
2018-11-12 00:00:00.000,0.09390426356641897
2018-11-13 00:00:00.000,0.102538670710607
2018-11-14 00:00:00.000,0.10344703125913882
2018-11-15 00:00:00.000,0.08886564003434928
2018-11-16 00:00:00.000,0.09325709273609153
2018-11-17 00:00:00.000,0.08708364316728005
2018-11-18 00:00:00.000,0.08417051393121971
2018-11-19 00:00:00.000,0.08709784816826156
2018-11-20 00:00:00.000,0.06959099819193627
2018-11-21 00:00:00.000,0.058480439848977835
2018-11-22 00:00:00.000,0.06556915337537067
2018-11-23 00:00:00.000,0.060721056158602855
2018-11-24 00:00:00.000,0.06044059378219794
2018-11-25 00:00:00.000,0.05352916160378211
2018-11-26 00:00:00.000,0.05493142564288202
2018-11-27 00:00:00.000,0.052150517301520656
2018-11-28 00:00:00.000,0.052851236885769814
2018-11-29 00:00:00.000,0.060555945158223184
2018-11-30 00:00:00.000,0.06113061096270526
2018-12-01 00:00:00.000,0.05794653094872616
2018-12-02 00:00:00.000,0.06349765001949824
2018-12-03 00:00:00.000,0.06355590695263322
2018-12-04 00:00:00.000,0.06975388745618516
2018-12-05 00:00:00.000,0.06524944475962148
2018-12-06 00:00:00.000,0.05780721316554987
2018-12-07 00:00:00.000,0.05419424827378757
2018-12-08 00:00:00.000,0.05601017342081306
2018-12-09 00:00:00.000,0.05769869088193514
2018-12-10 00:00:00.000,0.06030728168978953
2018-12-11 00:00:00.000,0.056649160664546484
2018-12-12 00:00:00.000,0.05254823182600827
2018-12-13 00:00:00.000,0.053889019592547105
2018-12-14 00:00:00.000,0.048417712100077975
2018-12-15 00:00:00.000,0.04350734426846852
2018-12-16 00:00:00.000,0.043386249542996566
2018-12-17 00:00:00.000,0.04515057502468973
2018-12-18 00:00:00.000,0.04832394167503033
2018-12-19 00:00:00.000,0.04876948160489974
2018-12-20 00:00:00.000,0.04745937038837916
2018-12-21 00:00:00.000,0.052739401672434225
2018-12-22 00:00:00.000,0.053553191719367274
2018-12-23 00:00:00.000,0.05601148343265833
2018-12-24 00:00:00.000,0.05641808958524569
2018-12-25 00:00:00.000,0.05523395224330926
2018-12-26 00:00:00.000,0.04966273458206542
2018-12-27 00:00:00.000,0.049692088555204225
2018-12-28 00:00:00.000,0.04491083595978788
2018-12-29 00:00:00.000,0.05014183214242492
2018-12-30 00:00:00.000,0.04859236163543329
2018-12-31 00:00:00.000,0.04789593857018345
2019-01-01 00:00:00.000,0.04478664783325168
2019-01-02 00:00:00.000,0.0458582405307391
2019-01-03 00:00:00.000,0.04630828938153892
2019-01-04 00:00:00.000,0.04381015413249083
2019-01-05 00:00:00.000,0.04520442774891326
2019-01-06 00:00:00.000,0.044972913013872226
2019-01-07 00:00:00.000,0.045388437010177876
2019-01-08 00:00:00.000,0.04494906099398091
2019-01-09 00:00:00.000,0.04446160411785295
2019-01-10 00:00:00.000,0.045861733966295774
2019-01-11 00:00:00.000,0.03805722890830864
2019-01-12 00:00:00.000,0.03860896987221509
2019-01-13 00:00:00.000,0.038189063725595204
2019-01-14 00:00:00.000,0.03500897088116384
2019-01-15 00:00:00.000,0.03739673953899216
2019-01-16 00:00:00.000,0.036469958134257345
2019-01-17 00:00:00.000,0.04000823083675188
2019-01-18 00:00:00.000,0.04016632292402206
2019-01-19 00:00:00.000,0.039174135833166514
2019-01-20 00:00:00.000,0.04010338752393162
2019-01-21 00:00:00.000,0.03803091661620497
2019-01-22 00:00:00.000,0.037706986541436165
2019-01-23 00:00:00.000,0.039193779163453527
2019-01-24 00:00:00.000,0.0382012110101125
2019-01-25 00:00:00.000,0.039052525070077705
2019-01-26 00:00:00.000,0.038763324976857486
2019-01-27 00:00:00.000,0.03953730697629615
2019-01-28 00:00:00.000,0.03847668374540515
2019-01-29 00:00:00.000,0.03543053966735276
2019-01-30 00:00:00.000,0.03442867049335512
2019-01-31 00:00:00.000,0.036345336794385064
2019-02-01 00:00:00.000,0.03506747588182031
2019-02-02 00:00:00.000,0.03504785669082064
2019-02-03 00:00:00.000,0.035462102211907806
2019-02-04 00:00:00.000,0.034108942754576495
2019-02-05 00:00:00.000,0.03498283045830206
2019-02-06 00:00:00.000,0.035681257386916944
2019-02-07 00:00:00.000,0.032385617204043086
2019-02-08 00:00:00.000,0.03345161999178755
2019-02-09 00:00:00.000,0.03782547812096787
2019-02-10 00:00:00.000,0.03525836351797697
2019-02-11 00:00:00.000,0.0374995087343759
2019-02-12 00:00:00.000,0.035487109348317135
2019-02-13 00:00:00.000,0.03675896587167881
2019-02-14 00:00:00.000,0.03589477334475857
2019-02-15 00:00:00.000,0.03409838708086244
2019-02-16 00:00:00.000,0.034780928184580805
2019-02-17 00:00:00.000,0.0371696408398972
2019-02-18 00:00:00.000,0.036142191130490726
2019-02-19 00:00:00.000,0.03851930621364313
2019-02-20 00:00:00.000,0.03852839269852355
2019-02-21 00:00:00.000,0.03822818975470173
2019-02-22 00:00:00.000,0.036510418196409995
2019-02-23 00:00:00.000,0.03716536769773586
2019-02-24 00:00:00.000,0.03737003089687722
2019-02-25 00:00:00.000,0.03525463871483827
2019-02-26 00:00:00.000,0.03574496069878608
2019-02-27 00:00:00.000,0.04855680908130959
2019-02-28 00:00:00.000,0.042494309041470606
2019-03-01 00:00:00.000,0.04351704363277717
2019-03-02 00:00:00.000,0.04242614410472384
2019-03-03 00:00:00.000,0.04208452607295267
2019-03-04 00:00:00.000,0.0408773708322857
2019-03-05 00:00:00.000,0.03952992150137971
2019-03-06 00:00:00.000,0.043821557729617544
2019-03-07 00:00:00.000,0.0419364988478251
2019-03-08 00:00:00.000,0.041491774302682145
2019-03-09 00:00:00.000,0.044877253784605074
2019-03-10 00:00:00.000,0.047502690832257756
2019-03-11 00:00:00.000,0.04814115543094648
2019-03-12 00:00:00.000,0.04534661142812229
2019-03-13 00:00:00.000,0.04834119054438384
2019-03-14 00:00:00.000,0.04784069472529921
2019-03-15 00:00:00.000,0.04734363001234393
2019-03-16 00:00:00.000,0.048789700645071495
2019-03-17 00:00:00.000,0.04723740614650487
2019-03-18 00:00:00.000,0.050120637871119346
2019-03-19 00:00:00.000,0.051613761776688555
2019-03-20 00:00:00.000,0.04933528182975732
2019-03-21 00:00:00.000,0.050060278889844566
2019-03-22 00:00:00.000,0.04879802614060654
2019-03-23 00:00:00.000,0.04946524025717428
2019-03-24 00:00:00.000,0.050657709650912396
2019-03-25 00:00:00.000,0.051976231509316545
2019-03-26 00:00:00.000,0.04995372343751269
2019-03-27 00:00:00.000,0.05007677553211745
2019-03-28 00:00:00.000,0.052006835208910585
2019-03-29 00:00:00.000,0.06524892907901565
2019-03-30 00:00:00.000,0.06055038026220992
2019-03-31 00:00:00.000,0.057279739232279324
2019-04-01 00:00:00.000,0.05660076312288031
2019-04-02 00:00:00.000,0.05671448833822958
2019-04-03 00:00:00.000,0.05828036059973013
2019-04-04 00:00:00.000,0.05765425100158156
2019-04-05 00:00:00.000,0.06038940659584796
2019-04-06 00:00:00.000,0.06034802928079673
2019-04-07 00:00:00.000,0.05856933178740693
2019-04-08 00:00:00.000,0.06222745203467891
2019-04-09 00:00:00.000,0.05901399887413275
2019-04-10 00:00:00.000,0.05716223535582867
2019-04-11 00:00:00.000,0.05635077289149568
2019-04-12 00:00:00.000,0.05276023796560047
2019-04-13 00:00:00.000,0.052780024407501624
2019-04-14 00:00:00.000,0.054657723606573526
2019-04-15 00:00:00.000,0.055680037986882217
2019-04-16 00:00:00.000,0.05254001571937576
2019-04-17 00:00:00.000,0.057219077157925964
2019-04-18 00:00:00.000,0.0547071771963597
2019-04-19 00:00:00.000,0.05704278538526134
2019-04-20 00:00:00.000,0.05896915368462296
2019-04-21 00:00:00.000,0.05881753424061176
2019-04-22 00:00:00.000,0.05650435912674741
2019-04-23 00:00:00.000,0.055857537606029344
2019-04-24 00:00:00.000,0.055930724617508955
2019-04-25 00:00:00.000,0.052618082777038604
2019-04-26 00:00:00.000,0.04969376298583708
2019-04-27 00:00:00.000,0.050435367608147
2019-04-28 00:00:00.000,0.05064189558613489
2019-04-29 00:00:00.000,0.050073713861887
2019-04-30 00:00:00.000,0.049346538532086676
2019-05-01 00:00:00.000,0.05058572064473683
2019-05-02 00:00:00.000,0.05096632365948418
2019-05-03 00:00:00.000,0.05080966069989919
2019-05-04 00:00:00.000,0.0518118205713359
2019-05-05 00:00:00.000,0.051048252446095746
2019-05-06 00:00:00.000,0.051597570155514465
2019-05-07 00:00:00.000,0.054635340526213945
2019-05-08 00:00:00.000,0.05089801942357463
2019-05-09 00:00:00.000,0.050932572484728156
2019-05-10 00:00:00.000,0.04576111832021423
2019-05-11 00:00:00.000,0.04803404107551171
2019-05-12 00:00:00.000,0.05298226859012068
2019-05-13 00:00:00.000,0.04948735564558683
2019-05-14 00:00:00.000,0.0508386297820956
2019-05-15 00:00:00.000,0.05442411452681425
2019-05-16 00:00:00.000,0.057180344111705646
2019-05-17 00:00:00.000,0.05711348544371674
2019-05-18 00:00:00.000,0.05498036048133137
2019-05-19 00:00:00.000,0.059654013120852126
2019-05-20 00:00:00.000,0.05501049570403646
2019-05-21 00:00:00.000,0.05484278795214575
2019-05-22 00:00:00.000,0.05821192113111051
2019-05-23 00:00:00.000,0.055855408517476626
2019-05-24 00:00:00.000,0.060952895934981245
2019-05-25 00:00:00.000,0.0603432637764215
2019-05-26 00:00:00.000,0.060275422602075204
2019-05-27 00:00:00.000,0.060949017413793556
2019-05-28 00:00:00.000,0.06225834753943862
2019-05-29 00:00:00.000,0.060489380642959015
2019-05-30 00:00:00.000,0.061299591936434326
2019-05-31 00:00:00.000,0.057754812954735384
2019-06-01 00:00:00.000,0.059954012973501294
2019-06-02 00:00:00.000,0.05727264478953838
2019-06-03 00:00:00.000,0.05974126689500118
2019-06-04 00:00:00.000,0.05316413589456463
2019-06-05 00:00:00.000,0.05064352489647223
2019-06-06 00:00:00.000,0.051430423340051074
2019-06-07 00:00:00.000,0.05742226922314963
2019-06-08 00:00:00.000,0.059025407762475016
2019-06-09 00:00:00.000,0.05822477831591255
2019-06-10 00:00:00.000,0.057051686148271184
2019-06-11 00:00:00.000,0.05960106021175424
2019-06-12 00:00:00.000,0.05954515028319977
2019-06-13 00:00:00.000,0.055155326110543794
2019-06-14 00:00:00.000,0.058000853926957176
2019-06-15 00:00:00.000,0.058563133339025304
2019-06-16 00:00:00.000,0.059520282810192456
2019-06-17 00:00:00.000,0.05712994327895166
2019-06-18 00:00:00.000,0.05835496613649356
2019-06-19 00:00:00.000,0.05739090475616128
2019-06-20 00:00:00.000,0.05907790939133925
2019-06-21 00:00:00.000,0.062286928578053825
2019-06-22 00:00:00.000,0.059817628066445985
2019-06-23 00:00:00.000,0.05964874258133908
2019-06-24 00:00:00.000,0.05814278444183526
2019-06-25 00:00:00.000,0.057965783823539466
2019-06-26 00:00:00.000,0.05678014979711034
2019-06-27 00:00:00.000,0.04961435058848367
2019-06-28 00:00:00.000,0.04462176870872813
2019-06-29 00:00:00.000,0.044590965914040555
2019-06-30 00:00:00.000,0.048729353271045474
2019-07-01 00:00:00.000,0.04934295364045158
2019-07-02 00:00:00.000,0.04997729639984826
2019-07-03 00:00:00.000,0.04797033872480325
2019-07-04 00:00:00.000,0.051605910591030445
2019-07-05 00:00:00.000,0.0587509219729702
2019-07-06 00:00:00.000,0.054769120430058
2019-07-07 00:00:00.000,0.04950903986238362
2019-07-08 00:00:00.000,0.04884356876976611
2019-07-09 00:00:00.000,0.05117447926832431
2019-07-10 00:00:00.000,0.05318068737857984
2019-07-11 00:00:00.000,0.05295179586031908
2019-07-12 00:00:00.000,0.046993186742333125
2019-07-13 00:00:00.000,0.05132212812510383
2019-07-14 00:00:00.000,0.0489694603238833
2019-07-15 00:00:00.000,0.04328678657927252
2019-07-16 00:00:00.000,0.04273964873500965
2019-07-17 00:00:00.000,0.03851673517956236
2019-07-18 00:00:00.000,0.03921372556328629
2019-07-19 00:00:00.000,0.0439930311530248
2019-07-20 00:00:00.000,0.04657462673578714
2019-07-21 00:00:00.000,0.04687106936449625
2019-07-22 00:00:00.000,0.043941604980128425
2019-07-23 00:00:00.000,0.04589397194751441
2019-07-24 00:00:00.000,0.04298737861704955
2019-07-25 00:00:00.000,0.04275000559151569
2019-07-26 00:00:00.000,0.04240003257814294
2019-07-27 00:00:00.000,0.04117797487045836
2019-07-28 00:00:00.000,0.03946339495745361
2019-07-29 00:00:00.000,0.03981100251409584
2019-07-30 00:00:00.000,0.0398327911346663
2019-07-31 00:00:00.000,0.039161816985073004
2019-08-01 00:00:00.000,0.0403813043053239
2019-08-02 00:00:00.000,0.03979786167538883
2019-08-03 00:00:00.000,0.04007361516462494
2019-08-04 00:00:00.000,0.040855625513505564
2019-08-05 00:00:00.000,0.04087759112307907
2019-08-06 00:00:00.000,0.04156577901918791
2019-08-07 00:00:00.000,0.03890531251269786
2019-08-08 00:00:00.000,0.03950264493225096
2019-08-09 00:00:00.000,0.04038945610518959
2019-08-10 00:00:00.000,0.04078351322205564
2019-08-11 00:00:00.000,0.03849830359718182
2019-08-12 00:00:00.000,0.03955084929440006
2019-08-13 00:00:00.000,0.042780186377606465
2019-08-14 00:00:00.000,0.04084973027258848
2019-08-15 00:00:00.000,0.03677626234323554
2019-08-16 00:00:00.000,0.03629648587662814
2019-08-17 00:00:00.000,0.03556514840143915
2019-08-18 00:00:00.000,0.03649448830431547
2019-08-19 00:00:00.000,0.03879074303427352
2019-08-20 00:00:00.000,0.039730896738443745
2019-08-21 00:00:00.000,0.037646380055386806
2019-08-22 00:00:00.000,0.03480871044473233
2019-08-23 00:00:00.000,0.03562410905610796
2019-08-24 00:00:00.000,0.03860463950479986
2019-08-25 00:00:00.000,0.03734283400119285
2019-08-26 00:00:00.000,0.03584085499279914
2019-08-27 00:00:00.000,0.036017442346981114
2019-08-28 00:00:00.000,0.0355867296455916
2019-08-29 00:00:00.000,0.032511075158379775
2019-08-30 00:00:00.000,0.03174045443672133
2019-08-31 00:00:00.000,0.03217420824449482
2019-09-01 00:00:00.000,0.032058891186056
2019-09-02 00:00:00.000,0.031481002689940626
2019-09-03 00:00:00.000,0.032285463185881255
2019-09-04 00:00:00.000,0.03247923466766681
2019-09-05 00:00:00.000,0.03449268276717151
2019-09-06 00:00:00.000,0.03344434935568377
2019-09-07 00:00:00.000,0.031685007549522096
2019-09-08 00:00:00.000,0.03232901215042074
2019-09-09 00:00:00.000,0.03221127470016516
2019-09-10 00:00:00.000,0.03251393887237379
2019-09-11 00:00:00.000,0.033439918205820686
2019-09-12 00:00:00.000,0.0315459112111942
2019-09-13 00:00:00.000,0.03307432295611881
2019-09-14 00:00:00.000,0.032449430654257386
2019-09-15 00:00:00.000,0.0338698582998278
2019-09-16 00:00:00.000,0.03371761309487479
2019-09-17 00:00:00.000,0.03458100124452911
2019-09-18 00:00:00.000,0.035229177121546836
2019-09-19 00:00:00.000,0.03515559369004779
2019-09-20 00:00:00.000,0.035602598926448244
2019-09-21 00:00:00.000,0.03579278221741632
2019-09-22 00:00:00.000,0.033656686074665536
2019-09-23 00:00:00.000,0.03350929206903
2019-09-24 00:00:00.000,0.03291827359466315
2019-09-25 00:00:00.000,0.0270064858226836
2019-09-26 00:00:00.000,0.02732882225429196
2019-09-27 00:00:00.000,0.02709390633074249
2019-09-28 00:00:00.000,0.02760998655396506
2019-09-29 00:00:00.000,0.028372965160083315
2019-09-30 00:00:00.000,0.027276683885305984
2019-10-01 00:00:00.000,0.027651929120514368
2019-10-02 00:00:00.000,0.027825995949232657
2019-10-03 00:00:00.000,0.02786512921609735
2019-10-04 00:00:00.000,0.03060105745915306
2019-10-05 00:00:00.000,0.03061252383456073
2019-10-06 00:00:00.000,0.030780323231315725
2019-10-07 00:00:00.000,0.0278558454618152
2019-10-08 00:00:00.000,0.03128291749836148
2019-10-09 00:00:00.000,0.03204036144577673
2019-10-10 00:00:00.000,0.031833022216662135
2019-10-11 00:00:00.000,0.030021973176669277
2019-10-12 00:00:00.000,0.03096417523527571
2019-10-13 00:00:00.000,0.03193690038082767
2019-10-14 00:00:00.000,0.031642459273144706
2019-10-15 00:00:00.000,0.03242786588069077
2019-10-16 00:00:00.000,0.03271029731510479
2019-10-17 00:00:00.000,0.032471007895257704
2019-10-18 00:00:00.000,0.032041990845128945
2019-10-19 00:00:00.000,0.030139467467207682
2019-10-20 00:00:00.000,0.029697139125281317
2019-10-21 00:00:00.000,0.029958045596893666
2019-10-22 00:00:00.000,0.030277431600096695
2019-10-23 00:00:00.000,0.029398651076159476
2019-10-24 00:00:00.000,0.02695754879215005
2019-10-25 00:00:00.000,0.02740077071452093
2019-10-26 00:00:00.000,0.02978167455023393
2019-10-27 00:00:00.000,0.03265831867623609
2019-10-28 00:00:00.000,0.03206972337665218
2019-10-29 00:00:00.000,0.03161193151705126
2019-10-30 00:00:00.000,0.03150853318097204
2019-10-31 00:00:00.000,0.030748394012550577
2019-11-01 00:00:00.000,0.03153786862461204
2019-11-02 00:00:00.000,0.03172221943625725
2019-11-03 00:00:00.000,0.031769734339757716
2019-11-04 00:00:00.000,0.03136566478275311
2019-11-05 00:00:00.000,0.03195663292685882
2019-11-06 00:00:00.000,0.03148567449827425
2019-11-07 00:00:00.000,0.031632353034816624
2019-11-08 00:00:00.000,0.03130471075471809
2019-11-09 00:00:00.000,0.029971707898980703
2019-11-10 00:00:00.000,0.03018476195209873
2019-11-11 00:00:00.000,0.03047275242652584
2019-11-12 00:00:00.000,0.029720653914370638
2019-11-13 00:00:00.000,0.0296855022416928
2019-11-14 00:00:00.000,0.029820555332545826
2019-11-15 00:00:00.000,0.029579833149711594
2019-11-16 00:00:00.000,0.028683811816996925
2019-11-17 00:00:00.000,0.028924861717825257
2019-11-18 00:00:00.000,0.02921899298993732
2019-11-19 00:00:00.000,0.028571207797104373
2019-11-20 00:00:00.000,0.027178078814218822
2019-11-21 00:00:00.000,0.026903592538261217
2019-11-22 00:00:00.000,0.025115964066122317
2019-11-23 00:00:00.000,0.02332054563047048
2019-11-24 00:00:00.000,0.02352063221649977
2019-11-25 00:00:00.000,0.021021764717670893
2019-11-26 00:00:00.000,0.021997106002954635
2019-11-27 00:00:00.000,0.02280957897929738
2019-11-28 00:00:00.000,0.02486300661211059
2019-11-29 00:00:00.000,0.025400564745806254
2019-11-30 00:00:00.000,0.026545678089234685
2019-12-01 00:00:00.000,0.02565070444101869
2019-12-02 00:00:00.000,0.024900410641680155
2019-12-03 00:00:00.000,0.02451729387502688
2019-12-04 00:00:00.000,0.02463828961015669
2019-12-05 00:00:00.000,0.024312468725239157
2019-12-06 00:00:00.000,0.024643843495057147
2019-12-07 00:00:00.000,0.0251998745470755
2019-12-08 00:00:00.000,0.025209090250627498
2019-12-09 00:00:00.000,0.026766683147127563
2019-12-10 00:00:00.000,0.026546648322312717
2019-12-11 00:00:00.000,0.02714450564285787
2019-12-12 00:00:00.000,0.0272678475533958
2019-12-13 00:00:00.000,0.02551826726971703
2019-12-14 00:00:00.000,0.026767249832564163
2019-12-15 00:00:00.000,0.025702911020350144
2019-12-16 00:00:00.000,0.0262180317913277
2019-12-17 00:00:00.000,0.026406500007083878
2019-12-18 00:00:00.000,0.025352425274769785
2019-12-19 00:00:00.000,0.026181311175098688
2019-12-20 00:00:00.000,0.027292753859275976
2019-12-21 00:00:00.000,0.029354699275677066
2019-12-22 00:00:00.000,0.0289653942582666
2019-12-23 00:00:00.000,0.029057242796855683
2019-12-24 00:00:00.000,0.028445046547474467
2019-12-25 00:00:00.000,0.029679488273397583
2019-12-26 00:00:00.000,0.03037720550319659
2019-12-27 00:00:00.000,0.03345455073826186
2019-12-28 00:00:00.000,0.03425086710080183
2019-12-29 00:00:00.000,0.03474859360023909
2019-12-30 00:00:00.000,0.03333860791241934
2019-12-31 00:00:00.000,0.03180063418495022
2020-01-01 00:00:00.000,0.03035414253961434
2020-01-02 00:00:00.000,0.03164888698541283
2020-01-03 00:00:00.000,0.03277444502026047
2020-01-04 00:00:00.000,0.03273064406717223
2020-01-05 00:00:00.000,0.03555116465633499
2020-01-06 00:00:00.000,0.03555644013343232
2020-01-07 00:00:00.000,0.036700533890846904
2020-01-08 00:00:00.000,0.03372208414231737
2020-01-09 00:00:00.000,0.03409778737888864
2020-01-10 00:00:00.000,0.03356340347475122
2020-01-11 00:00:00.000,0.03202348133633972
2020-01-12 00:00:00.000,0.03161288099931301
2020-01-13 00:00:00.000,0.03310700498751051
2020-01-14 00:00:00.000,0.03222217240331541
2020-01-15 00:00:00.000,0.03331482157864394
2020-01-16 00:00:00.000,0.0354879626409257
2020-01-17 00:00:00.000,0.03618594210571719
2020-01-18 00:00:00.000,0.03833249592107339
2020-01-19 00:00:00.000,0.03741755353471175
2020-01-20 00:00:00.000,0.03543147336520008
2020-01-21 00:00:00.000,0.03438639039324254
2020-01-22 00:00:00.000,0.03391349671165622
2020-01-23 00:00:00.000,0.03401701446446619
2020-01-24 00:00:00.000,0.03414631096408401
2020-01-25 00:00:00.000,0.03406920167961912
2020-01-26 00:00:00.000,0.03406471754552222
2020-01-27 00:00:00.000,0.03569992326775676
2020-01-28 00:00:00.000,0.03550831466924735
2020-01-29 00:00:00.000,0.03630297572866936
2020-01-30 00:00:00.000,0.03663688138035974
2020-01-31 00:00:00.000,0.03682269439270966
2020-02-01 00:00:00.000,0.03586112113071089
2020-02-02 00:00:00.000,0.03675493194292608
2020-02-03 00:00:00.000,0.038077367908684295
2020-02-04 00:00:00.000,0.03962289209969644
2020-02-05 00:00:00.000,0.0420349787012189
2020-02-06 00:00:00.000,0.04256570897989078
2020-02-07 00:00:00.000,0.04704097495078974
2020-02-08 00:00:00.000,0.0504804021406983
2020-02-09 00:00:00.000,0.056077557670585365
2020-02-10 00:00:00.000,0.06433255226799409
2020-02-11 00:00:00.000,0.060101683659674526
2020-02-12 00:00:00.000,0.06409120855570948
2020-02-13 00:00:00.000,0.06161278470006623
2020-02-14 00:00:00.000,0.0602940764995798
2020-02-15 00:00:00.000,0.0619828725745689
2020-02-16 00:00:00.000,0.0574421107180546
2020-02-17 00:00:00.000,0.057185337795409734
2020-02-18 00:00:00.000,0.056244638478182216
2020-02-19 00:00:00.000,0.06529901993417932
2020-02-20 00:00:00.000,0.05768114536514009
2020-02-21 00:00:00.000,0.05423168509672595
2020-02-22 00:00:00.000,0.05563500532451397
2020-02-23 00:00:00.000,0.051452748207959274
2020-02-24 00:00:00.000,0.05786366354119602
2020-02-25 00:00:00.000,0.052051019331977144
2020-02-26 00:00:00.000,0.04393853420034084
2020-02-27 00:00:00.000,0.038808154704074345
2020-02-28 00:00:00.000,0.04086787134674503
2020-02-29 00:00:00.000,0.04075847973597959
2020-03-01 00:00:00.000,0.03688169891956575
2020-03-02 00:00:00.000,0.037166920015213
2020-03-03 00:00:00.000,0.04210336647491058
2020-03-04 00:00:00.000,0.042671549995553844
2020-03-05 00:00:00.000,0.04740312023158092
2020-03-06 00:00:00.000,0.04726777869281965
2020-03-07 00:00:00.000,0.049568100715519176
2020-03-08 00:00:00.000,0.04461282616944072
2020-03-09 00:00:00.000,0.0369574333193238
2020-03-10 00:00:00.000,0.03502301337767889
2020-03-11 00:00:00.000,0.03668936018141075
2020-03-12 00:00:00.000,0.03505547669868683
2020-03-13 00:00:00.000,0.01823543746517608
2020-03-14 00:00:00.000,0.023044716820723652
2020-03-15 00:00:00.000,0.02315142548862052
2020-03-16 00:00:00.000,0.025026687310823244
2020-03-17 00:00:00.000,0.022479958851857187
2020-03-18 00:00:00.000,0.0231286213199552
2020-03-19 00:00:00.000,0.022143351529831514
2020-03-20 00:00:00.000,0.02522167836634169
2020-03-21 00:00:00.000,0.024885780879677293
2020-03-22 00:00:00.000,0.02487465487010994
2020-03-23 00:00:00.000,0.023173405054305173
2020-03-24 00:00:00.000,0.02514468982133725
2020-03-25 00:00:00.000,0.026721051352006538
2020-03-26 00:00:00.000,0.026204682843137345
2020-03-27 00:00:00.000,0.025769099728802668
2020-03-28 00:00:00.000,0.024092335579694014
2020-03-29 00:00:00.000,0.024350577220591623
2020-03-30 00:00:00.000,0.02265112943930051
2020-03-31 00:00:00.000,0.02504371628762858
2020-04-01 00:00:00.000,0.026151123952101382
2020-04-02 00:00:00.000,0.026276914621573166
2020-04-03 00:00:00.000,0.026335027438934046
2020-04-04 00:00:00.000,0.026003563530754985
2020-04-05 00:00:00.000,0.026736957332702267
2020-04-06 00:00:00.000,0.02607822302564555
2020-04-07 00:00:00.000,0.027997974463040705
2020-04-08 00:00:00.000,0.027807771650203983
2020-04-09 00:00:00.000,0.028429618448007003
2020-04-10 00:00:00.000,0.029297334993062387
2020-04-11 00:00:00.000,0.026833021813737055
2020-04-12 00:00:00.000,0.026791081307566
2020-04-13 00:00:00.000,0.026931885877813894
2020-04-14 00:00:00.000,0.02648429626818741
2020-04-15 00:00:00.000,0.02710996481954074
2020-04-16 00:00:00.000,0.02633571128740438
2020-04-17 00:00:00.000,0.027818790588635303
2020-04-18 00:00:00.000,0.02865118851915211
2020-04-19 00:00:00.000,0.030249961559188666
2020-04-20 00:00:00.000,0.028971434636050074
2020-04-21 00:00:00.000,0.027378441567824457
2020-04-22 00:00:00.000,0.026986358614481797
2020-04-23 00:00:00.000,0.028197275799367365
2020-04-24 00:00:00.000,0.028820710815476002
2020-04-25 00:00:00.000,0.029295220617081022
2020-04-26 00:00:00.000,0.02917747369794187
2020-04-27 00:00:00.000,0.030552108775179054
2020-04-28 00:00:00.000,0.03216965800872106
2020-04-29 00:00:00.000,0.03271498288917235
2020-04-30 00:00:00.000,0.0338185155031617
2020-05-01 00:00:00.000,0.03151352089801791
2020-05-02 00:00:00.000,0.033816125628252355
2020-05-03 00:00:00.000,0.0367759045099473
2020-05-04 00:00:00.000,0.0351961838218242
2020-05-05 00:00:00.000,0.03489885877408363
2020-05-06 00:00:00.000,0.035193687724534954
2020-05-07 00:00:00.000,0.03459687363532258
2020-05-08 00:00:00.000,0.03653120227758749
2020-05-09 00:00:00.000,0.039164624987480745
2020-05-10 00:00:00.000,0.03751498544814631
2020-05-11 00:00:00.000,0.03425714402367021
2020-05-12 00:00:00.000,0.03409925773204309
2020-05-13 00:00:00.000,0.03573554747397344
2020-05-14 00:00:00.000,0.03599487501389131
2020-05-15 00:00:00.000,0.037578483332621246
2020-05-16 00:00:00.000,0.03607354221757254
2020-05-17 00:00:00.000,0.03609993299936709
2020-05-18 00:00:00.000,0.03639200047084064
2020-05-19 00:00:00.000,0.037792711202347756
2020-05-20 00:00:00.000,0.03745236602691308
2020-05-21 00:00:00.000,0.03729819385968762
2020-05-22 00:00:00.000,0.035492087031920895
2020-05-23 00:00:00.000,0.037700592442898515
2020-05-24 00:00:00.000,0.038818330797610975
2020-05-25 00:00:00.000,0.035414439324410484
2020-05-26 00:00:00.000,0.04038260282023272
2020-05-27 00:00:00.000,0.04135209419958784
2020-05-28 00:00:00.000,0.040108106651121155
2020-05-29 00:00:00.000,0.03937317813812547
2020-05-30 00:00:00.000,0.039747013994989706
2020-05-31 00:00:00.000,0.04012775038556607
2020-06-01 00:00:00.000,0.040149494515916796
2020-06-02 00:00:00.000,0.04118320162428937
2020-06-03 00:00:00.000,0.040575181355205936
2020-06-04 00:00:00.000,0.04185014844213802
2020-06-05 00:00:00.000,0.042198040684776776
2020-06-06 00:00:00.000,0.04119093958615347
2020-06-07 00:00:00.000,0.04133794647290924
2020-06-08 00:00:00.000,0.04088796213836188
2020-06-09 00:00:00.000,0.041628069587089776
2020-06-10 00:00:00.000,0.04099303990357258
2020-06-11 00:00:00.000,0.04300784158022018
2020-06-12 00:00:00.000,0.04056999405827931
2020-06-13 00:00:00.000,0.0421306418960193
2020-06-14 00:00:00.000,0.04243356837629872
2020-06-15 00:00:00.000,0.040907444055472246
2020-06-16 00:00:00.000,0.040050851118790164
2020-06-17 00:00:00.000,0.04040649981229073
2020-06-18 00:00:00.000,0.04056990509164247
2020-06-19 00:00:00.000,0.041457374016394946
2020-06-20 00:00:00.000,0.04107204037154858
2020-06-21 00:00:00.000,0.04133503244296417
2020-06-22 00:00:00.000,0.04256907190638566
2020-06-23 00:00:00.000,0.04509102554472571
2020-06-24 00:00:00.000,0.04389766820953063
2020-06-25 00:00:00.000,0.04137722246853369
2020-06-26 00:00:00.000,0.041682675789994766
2020-06-27 00:00:00.000,0.039701294585982955
2020-06-28 00:00:00.000,0.03663472761219277
2020-06-29 00:00:00.000,0.036927624749515504
2020-06-30 00:00:00.000,0.03777188169175042
2020-07-01 00:00:00.000,0.037366843560835854
2020-07-02 00:00:00.000,0.03818007584503491
2020-07-03 00:00:00.000,0.036759329441186005
2020-07-04 00:00:00.000,0.0377684512222298
2020-07-05 00:00:00.000,0.03814040606490749
2020-07-06 00:00:00.000,0.03800811072302643
2020-07-07 00:00:00.000,0.039109124937598105
2020-07-08 00:00:00.000,0.03988982946183911
2020-07-09 00:00:00.000,0.040807200140350254
2020-07-10 00:00:00.000,0.04018813237276058
2020-07-11 00:00:00.000,0.04054463127717686
2020-07-12 00:00:00.000,0.0403826995626776
2020-07-13 00:00:00.000,0.04057184245395167
2020-07-14 00:00:00.000,0.04105188560779551
2020-07-15 00:00:00.000,0.0403568089791177
2020-07-16 00:00:00.000,0.039767928380307405
2020-07-17 00:00:00.000,0.03901365084462342
2020-07-18 00:00:00.000,0.03905837027196655
2020-07-19 00:00:00.000,0.03970544159237408
2020-07-20 00:00:00.000,0.041012072960744515
2020-07-21 00:00:00.000,0.041536264406920494
2020-07-22 00:00:00.000,0.047623774840403414
2020-07-23 00:00:00.000,0.04745189854946398
2020-07-24 00:00:00.000,0.0485018056206145
2020-07-25 00:00:00.000,0.046156748796028144
2020-07-26 00:00:00.000,0.04631512028459443
2020-07-27 00:00:00.000,0.044311950398821694
2020-07-28 00:00:00.000,0.040975076876445304
2020-07-29 00:00:00.000,0.042470010061867784
2020-07-30 00:00:00.000,0.04916740246904092
2020-07-31 00:00:00.000,0.047105866300871664
2020-08-01 00:00:00.000,0.04583327011347404
2020-08-02 00:00:00.000,0.0466350373125269
2020-08-03 00:00:00.000,0.04433700979069264
2020-08-04 00:00:00.000,0.045872688409968776
2020-08-05 00:00:00.000,0.045324102884146934
2020-08-06 00:00:00.000,0.053469419188176465
2020-08-07 00:00:00.000,0.05842125833358501
2020-08-08 00:00:00.000,0.07342039675626694
2020-08-09 00:00:00.000,0.10135453890570356
2020-08-10 00:00:00.000,0.09937790818561801
2020-08-11 00:00:00.000,0.1009031452049519
2020-08-12 00:00:00.000,0.09006519308836512
2020-08-13 00:00:00.000,0.09780411241308558
2020-08-14 00:00:00.000,0.09198587883472642
2020-08-15 00:00:00.000,0.09431779334873956
2020-08-16 00:00:00.000,0.09721302604641492
2020-08-17 00:00:00.000,0.09688695113495929
2020-08-18 00:00:00.000,0.09478547547270746
2020-08-19 00:00:00.000,0.08900218605439511
2020-08-20 00:00:00.000,0.08229146169496225
2020-08-21 00:00:00.000,0.08954248629897194
2020-08-22 00:00:00.000,0.09266284141209148
2020-08-23 00:00:00.000,0.09665510357012731
2020-08-24 00:00:00.000,0.0907778245989184
2020-08-25 00:00:00.000,0.09056156245661076
2020-08-26 00:00:00.000,0.08547751302032967
2020-08-27 00:00:00.000,0.08651331736433224
2020-08-28 00:00:00.000,0.0938841276357756
2020-08-29 00:00:00.000,0.10716403362232224
2020-08-30 00:00:00.000,0.10845743747733566
2020-08-31 00:00:00.000,0.10359264571261857
2020-09-01 00:00:00.000,0.09851534232039429
2020-09-02 00:00:00.000,0.10092327653408603
2020-09-03 00:00:00.000,0.10040363532292726
2020-09-04 00:00:00.000,0.08276134982929804
2020-09-05 00:00:00.000,0.08801402613472813
2020-09-06 00:00:00.000,0.07909141228981412
2020-09-07 00:00:00.000,0.0784256858943662
2020-09-08 00:00:00.000,0.07683050720683243
2020-09-09 00:00:00.000,0.07433542676444022
2020-09-10 00:00:00.000,0.07729690852338668
2020-09-11 00:00:00.000,0.08193650367273027
2020-09-12 00:00:00.000,0.08494439693936645
2020-09-13 00:00:00.000,0.08513327694342648
2020-09-14 00:00:00.000,0.08182824902746613
2020-09-15 00:00:00.000,0.08243956342356275
2020-09-16 00:00:00.000,0.07961756499918515
2020-09-17 00:00:00.000,0.07856047703886168
2020-09-18 00:00:00.000,0.0801876908424957
2020-09-19 00:00:00.000,0.0786683082529928
2020-09-20 00:00:00.000,0.08086037823277613
2020-09-21 00:00:00.000,0.07886189547505035
2020-09-22 00:00:00.000,0.0705425576299337
2020-09-23 00:00:00.000,0.0724583547382206
2020-09-24 00:00:00.000,0.06852710008643141
2020-09-25 00:00:00.000,0.07572718365070363
2020-09-26 00:00:00.000,0.07671496928015618
2020-09-27 00:00:00.000,0.07947660484356475
2020-09-28 00:00:00.000,0.07934733108782965
2020-09-29 00:00:00.000,0.07976647295854196
2020-09-30 00:00:00.000,0.08880105676298848
2020-10-01 00:00:00.000,0.0837712969630853
2020-10-02 00:00:00.000,0.07749739178060863
2020-10-03 00:00:00.000,0.0745942082219143
2020-10-04 00:00:00.000,0.07492582243302229
2020-10-05 00:00:00.000,0.07559035995391153
2020-10-06 00:00:00.000,0.07647116954960423
2020-10-07 00:00:00.000,0.07040843436156409
2020-10-08 00:00:00.000,0.07097864452685496
2020-10-09 00:00:00.000,0.07490245351443928
2020-10-10 00:00:00.000,0.07956049592075452
2020-10-11 00:00:00.000,0.07990911151901986
2020-10-12 00:00:00.000,0.07762974628214057
2020-10-13 00:00:00.000,0.07817658445364054
2020-10-14 00:00:00.000,0.0767321064932138
2020-10-15 00:00:00.000,0.07396623834623438
2020-10-16 00:00:00.000,0.07405793853907666
2020-10-17 00:00:00.000,0.06993916976416095
2020-10-18 00:00:00.000,0.07262781392623537
2020-10-19 00:00:00.000,0.07560021243663494
2020-10-20 00:00:00.000,0.07258304984066931
2020-10-21 00:00:00.000,0.0717907969949104
2020-10-22 00:00:00.000,0.07528602313521703
2020-10-23 00:00:00.000,0.0764962890416434
2020-10-24 00:00:00.000,0.07274274931129142
2020-10-25 00:00:00.000,0.07428843371166546
2020-10-26 00:00:00.000,0.07430226191978818
2020-10-27 00:00:00.000,0.07290286260444434
2020-10-28 00:00:00.000,0.07226371062178141
2020-10-29 00:00:00.000,0.06665797626893094
2020-10-30 00:00:00.000,0.06786850092637492
2020-10-31 00:00:00.000,0.06402654817998758
2020-11-01 00:00:00.000,0.06601917264660113
2020-11-02 00:00:00.000,0.06509588075506963
2020-11-03 00:00:00.000,0.062429425573092674
2020-11-04 00:00:00.000,0.0642757319758965
2020-11-05 00:00:00.000,0.06466847059378412
2020-11-06 00:00:00.000,0.07401853071345467
2020-11-07 00:00:00.000,0.08281258889339926
2020-11-08 00:00:00.000,0.07460658396122713
2020-11-09 00:00:00.000,0.08608097759363154
2020-11-10 00:00:00.000,0.09640547118556013
2020-11-11 00:00:00.000,0.08707787629297814
2020-11-12 00:00:00.000,0.08265278529532778
2020-11-13 00:00:00.000,0.0834292597345239
2020-11-14 00:00:00.000,0.08368165646532874
2020-11-15 00:00:00.000,0.07968778555762823
2020-11-16 00:00:00.000,0.07880461668797595
2020-11-17 00:00:00.000,0.08152500743422264
2020-11-18 00:00:00.000,0.08037606194366664
2020-11-19 00:00:00.000,0.07724722083959018
2020-11-20 00:00:00.000,0.07693244250882669
2020-11-21 00:00:00.000,0.08193286062871685
2020-11-22 00:00:00.000,0.08624053470754296
2020-11-23 00:00:00.000,0.08529616458592718
2020-11-24 00:00:00.000,0.08921463364472476
2020-11-25 00:00:00.000,0.09092191536236233
2020-11-26 00:00:00.000,0.08911674839215412
2020-11-27 00:00:00.000,0.07960835090282388
2020-11-28 00:00:00.000,0.07939926653377401
2020-11-29 00:00:00.000,0.08237950265887223
2020-11-30 00:00:00.000,0.08197519547841757
2020-12-01 00:00:00.000,0.08674022535278776
2020-12-02 00:00:00.000,0.08608510206082359
2020-12-03 00:00:00.000,0.09112301709570364
2020-12-04 00:00:00.000,0.09025703822710497
2020-12-05 00:00:00.000,0.08435094297795731
2020-12-06 00:00:00.000,0.09048613328481706
2020-12-07 00:00:00.000,0.08825330426831522
2020-12-08 00:00:00.000,0.08711498468658163
2020-12-09 00:00:00.000,0.08339868369852092
2020-12-10 00:00:00.000,0.0840186000899263
2020-12-11 00:00:00.000,0.08117636610975526
2020-12-12 00:00:00.000,0.07779030026536553
2020-12-13 00:00:00.000,0.08176427086409675
2020-12-14 00:00:00.000,0.08508453852666202
2020-12-15 00:00:00.000,0.08502825338939878
2020-12-16 00:00:00.000,0.08615392348808347
2020-12-17 00:00:00.000,0.08721754443582813
2020-12-18 00:00:00.000,0.08851278299424266
2020-12-19 00:00:00.000,0.0898124609083682
2020-12-20 00:00:00.000,0.09357745853245605
2020-12-21 00:00:00.000,0.09011985108450526
2020-12-22 00:00:00.000,0.08567077100405261
2020-12-23 00:00:00.000,0.08649841469057847
2020-12-24 00:00:00.000,0.07792246782179844
2020-12-25 00:00:00.000,0.08323545022946371
2020-12-26 00:00:00.000,0.0796830107841328
2020-12-27 00:00:00.000,0.0792062662807894
2020-12-28 00:00:00.000,0.08097346598959787
2020-12-29 00:00:00.000,0.08139941842900902
2020-12-30 00:00:00.000,0.08033724577241633
2020-12-31 00:00:00.000,0.07822335658133414
2021-01-01 00:00:00.000,0.0789805014261981
2021-01-02 00:00:00.000,0.08360150364319993
2021-01-03 00:00:00.000,0.07964192168355706
2021-01-04 00:00:00.000,0.08168127401419958
2021-01-05 00:00:00.000,0.07779424897008684
2021-01-06 00:00:00.000,0.08233246666056818
2021-01-07 00:00:00.000,0.09251550080366337
2021-01-08 00:00:00.000,0.1263834338821982
2021-01-09 00:00:00.000,0.12489104909271415
2021-01-10 00:00:00.000,0.1162323527372015
2021-01-11 00:00:00.000,0.1070289202200817
2021-01-12 00:00:00.000,0.09441948897205955
2021-01-13 00:00:00.000,0.10933199398221229
2021-01-14 00:00:00.000,0.11484546221756776
2021-01-15 00:00:00.000,0.11076898243991302
2021-01-16 00:00:00.000,0.10684237855611084
2021-01-17 00:00:00.000,0.10899586338811287
2021-01-18 00:00:00.000,0.11395725978335336
2021-01-19 00:00:00.000,0.11905668425524883
2021-01-20 00:00:00.000,0.1239037050656099
2021-01-21 00:00:00.000,0.1381010936152009
2021-01-22 00:00:00.000,0.11977217177376602
2021-01-23 00:00:00.000,0.15710706852856582
2021-01-24 00:00:00.000,0.19305398186167588
2021-01-25 00:00:00.000,0.17092105894928628
2021-01-26 00:00:00.000,0.16450968499759125
2021-01-27 00:00:00.000,0.1667352597626792
2021-01-28 00:00:00.000,0.14689567032633183
2021-01-29 00:00:00.000,0.15763916692209082
2021-01-30 00:00:00.000,0.15403411446180792
2021-01-31 00:00:00.000,0.15560666225132186
2021-02-01 00:00:00.000,0.15407742366279545
2021-02-02 00:00:00.000,0.1548799093255788
2021-02-03 00:00:00.000,0.16762258567624372
2021-02-04 00:00:00.000,0.17565966038451714
2021-02-05 00:00:00.000,0.17137061838859927
2021-02-06 00:00:00.000,0.21654150353523946
2021-02-07 00:00:00.000,0.22917371495258443
2021-02-08 00:00:00.000,0.23469517540907603
2021-02-09 00:00:00.000,0.23609318706489052
2021-02-10 00:00:00.000,0.24182450156184132
2021-02-11 00:00:00.000,0.24847808864033924
2021-02-12 00:00:00.000,0.2781526034349231
2021-02-13 00:00:00.000,0.30418975436750667
2021-02-14 00:00:00.000,0.34185220823315304
2021-02-15 00:00:00.000,0.31135628368353835
2021-02-16 00:00:00.000,0.29736235719292525
2021-02-17 00:00:00.000,0.2900960346148607
2021-02-18 00:00:00.000,0.29826092542963867
2021-02-19 00:00:00.000,0.31188512245535976
2021-02-20 00:00:00.000,0.33077360006623274
2021-02-21 00:00:00.000,0.30387064152915366
2021-02-22 00:00:00.000,0.314689018721311
2021-02-23 00:00:00.000,0.2735345251735174
2021-02-24 00:00:00.000,0.23279399828437983
2021-02-25 00:00:00.000,0.24875873960186426
2021-02-26 00:00:00.000,0.2577722447423718
2021-02-27 00:00:00.000,0.24839820318925743
2021-02-28 00:00:00.000,0.25484617647356944
2021-03-01 00:00:00.000,0.2367906670731452
2021-03-02 00:00:00.000,0.266297786752518
2021-03-03 00:00:00.000,0.2801826864300678
2021-03-04 00:00:00.000,0.34538888397927003
2021-03-05 00:00:00.000,0.4223335193648464
2021-03-06 00:00:00.000,0.3803064583380561
2021-03-07 00:00:00.000,0.36055863728813736
2021-03-08 00:00:00.000,0.4048817271938457
2021-03-09 00:00:00.000,0.4912413993302185
2021-03-10 00:00:00.000,0.5477255058947631
2021-03-11 00:00:00.000,0.48063069378245793
2021-03-12 00:00:00.000,0.5210852629481948
2021-03-13 00:00:00.000,0.660986450419646
2021-03-14 00:00:00.000,0.9547468254670869
2021-03-15 00:00:00.000,1.032210655862588
2021-03-16 00:00:00.000,1.06296800551576
2021-03-17 00:00:00.000,0.900207613019443
2021-03-18 00:00:00.000,1.0699102762269361
2021-03-19 00:00:00.000,0.9809652143565197
2021-03-20 00:00:00.000,0.963473151844785
2021-03-21 00:00:00.000,0.9051830507164665
2021-03-22 00:00:00.000,0.9827908045829273
2021-03-23 00:00:00.000,0.9241381420115583
2021-03-24 00:00:00.000,0.8595873523311811
2021-03-25 00:00:00.000,0.8521002302364619
2021-03-26 00:00:00.000,0.8152875577965459
2021-03-27 00:00:00.000,0.8935009977742953
2021-03-28 00:00:00.000,0.924696885102968
2021-03-29 00:00:00.000,1.1336990415973642
2021-03-30 00:00:00.000,1.086428384256404
2021-03-31 00:00:00.000,1.0814867385298008
2021-04-01 00:00:00.000,1.0158315070022284
2021-04-02 00:00:00.000,1.012906012254281
2021-04-03 00:00:00.000,1.035630756211873
2021-04-04 00:00:00.000,0.9426944304492432
2021-04-05 00:00:00.000,1.0021636306342718
2021-04-06 00:00:00.000,1.006372497095216
2021-04-07 00:00:00.000,0.9600405894348164
2021-04-08 00:00:00.000,0.9353120557718835
2021-04-09 00:00:00.000,0.9876275357998711
2021-04-10 00:00:00.000,1.0363277361823466
2021-04-11 00:00:00.000,1.0131231138454135
2021-04-12 00:00:00.000,1.0793713829895504
2021-04-13 00:00:00.000,1.1396626605084121
2021-04-14 00:00:00.000,1.1184159160618456
2021-04-15 00:00:00.000,1.0906862976217688
2021-04-16 00:00:00.000,1.2356804476770509
2021-04-17 00:00:00.000,1.2848974243233962
2021-04-18 00:00:00.000,1.5127760106789845
2021-04-19 00:00:00.000,1.3596403491206053
2021-04-20 00:00:00.000,1.3124355783239319
2021-04-21 00:00:00.000,1.3909888877789027
2021-04-22 00:00:00.000,1.3410804219946089
2021-04-23 00:00:00.000,1.2632963021016952
2021-04-24 00:00:00.000,1.226104642266282
2021-04-25 00:00:00.000,1.1068267670351037
2021-04-26 00:00:00.000,1.0910158990715073
2021-04-27 00:00:00.000,1.229389206345901
2021-04-28 00:00:00.000,1.3014564146685375
2021-04-29 00:00:00.000,1.5497996064557724
2021-04-30 00:00:00.000,1.4569327141872832
2021-05-01 00:00:00.000,1.4905558485672559
2021-05-02 00:00:00.000,1.466555502200645
2021-05-03 00:00:00.000,1.4092452201460035
2021-05-04 00:00:00.000,1.4054111705685322
2021-05-05 00:00:00.000,1.2685937445186568
2021-05-06 00:00:00.000,1.4159945471198538
2021-05-07 00:00:00.000,1.5402591691065006
2021-05-08 00:00:00.000,1.4672686098820624
2021-05-09 00:00:00.000,1.4436233256328088
2021-05-10 00:00:00.000,1.4866455104441427
2021-05-11 00:00:00.000,1.3338588616036948
2021-05-12 00:00:00.000,1.4286433622960903
2021-05-13 00:00:00.000,1.2707639795900942
2021-05-14 00:00:00.000,1.2575330214355145
2021-05-15 00:00:00.000,1.292847162229662
2021-05-16 00:00:00.000,1.1971419059796795
2021-05-17 00:00:00.000,1.1783712273922968
2021-05-18 00:00:00.000,1.058058921018026
2021-05-19 00:00:00.000,1.1303226264759505
2021-05-20 00:00:00.000,0.7936024913222989
2021-05-21 00:00:00.000,0.9524507880162125
2021-05-22 00:00:00.000,0.8128851545117681
2021-05-23 00:00:00.000,0.75721469323588
2021-05-24 00:00:00.000,0.6262956860496466
2021-05-25 00:00:00.000,0.7716941040063059
2021-05-26 00:00:00.000,0.7838894592767343
2021-05-27 00:00:00.000,0.9993819979881275
2021-05-28 00:00:00.000,0.8932306204579894
2021-05-29 00:00:00.000,0.8146614299789078
2021-05-30 00:00:00.000,0.7462500336849057
2021-05-31 00:00:00.000,0.7817007153353269
2021-06-01 00:00:00.000,0.8521297185711564
2021-06-02 00:00:00.000,0.8303495661087241
2021-06-03 00:00:00.000,0.8593558706118386
2021-06-04 00:00:00.000,0.883129622277475
2021-06-05 00:00:00.000,0.8178342384900177
2021-06-06 00:00:00.000,0.8132390403141692
2021-06-07 00:00:00.000,0.8198317567946891
2021-06-08 00:00:00.000,0.7375863878476467
2021-06-09 00:00:00.000,0.7136367062899945
2021-06-10 00:00:00.000,0.7376560489478893
2021-06-11 00:00:00.000,0.6972901471255107
2021-06-12 00:00:00.000,0.6913490230370078
2021-06-13 00:00:00.000,0.6678815226592586
2021-06-14 00:00:00.000,0.6940838981328188
2021-06-15 00:00:00.000,0.714209240133586
2021-06-16 00:00:00.000,0.7151453630158426
2021-06-17 00:00:00.000,0.704121112346185
2021-06-18 00:00:00.000,0.6924691798450975
2021-06-19 00:00:00.000,0.6461345134544029
2021-06-20 00:00:00.000,0.6313718813798719
2021-06-21 00:00:00.000,0.6237375770401082
2021-06-22 00:00:00.000,0.4747546766258298
2021-06-23 00:00:00.000,0.43713142280434386
2021-06-24 00:00:00.000,0.5040449864307311
2021-06-25 00:00:00.000,0.5298319647457745
2021-06-26 00:00:00.000,0.48571574358806474
2021-06-27 00:00:00.000,0.46688596765059814
2021-06-28 00:00:00.000,0.49355574677712355
2021-06-29 00:00:00.000,0.5083728246339546
2021-06-30 00:00:00.000,0.5542397811421451
2021-07-01 00:00:00.000,0.5788844061031463
2021-07-02 00:00:00.000,0.552254785710481
2021-07-03 00:00:00.000,0.5407506341775201
2021-07-04 00:00:00.000,0.5618133468902591
2021-07-05 00:00:00.000,0.5822777407597265
2021-07-06 00:00:00.000,0.549897236191437
2021-07-07 00:00:00.000,0.6143668692440382
2021-07-08 00:00:00.000,0.7361414958641278
2021-07-09 00:00:00.000,0.6610108879497829
2021-07-10 00:00:00.000,0.7034734448275323
2021-07-11 00:00:00.000,0.7597431737455854
2021-07-12 00:00:00.000,0.7418281389008843
2021-07-13 00:00:00.000,0.6863643704087767
2021-07-14 00:00:00.000,0.6534988499627444
2021-07-15 00:00:00.000,0.7126156524811195
2021-07-16 00:00:00.000,0.6561280875353129
2021-07-17 00:00:00.000,0.6064852303439312
2021-07-18 00:00:00.000,0.6025588028345192
2021-07-19 00:00:00.000,0.6172815747299738
2021-07-20 00:00:00.000,0.5655116438748099
2021-07-21 00:00:00.000,0.5218974627126395
2021-07-22 00:00:00.000,0.5801036598039508
2021-07-23 00:00:00.000,0.5899966702187064
2021-07-24 00:00:00.000,0.6820307369778196
2021-07-25 00:00:00.000,0.719347142188678
2021-07-26 00:00:00.000,0.7157933283063354
2021-07-27 00:00:00.000,0.6894335162515912
2021-07-28 00:00:00.000,0.6965455171544478
2021-07-29 00:00:00.000,0.6918467461731926
2021-07-30 00:00:00.000,0.7057935792370017
2021-07-31 00:00:00.000,0.7138806508068196
2021-08-01 00:00:00.000,0.7229970671850291
2021-08-02 00:00:00.000,0.6861532780716941
2021-08-03 00:00:00.000,0.6927402129055164
2021-08-04 00:00:00.000,0.695924147135607
2021-08-05 00:00:00.000,0.7273500967301794
2021-08-06 00:00:00.000,0.7338920839362343
2021-08-07 00:00:00.000,0.7505125914241725
2021-08-08 00:00:00.000,0.7707619663382196
2021-08-09 00:00:00.000,0.7219202756170008
2021-08-10 00:00:00.000,0.754687678423519
2021-08-11 00:00:00.000,0.83250657853509
2021-08-12 00:00:00.000,0.8241457670593474
2021-08-13 00:00:00.000,0.8010336789912629
2021-08-14 00:00:00.000,0.839407801614989
2021-08-15 00:00:00.000,0.8391406128055438
2021-08-16 00:00:00.000,0.8654310865478216
2021-08-17 00:00:00.000,0.8511079378817583
2021-08-18 00:00:00.000,0.7973677141610522
2021-08-19 00:00:00.000,0.7867530869387422
2021-08-20 00:00:00.000,0.8100053428231188
2021-08-21 00:00:00.000,0.8417641084711532
2021-08-22 00:00:00.000,0.8786785161890333
2021-08-23 00:00:00.000,0.8823618971809506
2021-08-24 00:00:00.000,0.9178220569623565
2021-08-25 00:00:00.000,0.8600385255629535
2021-08-26 00:00:00.000,0.9470143497163521
2021-08-27 00:00:00.000,0.9022476761780365
2021-08-28 00:00:00.000,0.9341402345156226
2021-08-29 00:00:00.000,0.9222633719023497
2021-08-30 00:00:00.000,1.0277583894911448
2021-08-31 00:00:00.000,0.9495814178788083
2021-09-01 00:00:00.000,0.9470780718411514
2021-09-02 00:00:00.000,0.9794902354941166
2021-09-03 00:00:00.000,0.9701960702113666
2021-09-04 00:00:00.000,0.9946588850036332
2021-09-05 00:00:00.000,1.054300070107961
2021-09-06 00:00:00.000,1.074666703508107
2021-09-07 00:00:00.000,1.0435786778623906
2021-09-08 00:00:00.000,0.8369231345005984
2021-09-09 00:00:00.000,0.859390821857191
2021-09-10 00:00:00.000,0.8711324921811447
2021-09-11 00:00:00.000,0.8166473033154849
2021-09-12 00:00:00.000,0.827464021030232
2021-09-13 00:00:00.000,0.8466369529798448
2021-09-14 00:00:00.000,0.8247510607408659
2021-09-15 00:00:00.000,0.8462034199992666
2021-09-16 00:00:00.000,0.8571578037098732
2021-09-17 00:00:00.000,0.8435008655108469
2021-09-18 00:00:00.000,0.8177252606629081
2021-09-19 00:00:00.000,0.8254920564221259
2021-09-20 00:00:00.000,0.8001213168248139
2021-09-21 00:00:00.000,0.6785738507221728
2021-09-22 00:00:00.000,0.6116390531684204
2021-09-23 00:00:00.000,0.7357237944636982
2021-09-24 00:00:00.000,0.7649226338767917
2021-09-25 00:00:00.000,0.700610272875533
2021-09-26 00:00:00.000,0.6964534179956153
2021-09-27 00:00:00.000,0.7100311225456867
2021-09-28 00:00:00.000,0.6693949286748344
2021-09-29 00:00:00.000,0.6215437164474027
2021-09-30 00:00:00.000,0.6460456140156315
2021-10-01 00:00:00.000,0.689103808687465
2021-10-02 00:00:00.000,0.7526365975679085
2021-10-03 00:00:00.000,0.7536432565753584
2021-10-04 00:00:00.000,0.7662296909350762
2021-10-05 00:00:00.000,0.7675261803261695
2021-10-06 00:00:00.000,0.7847670225396957
2021-10-07 00:00:00.000,0.7752578851994139
2021-10-08 00:00:00.000,0.7700606863200915
2021-10-09 00:00:00.000,0.8088722415383055
2021-10-10 00:00:00.000,0.8384299142787514
2021-10-11 00:00:00.000,0.7706807721068969
2021-10-12 00:00:00.000,0.762393097697648
2021-10-13 00:00:00.000,0.7515084876023693
2021-10-14 00:00:00.000,0.7673635232197722
2021-10-15 00:00:00.000,0.7739498640200291
2021-10-16 00:00:00.000,0.7626182150570888
2021-10-17 00:00:00.000,0.8117549808740288
2021-10-18 00:00:00.000,0.7654663594793711
2021-10-19 00:00:00.000,0.7495865156893629
2021-10-20 00:00:00.000,0.7742416501052373
2021-10-21 00:00:00.000,0.8167546478765388
2021-10-22 00:00:00.000,0.7902687555145499
2021-10-23 00:00:00.000,0.7938914005451844
2021-10-24 00:00:00.000,0.7945956602443851
2021-10-25 00:00:00.000,0.7787019952168867
2021-10-26 00:00:00.000,0.8109725291572399
2021-10-27 00:00:00.000,0.8148253993279087
2021-10-28 00:00:00.000,0.7556140114489933
2021-10-29 00:00:00.000,0.9293789691290932
2021-10-30 00:00:00.000,1.4026181037508294
2021-10-31 00:00:00.000,3.5298051536501514
2021-11-01 00:00:00.000,2.8522993018285794
2021-11-02 00:00:00.000,3.0587960295888377
2021-11-03 00:00:00.000,3.1302283402028332
2021-11-04 00:00:00.000,2.8503999330676852
2021-11-05 00:00:00.000,2.510907974284816
2021-11-06 00:00:00.000,2.615558093880612
2021-11-07 00:00:00.000,2.829747388249492
2021-11-08 00:00:00.000,2.833260729536514
2021-11-09 00:00:00.000,2.696742910966674
2021-11-10 00:00:00.000,2.5361435364821237
2021-11-11 00:00:00.000,2.4858269188833146
2021-11-12 00:00:00.000,2.6935310628892792
2021-11-13 00:00:00.000,3.268268683871524
2021-11-14 00:00:00.000,3.2563288114811293
2021-11-15 00:00:00.000,3.2211941014354895
2021-11-16 00:00:00.000,3.3333810070880716
2021-11-17 00:00:00.000,3.2694674804615764
2021-11-18 00:00:00.000,3.394962214998976
2021-11-19 00:00:00.000,3.7650058658802075
2021-11-20 00:00:00.000,4.318123016113627
2021-11-21 00:00:00.000,4.035257381181474
2021-11-22 00:00:00.000,3.746767227703721
2021-11-23 00:00:00.000,4.069369300199726
2021-11-24 00:00:00.000,4.022157333346952
2021-11-25 00:00:00.000,5.1164383909851185
2021-11-26 00:00:00.000,5.19888651714381
2021-11-27 00:00:00.000,4.651384725467008
2021-11-28 00:00:00.000,4.6681489189278045
2021-11-29 00:00:00.000,5.108968897252461
2021-11-30 00:00:00.000,4.900864503350006
2021-12-01 00:00:00.000,4.610627228200768
2021-12-02 00:00:00.000,4.534594494131094
2021-12-03 00:00:00.000,4.39187711900058
2021-12-04 00:00:00.000,3.9182801451798497
2021-12-05 00:00:00.000,4.098637485506142
2021-12-06 00:00:00.000,3.689634715938125
2021-12-07 00:00:00.000,3.778852812420177
2021-12-08 00:00:00.000,3.814102460686214
2021-12-09 00:00:00.000,3.756069143020304
2021-12-10 00:00:00.000,3.4784909586726567
2021-12-11 00:00:00.000,3.237894137440151
2021-12-12 00:00:00.000,3.4727388870897644
2021-12-13 00:00:00.000,3.636504439973764
2021-12-14 00:00:00.000,3.168975124074985
2021-12-15 00:00:00.000,3.156788134002708
2021-12-16 00:00:00.000,3.347136261213516
2021-12-17 00:00:00.000,3.1550961476760397
2021-12-18 00:00:00.000,3.086003221867905
2021-12-19 00:00:00.000,3.4476896628024636
2021-12-20 00:00:00.000,3.286534456182892
2021-12-21 00:00:00.000,3.214160652588346
2021-12-22 00:00:00.000,3.3023569300694495
2021-12-23 00:00:00.000,3.3014533515725324
2021-12-24 00:00:00.000,3.698074237180769
2021-12-25 00:00:00.000,3.523907662586453
2021-12-26 00:00:00.000,3.772988799640287
2021-12-27 00:00:00.000,3.8824242067186656
2021-12-28 00:00:00.000,3.7605323255684633
2021-12-29 00:00:00.000,3.381781434798159
2021-12-30 00:00:00.000,3.2585024930271618
2021-12-31 00:00:00.000,3.2975643156440277
2022-01-01 00:00:00.000,3.2837753609862053
2022-01-02 00:00:00.000,3.362912168662877
2022-01-03 00:00:00.000,3.3512812933629488
2022-01-04 00:00:00.000,3.2654965487737213
2022-01-05 00:00:00.000,3.1944964852537963
2022-01-06 00:00:00.000,2.9390688380014987
2022-01-07 00:00:00.000,3.3829650695793463
2022-01-08 00:00:00.000,3.080049033207626
2022-01-09 00:00:00.000,2.954629844358916
2022-01-10 00:00:00.000,2.955280483500563
2022-01-11 00:00:00.000,2.832719320096719
2022-01-12 00:00:00.000,2.9432491121501014
2022-01-13 00:00:00.000,3.10225498674441
2022-01-14 00:00:00.000,2.904286712625543
2022-01-15 00:00:00.000,2.9626491224649576
2022-01-16 00:00:00.000,2.9998911780482875
2022-01-17 00:00:00.000,3.1246749129488482
2022-01-18 00:00:00.000,2.9198093744768436
2022-01-19 00:00:00.000,2.8616232703619104
2022-01-20 00:00:00.000,2.743729245505247
2022-01-21 00:00:00.000,2.6360883603314003
2022-01-22 00:00:00.000,2.2301581473863834
2022-01-23 00:00:00.000,2.0414460677600186
2022-01-24 00:00:00.000,2.1191673192784792
2022-01-25 00:00:00.000,2.097272260649448
2022-01-26 00:00:00.000,2.1260324733787064
2022-01-27 00:00:00.000,2.1741773039497394
2022-01-28 00:00:00.000,2.26664990562353
2022-01-29 00:00:00.000,2.294435983046395
2022-01-30 00:00:00.000,2.3763648429587017
2022-01-31 00:00:00.000,2.5302591704510458
2022-02-01 00:00:00.000,2.838711845336331
2022-02-02 00:00:00.000,2.697334799791993
2022-02-03 00:00:00.000,2.5591751625816492
2022-02-04 00:00:00.000,2.6601644067675365
2022-02-05 00:00:00.000,2.827924994351074
2022-02-06 00:00:00.000,3.047315041602274
2022-02-07 00:00:00.000,3.318725280995242
2022-02-08 00:00:00.000,3.3015594156099715
2022-02-09 00:00:00.000,3.495626507486707
2022-02-10 00:00:00.000,3.3539721443673747
2022-02-11 00:00:00.000,3.154267932934502
2022-02-12 00:00:00.000,2.934937766523291
2022-02-13 00:00:00.000,2.9148285219315215
2022-02-14 00:00:00.000,2.8450160166572074
2022-02-15 00:00:00.000,2.851976334924339
2022-02-16 00:00:00.000,3.3285386704573385
2022-02-17 00:00:00.000,3.2810306146689214
2022-02-18 00:00:00.000,3.092036288372708
2022-02-19 00:00:00.000,2.9895687131982625
2022-02-20 00:00:00.000,2.910514160240482
2022-02-21 00:00:00.000,2.7121559002340634
2022-02-22 00:00:00.000,2.493529758005366
2022-02-23 00:00:00.000,2.646401249777144
2022-02-24 00:00:00.000,2.585236181947326
2022-02-25 00:00:00.000,2.5999641960296045
2022-02-26 00:00:00.000,2.7507194804919233
2022-02-27 00:00:00.000,2.6867434872711495
2022-02-28 00:00:00.000,2.5770927592102004
2022-03-01 00:00:00.000,2.8504899291715677
2022-03-02 00:00:00.000,2.8446006763798737
2022-03-03 00:00:00.000,2.758728169682906
2022-03-04 00:00:00.000,2.6485454703540134
2022-03-05 00:00:00.000,2.4796679344783303
2022-03-06 00:00:00.000,2.565457054966586
2022-03-07 00:00:00.000,2.4296057510313527
2022-03-08 00:00:00.000,2.3705371371686237
2022-03-09 00:00:00.000,2.392347194336326
2022-03-10 00:00:00.000,2.498322998804179
2022-03-11 00:00:00.000,2.3741699281589494
2022-03-12 00:00:00.000,2.3086725825216146
2022-03-13 00:00:00.000,2.317886791488006
2022-03-14 00:00:00.000,2.2610334353930273
2022-03-15 00:00:00.000,2.304596096256474
2022-03-16 00:00:00.000,2.2736870844261436
2022-03-17 00:00:00.000,2.4958922081839336
2022-03-18 00:00:00.000,2.4460615321306904
2022-03-19 00:00:00.000,2.4522143212991696
2022-03-20 00:00:00.000,2.5086977402718995
2022-03-21 00:00:00.000,2.401156730238303
2022-03-22 00:00:00.000,2.408098829837004
2022-03-23 00:00:00.000,2.437019572150335
2022-03-24 00:00:00.000,2.5439577448812947
2022-03-25 00:00:00.000,2.689272213365867
2022-03-26 00:00:00.000,2.588981401644885
2022-03-27 00:00:00.000,2.6143769721861574
2022-03-28 00:00:00.000,2.720310003949392
2022-03-29 00:00:00.000,2.681804253270944
2022-03-30 00:00:00.000,2.692063739058009
2022-03-31 00:00:00.000,2.7014668170743614
2022-04-01 00:00:00.000,2.616233674471169
2022-04-02 00:00:00.000,2.649852381051344
2022-04-03 00:00:00.000,2.640714377851909
2022-04-04 00:00:00.000,2.724395620940987
2022-04-05 00:00:00.000,2.656992870045147
2022-04-06 00:00:00.000,2.566956747617816
2022-04-07 00:00:00.000,2.3348492353253674
2022-04-08 00:00:00.000,2.4198656930350246
2022-04-09 00:00:00.000,2.2696074767037517
2022-04-10 00:00:00.000,2.3432494773584
2022-04-11 00:00:00.000,2.2777408737909517
2022-04-12 00:00:00.000,2.0611232842464813
2022-04-13 00:00:00.000,2.1600243661658696
2022-04-14 00:00:00.000,2.210433650299492
2022-04-15 00:00:00.000,2.1207122929356754
2022-04-16 00:00:00.000,2.147072493198468
2022-04-17 00:00:00.000,2.15753260517397
2022-04-18 00:00:00.000,2.057507601233526
2022-04-19 00:00:00.000,2.0895696457113537
2022-04-20 00:00:00.000,2.1643150367973774
2022-04-21 00:00:00.000,2.106752464233199
2022-04-22 00:00:00.000,2.0274150951655843
2022-04-23 00:00:00.000,2.0407267772489766
2022-04-24 00:00:00.000,2.015166538686373
2022-04-25 00:00:00.000,2.0033405732684946
2022-04-26 00:00:00.000,1.9817957057350255
2022-04-27 00:00:00.000,1.8044563991606886
2022-04-28 00:00:00.000,1.8451535169335118
2022-04-29 00:00:00.000,1.8026373530594288
2022-04-30 00:00:00.000,1.6679533206214632
2022-05-01 00:00:00.000,1.437547059120546
