date,enjincoin
2017-11-10 00:00:00.000,0.020559396910470363
2017-11-11 00:00:00.000,0.021406705774768185
2017-11-12 00:00:00.000,0.018659642845012703
2017-11-13 00:00:00.000,0.023524935046439904
2017-11-14 00:00:00.000,0.0300357870584728
2017-11-15 00:00:00.000,0.0255713995968376
2017-11-16 00:00:00.000,0.0219715469132105
2017-11-17 00:00:00.000,0.0203514002936616
2017-11-18 00:00:00.000,0.0233686019470627
2017-11-19 00:00:00.000,0.0234851136783847
2017-11-20 00:00:00.000,0.0240594124374054
2017-11-21 00:00:00.000,0.0212331734617649
2017-11-22 00:00:00.000,0.0222983587769339
2017-11-23 00:00:00.000,0.024101315903691
2017-11-24 00:00:00.000,0.0243374154482961
2017-11-25 00:00:00.000,0.0228362760592929
2017-11-26 00:00:00.000,0.0247199546555614
2017-11-27 00:00:00.000,0.0276965093099815
2017-11-28 00:00:00.000,0.0266207504646008
2017-11-29 00:00:00.000,0.0220770320205776
2017-11-30 00:00:00.000,0.0234021224197333
2017-12-01 00:00:00.000,0.0251063716693811
2017-12-02 00:00:00.000,0.0275239504096716
2017-12-03 00:00:00.000,0.0254157982253269
2017-12-04 00:00:00.000,0.0265483000949342
2017-12-05 00:00:00.000,0.0285416360716402
2017-12-06 00:00:00.000,0.0360650379529758
2017-12-07 00:00:00.000,0.0563912414343864
2017-12-08 00:00:00.000,0.0434966895675979
2017-12-09 00:00:00.000,0.0408096780314989
2017-12-10 00:00:00.000,0.043491505754235
2017-12-11 00:00:00.000,0.0480855635676923
2017-12-12 00:00:00.000,0.0486630790503321
2017-12-13 00:00:00.000,0.0474798687703714
2017-12-14 00:00:00.000,0.0542670759731782
2017-12-15 00:00:00.000,0.0606281398227225
2017-12-16 00:00:00.000,0.0896171151655934
2017-12-17 00:00:00.000,0.130341888386245
2017-12-18 00:00:00.000,0.118771732594437
2017-12-19 00:00:00.000,0.129818020030595
2017-12-20 00:00:00.000,0.110162441431342
2017-12-21 00:00:00.000,0.108206921969458
2017-12-22 00:00:00.000,0.0973533833526
2017-12-23 00:00:00.000,0.181115397381773
2017-12-24 00:00:00.000,0.163092961046174
2017-12-25 00:00:00.000,0.162443111077354
2017-12-26 00:00:00.000,0.156466721394719
2017-12-27 00:00:00.000,0.166304486220261
2017-12-28 00:00:00.000,0.156735343515742
2017-12-29 00:00:00.000,0.173248876541059
2017-12-30 00:00:00.000,0.1686384315142
2017-12-31 00:00:00.000,0.186317008750021
2018-01-01 00:00:00.000,0.184663206015074
2018-01-02 00:00:00.000,0.204076916131567
2018-01-03 00:00:00.000,0.22281030048373482
2018-01-04 00:00:00.000,0.36365341113538147
2018-01-05 00:00:00.000,0.39733059192843595
2018-01-06 00:00:00.000,0.46460933643561864
2018-01-07 00:00:00.000,0.44324339583106254
2018-01-08 00:00:00.000,0.40882165285302086
2018-01-09 00:00:00.000,0.3995914662440454
2018-01-10 00:00:00.000,0.3683503449764703
2018-01-11 00:00:00.000,0.3510662004123766
2018-01-12 00:00:00.000,0.4326876216211105
2018-01-13 00:00:00.000,0.3988242241255275
2018-01-14 00:00:00.000,0.34161703155940987
2018-01-15 00:00:00.000,0.311335872370653
2018-01-16 00:00:00.000,0.19981606746614516
2018-01-17 00:00:00.000,0.24400966022356077
2018-01-18 00:00:00.000,0.24801015927366862
2018-01-19 00:00:00.000,0.2527811196626761
2018-01-20 00:00:00.000,0.26446061111838076
2018-01-21 00:00:00.000,0.21788013472454332
2018-01-22 00:00:00.000,0.20215356633858783
2018-01-23 00:00:00.000,0.22327014627439634
2018-01-24 00:00:00.000,0.23075040403365005
2018-01-25 00:00:00.000,0.29251959825366997
2018-01-26 00:00:00.000,0.27504319219451623
2018-01-27 00:00:00.000,0.27532919818801554
2018-01-28 00:00:00.000,0.26618724695750123
2018-01-29 00:00:00.000,0.2638355655192831
2018-01-30 00:05:22.065,0.2647968954689814
2018-01-31 00:00:00.000,0.22397248387006208
2018-02-01 00:00:00.000,0.21154537134950122
2018-02-02 00:00:00.000,0.17684078577689896
2018-02-03 00:00:00.000,0.16935260281056666
2018-02-04 00:00:00.000,0.17610572065321287
2018-02-05 00:00:00.000,0.14798057942860046
2018-02-06 00:00:00.000,0.10289508720906024
2018-02-07 00:00:00.000,0.15500035044582036
2018-02-08 00:05:19.626,0.1344974193466497
2018-02-09 00:00:00.000,0.15287630782594702
2018-02-10 00:00:00.000,0.16081781132224146
2018-02-11 00:00:00.000,0.14990176280698392
2018-02-12 00:00:00.000,0.13864690338182994
2018-02-13 00:00:00.000,0.1487329607270969
2018-02-14 00:00:00.000,0.15403506213431606
2018-02-15 00:00:00.000,0.162671956703606
2018-02-16 00:00:00.000,0.17841906250934697
2018-02-17 00:00:00.000,0.18937807784971822
2018-02-18 00:00:00.000,0.21727437974420052
2018-02-19 00:00:00.000,0.1975219157772476
2018-02-20 00:00:00.000,0.24486485626205576
2018-02-21 00:00:00.000,0.212765079246733
2018-02-22 00:00:00.000,0.17948785081366989
2018-02-23 00:00:00.000,0.17894711392433796
2018-02-24 00:00:00.000,0.18416926264013872
2018-02-25 00:00:00.000,0.16969489321006007
2018-02-26 00:00:00.000,0.18084845367785546
2018-02-27 00:00:00.000,0.19039141462540263
2018-02-28 00:00:00.000,0.1890547984116558
2018-03-01 00:00:00.000,0.18560077500352462
2018-03-02 00:00:00.000,0.18033869945997072
2018-03-03 00:00:00.000,0.18914230063537024
2018-03-04 00:00:00.000,0.18723724623789656
2018-03-05 00:00:00.000,0.1787757639077046
2018-03-06 00:00:00.000,0.17583524547748763
2018-03-07 00:00:00.000,0.16250546755157597
2018-03-08 00:00:00.000,0.15083187904922132
2018-03-09 00:00:00.000,0.1328403902858894
2018-03-10 00:00:00.000,0.1360799772672186
2018-03-11 00:00:00.000,0.1289963728756432
2018-03-12 00:00:00.000,0.1445166265482851
2018-03-13 00:00:00.000,0.1373131211173575
2018-03-14 00:00:00.000,0.13500590127532253
2018-03-15 00:00:00.000,0.11557738147612993
2018-03-16 00:00:00.000,0.10758793974866197
2018-03-17 00:00:00.000,0.12062031871493968
2018-03-18 00:00:00.000,0.10653676227478648
2018-03-19 00:00:00.000,0.10539250458033472
2018-03-20 00:00:00.000,0.11166555362205716
2018-03-21 00:00:00.000,0.11918762870683572
2018-03-22 00:00:00.000,0.12444932483043962
2018-03-23 00:00:00.000,0.11583263830043361
2018-03-24 00:00:00.000,0.11505208380730138
2018-03-25 00:00:00.000,0.12360998148156228
2018-03-26 00:00:00.000,0.1302007156804073
2018-03-27 00:00:00.000,0.13175093353447997
2018-03-28 00:00:00.000,0.12635934576103702
2018-03-29 00:00:00.000,0.12666342420499496
2018-03-30 00:00:00.000,0.10498956237240009
2018-03-31 00:00:00.000,0.10398346767767835
2018-04-01 00:00:00.000,0.10130365954365717
2018-04-02 00:00:00.000,0.09516353499521668
2018-04-03 00:00:00.000,0.09741693702820475
2018-04-04 00:00:00.000,0.10570099554723952
2018-04-05 00:00:00.000,0.09102625927773966
2018-04-06 00:00:00.000,0.09022285352377045
2018-04-07 00:00:00.000,0.09581190971801223
2018-04-08 00:00:00.000,0.09434951877230126
2018-04-09 00:00:00.000,0.11027345122866243
2018-04-10 00:00:00.000,0.09776201535554759
2018-04-11 00:00:00.000,0.09547128790263347
2018-04-12 00:00:00.000,0.0989059648509994
2018-04-13 00:00:00.000,0.10980744398306418
2018-04-14 00:00:00.000,0.11021995274256934
2018-04-15 00:00:00.000,0.11012880297461652
2018-04-16 00:00:00.000,0.11902760212924142
2018-04-17 00:00:00.000,0.11356797381542726
2018-04-18 00:00:00.000,0.11652323621882123
2018-04-19 00:00:00.000,0.126560668934837
2018-04-20 00:00:00.000,0.13115196779841398
2018-04-21 00:00:00.000,0.13528749805730525
2018-04-22 00:00:00.000,0.13219880148080307
2018-04-23 00:00:00.000,0.13770793436395248
2018-04-24 00:00:00.000,0.14435411222850178
2018-04-25 00:00:00.000,0.1593937969520266
2018-04-26 00:00:00.000,0.13629866968206633
2018-04-27 00:00:00.000,0.14889305545236528
2018-04-28 00:00:00.000,0.1453999479374642
2018-04-29 00:00:00.000,0.1527443903779513
2018-04-30 00:00:00.000,0.1597687241358223
2018-05-01 00:00:00.000,0.1607042313415285
2018-05-02 00:00:00.000,0.1556580717617545
2018-05-03 00:00:00.000,0.15689825661049125
2018-05-04 00:00:00.000,0.17078746139536335
2018-05-05 00:00:00.000,0.17141518783784235
2018-05-06 00:00:00.000,0.16392154362609676
2018-05-07 00:00:00.000,0.15518104340319858
2018-05-08 00:00:00.000,0.15593537395533746
2018-05-09 00:00:00.000,0.15153886691686633
2018-05-10 00:00:00.000,0.14904543924701172
2018-05-11 00:00:00.000,0.15320803832733565
2018-05-12 00:00:00.000,0.13663758185695632
2018-05-13 00:00:00.000,0.13888564925133554
2018-05-14 00:00:00.000,0.14803220252638033
2018-05-15 00:00:00.000,0.1430382472205656
2018-05-16 00:00:00.000,0.1384174314358017
2018-05-17 00:00:00.000,0.13891839761654537
2018-05-18 00:00:00.000,0.12794448655409604
2018-05-19 00:00:00.000,0.13398539410012844
2018-05-20 00:00:00.000,0.13689725397207572
2018-05-21 00:00:00.000,0.14061854723589984
2018-05-22 00:00:00.000,0.14034329127004253
2018-05-23 00:00:00.000,0.13120755789146868
2018-05-24 00:00:00.000,0.1158087059883979
2018-05-25 00:00:00.000,0.1194596322910868
2018-05-26 00:00:00.000,0.11442839610218566
2018-05-27 00:00:00.000,0.11340388467036314
2018-05-28 00:00:00.000,0.1112011514505429
2018-05-29 00:00:00.000,0.09797144202184718
2018-05-30 00:00:00.000,0.10441243173966802
2018-05-31 00:00:00.000,0.10508438528086612
2018-06-01 00:00:00.000,0.10770664739016522
2018-06-02 00:00:00.000,0.10402901229009973
2018-06-03 00:00:00.000,0.10583201737930271
2018-06-04 00:00:00.000,0.10563937728306058
2018-06-05 00:00:00.000,0.0975822915631977
2018-06-06 00:00:00.000,0.09880574576001623
2018-06-07 00:00:00.000,0.09614130436526928
2018-06-08 00:00:00.000,0.11299167677886117
2018-06-09 00:00:00.000,0.10476884082658583
2018-06-10 00:00:00.000,0.10179237263884583
2018-06-11 00:00:00.000,0.08749391834966855
2018-06-12 00:00:00.000,0.08813224837391799
2018-06-13 00:00:00.000,0.08490163966819388
2018-06-14 00:00:00.000,0.07564942159048268
2018-06-15 00:00:00.000,0.08153545346140156
2018-06-16 00:00:00.000,0.0757911174308977
2018-06-17 00:00:00.000,0.07759199077979409
2018-06-18 00:00:00.000,0.0752716612735007
2018-06-19 00:00:00.000,0.07386037544775889
2018-06-20 00:00:00.000,0.07222981225812844
2018-06-21 00:00:00.000,0.06988694914417426
2018-06-22 00:00:00.000,0.06843692554023366
2018-06-23 00:00:00.000,0.05739575636842701
2018-06-24 00:00:00.000,0.055961914470259305
2018-06-25 00:00:00.000,0.05576786761642381
2018-06-26 00:00:00.000,0.056961116649801836
2018-06-27 00:00:00.000,0.05420365332380125
2018-06-28 00:00:00.000,0.053618349977495504
2018-06-29 00:00:00.000,0.05038769733519971
2018-06-30 00:00:00.000,0.05094086333278651
2018-07-01 00:00:00.000,0.05657087784569053
2018-07-02 00:00:00.000,0.056982348128316984
2018-07-03 00:00:00.000,0.06305512307949987
2018-07-04 00:00:00.000,0.060171555347277
2018-07-05 00:00:00.000,0.0635663130153503
2018-07-06 00:00:00.000,0.062161068497634454
2018-07-07 00:00:00.000,0.060888716649145205
2018-07-08 00:00:00.000,0.06530348638192308
2018-07-09 00:00:00.000,0.06424317397002714
2018-07-10 00:00:00.000,0.06588872742094698
2018-07-11 00:00:00.000,0.062153896723133664
2018-07-12 00:00:00.000,0.06098990549602197
2018-07-13 00:00:00.000,0.0584233883620987
2018-07-14 00:00:00.000,0.05848410304056189
2018-07-15 00:00:00.000,0.05696762526237896
2018-07-16 00:00:00.000,0.058356738658187295
2018-07-17 00:00:00.000,0.06140511997519628
2018-07-18 00:00:00.000,0.06586650953822305
2018-07-19 00:00:00.000,0.0634581247752512
2018-07-20 00:00:00.000,0.06029083742633469
2018-07-21 00:00:00.000,0.05730092045056602
2018-07-22 00:00:00.000,0.05961799841322256
2018-07-23 00:00:00.000,0.058100337403339815
2018-07-24 00:00:00.000,0.05461415385493581
2018-07-25 00:00:00.000,0.06257580435205887
2018-07-26 00:00:00.000,0.06129276268099268
2018-07-27 00:00:00.000,0.06021150689231593
2018-07-28 00:00:00.000,0.060837394189224486
2018-07-29 00:00:00.000,0.06241387977357271
2018-07-30 00:00:00.000,0.06317393446039171
2018-07-31 00:00:00.000,0.06075491211654175
2018-08-01 00:00:00.000,0.056475279613548666
2018-08-02 00:00:00.000,0.0542189888646341
2018-08-03 00:00:00.000,0.05096292850878883
2018-08-04 00:00:00.000,0.04961269272453878
2018-08-05 00:00:00.000,0.047822812386853146
2018-08-06 00:00:00.000,0.049021215705636216
2018-08-07 00:00:00.000,0.04735017901733152
2018-08-08 00:00:00.000,0.04822101078011078
2018-08-09 00:00:00.000,0.04321111102848283
2018-08-10 00:00:00.000,0.04510980929942527
2018-08-11 00:00:00.000,0.040816103031689616
2018-08-12 00:00:00.000,0.039926639523335444
2018-08-13 00:00:00.000,0.04004242794894863
2018-08-14 00:00:00.000,0.03672509382118406
2018-08-15 00:00:00.000,0.035299399960072975
2018-08-16 00:00:00.000,0.03722026406070144
2018-08-17 00:00:00.000,0.038478897527391406
2018-08-18 00:00:00.000,0.042469503559537616
2018-08-19 00:00:00.000,0.03934756238888202
2018-08-20 00:00:00.000,0.039679955319126575
2018-08-21 00:00:00.000,0.03561889431539776
2018-08-22 00:00:00.000,0.03726236333342781
2018-08-23 00:00:00.000,0.03513939782180699
2018-08-24 00:00:00.000,0.03635768278358327
2018-08-25 00:00:00.000,0.037694892125675186
2018-08-26 00:00:00.000,0.037687239507633495
2018-08-27 00:00:00.000,0.03761126880571647
2018-08-28 00:00:00.000,0.04031518054972013
2018-08-29 00:00:00.000,0.04445185093902307
2018-08-30 00:00:00.000,0.04219098063415839
2018-08-31 00:00:00.000,0.04281455773909178
2018-09-01 00:00:00.000,0.043591848813479626
2018-09-02 00:00:00.000,0.047278560738017165
2018-09-03 00:00:00.000,0.045815045943747315
2018-09-04 00:00:00.000,0.04643734437890126
2018-09-05 00:00:00.000,0.05008463627636707
2018-09-06 00:00:00.000,0.04210207945130792
2018-09-07 00:00:00.000,0.04790754630213496
2018-09-08 00:00:00.000,0.045458212996233996
2018-09-09 00:00:00.000,0.040567373751315444
2018-09-10 00:00:00.000,0.03820668132735662
2018-09-11 00:00:00.000,0.039349192067131646
2018-09-12 00:00:00.000,0.03816026982453313
2018-09-13 00:00:00.000,0.03660722893424267
2018-09-14 00:00:00.000,0.041063261618935136
2018-09-15 00:00:00.000,0.039955528894299285
2018-09-16 00:00:00.000,0.042478448258865265
2018-09-17 00:00:00.000,0.04221400278157785
2018-09-18 00:00:00.000,0.03946148450988897
2018-09-19 00:00:00.000,0.04044134252215637
2018-09-20 00:00:00.000,0.040114013634028674
2018-09-21 00:00:00.000,0.04123829186725002
2018-09-22 00:00:00.000,0.04356422231381044
2018-09-23 00:00:00.000,0.044525561515353584
2018-09-24 00:00:00.000,0.04388436002102263
2018-09-25 00:00:00.000,0.04142077013173153
2018-09-26 00:00:00.000,0.04052274221700473
2018-09-27 00:00:00.000,0.040603615749564836
2018-09-28 00:00:00.000,0.04363016254343493
2018-09-29 00:00:00.000,0.0672151258300509
2018-09-30 00:00:00.000,0.061744860510249605
2018-10-01 00:00:00.000,0.05962545934441438
2018-10-02 00:00:00.000,0.05767707602761266
2018-10-03 00:00:00.000,0.056055392792885926
2018-10-04 00:00:00.000,0.05579248260235598
2018-10-05 00:00:00.000,0.054923748286182954
2018-10-06 00:00:00.000,0.05668802855403989
2018-10-07 00:00:00.000,0.05415469571425076
2018-10-08 00:00:00.000,0.0542407490666313
2018-10-09 00:00:00.000,0.054256629752502734
2018-10-10 00:00:00.000,0.053247612433486295
2018-10-11 00:00:00.000,0.05434158284538202
2018-10-12 00:00:00.000,0.04565202692230131
2018-10-13 00:00:00.000,0.04837589337931612
2018-10-14 00:00:00.000,0.048727706301151155
2018-10-15 00:00:00.000,0.049745324111362246
2018-10-16 00:00:00.000,0.04949847745036736
2018-10-17 00:00:00.000,0.04960782692280352
2018-10-18 00:00:00.000,0.04904211535587733
2018-10-19 00:00:00.000,0.04806357445617082
2018-10-20 00:00:00.000,0.048662205813280714
2018-10-21 00:00:00.000,0.05434873864109741
2018-10-22 00:00:00.000,0.05000799412521995
2018-10-23 00:00:00.000,0.05143636834222982
2018-10-24 00:00:00.000,0.05046430846825505
2018-10-25 00:00:00.000,0.05345529950679093
2018-10-26 00:00:00.000,0.05044975393520158
2018-10-27 00:00:00.000,0.04949353864840203
2018-10-28 00:00:00.000,0.048712864762595724
2018-10-29 00:00:00.000,0.04972466735301519
2018-10-30 00:00:00.000,0.046150203226250006
2018-10-31 00:00:00.000,0.047807854898153
2018-11-01 00:00:00.000,0.04975066579357087
2018-11-02 00:00:00.000,0.05149180673437073
2018-11-03 00:00:00.000,0.0498454312790174
2018-11-04 00:00:00.000,0.04916676533994323
2018-11-05 00:00:00.000,0.04846453280401936
2018-11-06 00:00:00.000,0.04790295468822875
2018-11-07 00:00:00.000,0.04850102963052659
2018-11-08 00:00:00.000,0.049736860490103105
2018-11-09 00:00:00.000,0.049673659809883676
2018-11-10 00:00:00.000,0.049916725461667734
2018-11-11 00:00:00.000,0.05358155562529762
2018-11-12 00:00:00.000,0.04950896116307686
2018-11-13 00:00:00.000,0.050150910304501785
2018-11-14 00:00:00.000,0.04928562476670301
2018-11-15 00:00:00.000,0.04109067677111036
2018-11-16 00:00:00.000,0.04055361482316375
2018-11-17 00:00:00.000,0.03918034920394303
2018-11-18 00:00:00.000,0.037790105609890934
2018-11-19 00:00:00.000,0.039693314273314684
2018-11-20 00:00:00.000,0.03035212708926886
2018-11-21 00:00:00.000,0.028454079805539403
2018-11-22 00:00:00.000,0.029976378286202435
2018-11-23 00:00:00.000,0.028082374095273487
2018-11-24 00:00:00.000,0.02801234184160817
2018-11-25 00:00:00.000,0.02408620313785039
2018-11-26 00:00:00.000,0.024333611786914785
2018-11-27 00:00:00.000,0.022511102360324376
2018-11-28 00:00:00.000,0.022933779489491848
2018-11-29 00:00:00.000,0.02708292147302736
2018-11-30 00:00:00.000,0.027304838852539193
2018-12-01 00:00:00.000,0.025881273428882735
2018-12-02 00:00:00.000,0.0301703017406701
2018-12-03 00:00:00.000,0.028369766646096594
2018-12-04 00:00:00.000,0.026912362297890128
2018-12-05 00:00:00.000,0.02776964287094279
2018-12-06 00:00:00.000,0.02643550714661303
2018-12-07 00:00:00.000,0.023519990701383053
2018-12-08 00:00:00.000,0.025783574123007316
2018-12-09 00:00:00.000,0.02632971392116765
2018-12-10 00:00:00.000,0.02709958448150174
2018-12-11 00:00:00.000,0.0322274803325108
2018-12-12 00:00:00.000,0.029044644323500304
2018-12-13 00:00:00.000,0.028666604161429476
2018-12-14 00:00:00.000,0.02815715716429649
2018-12-15 00:00:00.000,0.027866867904894732
2018-12-16 00:00:00.000,0.02856730358405087
2018-12-17 00:00:00.000,0.03247623575608993
2018-12-18 00:00:00.000,0.03332782339996552
2018-12-19 00:00:00.000,0.03600059403956428
2018-12-20 00:00:00.000,0.0352004198770885
2018-12-21 00:00:00.000,0.040685678820271506
2018-12-22 00:00:00.000,0.04204595872631987
2018-12-23 00:00:00.000,0.04176894074529738
2018-12-24 00:00:00.000,0.04261741958776504
2018-12-25 00:00:00.000,0.044208134818338234
2018-12-26 00:00:00.000,0.038090369904897455
2018-12-27 00:00:00.000,0.03998640830003213
2018-12-28 00:00:00.000,0.04020830964469851
2018-12-29 00:00:00.000,0.04175794614958958
2018-12-30 00:00:00.000,0.04226121337610904
2018-12-31 00:00:00.000,0.039836651167585745
2019-01-01 00:00:00.000,0.03704121578316979
2019-01-02 00:00:00.000,0.04013211215933465
2019-01-03 00:00:00.000,0.04035649582915785
2019-01-04 00:00:00.000,0.038353247694894586
2019-01-05 00:00:00.000,0.03829293969530692
2019-01-06 00:00:00.000,0.03684506249018721
2019-01-07 00:00:00.000,0.038553894781004766
2019-01-08 00:00:00.000,0.03817884049616764
2019-01-09 00:00:00.000,0.03829912959434816
2019-01-10 00:00:00.000,0.03865172356550446
2019-01-11 00:00:00.000,0.032807849648447025
2019-01-12 00:00:00.000,0.03390375794106806
2019-01-13 00:00:00.000,0.035655661560952706
2019-01-14 00:00:00.000,0.0323845885875554
2019-01-15 00:00:00.000,0.03398736823269304
2019-01-16 00:00:00.000,0.034168679814711514
2019-01-17 00:00:00.000,0.03389807525712373
2019-01-18 00:00:00.000,0.035166687350753636
2019-01-19 00:00:00.000,0.03334599031404865
2019-01-20 00:00:00.000,0.03387893159604943
2019-01-21 00:00:00.000,0.032639423348567606
2019-01-22 00:00:00.000,0.033214316275353324
2019-01-23 00:00:00.000,0.034444736570248886
2019-01-24 00:00:00.000,0.03431384070212925
2019-01-25 00:00:00.000,0.03448087115913744
2019-01-26 00:00:00.000,0.03446921467252298
2019-01-27 00:00:00.000,0.033688281138049635
2019-01-28 00:00:00.000,0.03211248181397305
2019-01-29 00:00:00.000,0.029132976399509385
2019-01-30 00:00:00.000,0.031510102426482736
2019-01-31 00:00:00.000,0.03163385546964959
2019-02-01 00:00:00.000,0.02879184618081323
2019-02-02 00:00:00.000,0.028775147399686243
2019-02-03 00:00:00.000,0.028371116411333462
2019-02-04 00:00:00.000,0.028209927224687754
2019-02-05 00:00:00.000,0.02814388753293973
2019-02-06 00:00:00.000,0.02779570109751314
2019-02-07 00:00:00.000,0.025057225931720474
2019-02-08 00:00:00.000,0.026571800196474996
2019-02-09 00:00:00.000,0.02872830279956193
2019-02-10 00:00:00.000,0.028058961647218068
2019-02-11 00:00:00.000,0.030092590812867092
2019-02-12 00:00:00.000,0.030933188225028597
2019-02-13 00:00:00.000,0.030633202108210914
2019-02-14 00:00:00.000,0.030478315260324403
2019-02-15 00:00:00.000,0.030735864589744637
2019-02-16 00:00:00.000,0.031125882755023586
2019-02-17 00:00:00.000,0.03060839413593075
2019-02-18 00:00:00.000,0.033036035402389315
2019-02-19 00:00:00.000,0.034941065279974204
2019-02-20 00:00:00.000,0.03480153779703142
2019-02-21 00:00:00.000,0.03703384285572436
2019-02-22 00:00:00.000,0.03710743190985668
2019-02-23 00:00:00.000,0.03922338033505413
2019-02-24 00:00:00.000,0.03932844815436042
2019-02-25 00:00:00.000,0.03608707233399226
2019-02-26 00:00:00.000,0.07648949121390113
2019-02-27 00:00:00.000,0.08433268189806854
2019-02-28 00:00:00.000,0.07403498506950769
2019-03-01 00:00:00.000,0.08187680367060327
2019-03-02 00:00:00.000,0.0772335433862311
2019-03-03 00:00:00.000,0.08316280919709976
2019-03-04 00:00:00.000,0.08114732853526264
2019-03-05 00:00:00.000,0.07723688944328008
2019-03-06 00:00:00.000,0.10188986207739334
2019-03-07 00:00:00.000,0.09830063720048883
2019-03-08 00:00:00.000,0.10136832706212104
2019-03-09 00:00:00.000,0.2099490065041711
2019-03-10 00:00:00.000,0.20341380792747984
2019-03-11 00:00:00.000,0.19448215918017756
2019-03-12 00:00:00.000,0.16031100736047804
2019-03-13 00:00:00.000,0.1865067889452793
2019-03-14 00:00:00.000,0.17359380570907892
2019-03-15 00:00:00.000,0.1654710739652559
2019-03-16 00:00:00.000,0.17264882002357018
2019-03-17 00:00:00.000,0.16485249591761336
2019-03-18 00:00:00.000,0.1666765051663753
2019-03-19 00:00:00.000,0.19937103385274024
2019-03-20 00:00:00.000,0.18771553339468158
2019-03-21 00:00:00.000,0.18732653463634677
2019-03-22 00:00:00.000,0.1889249365900862
2019-03-23 00:00:00.000,0.18820974581922836
2019-03-24 00:00:00.000,0.18365939278860527
2019-03-25 00:00:00.000,0.18342319237286
2019-03-26 00:00:00.000,0.1689167645348836
2019-03-27 00:00:00.000,0.1648402337904399
2019-03-28 00:00:00.000,0.16727268977039242
2019-03-29 00:00:00.000,0.16552024556321623
2019-03-30 00:00:00.000,0.1587208621959825
2019-03-31 00:00:00.000,0.15000395076654835
2019-04-01 00:00:00.000,0.151250505570544
2019-04-02 00:00:00.000,0.14936761726737888
2019-04-03 00:00:00.000,0.15001546234070096
2019-04-04 00:00:00.000,0.14780027703889712
2019-04-05 00:00:00.000,0.16278532149731298
2019-04-06 00:00:00.000,0.1549713540934271
2019-04-07 00:00:00.000,0.15164980232504927
2019-04-08 00:00:00.000,0.15298542211431856
2019-04-09 00:00:00.000,0.1460335917065763
2019-04-10 00:00:00.000,0.15034546248525632
2019-04-11 00:00:00.000,0.14833647065566802
2019-04-12 00:00:00.000,0.13702853245799013
2019-04-13 00:00:00.000,0.1433830493386468
2019-04-14 00:00:00.000,0.16494880879256155
2019-04-15 00:00:00.000,0.16131821512434014
2019-04-16 00:00:00.000,0.15167600965572017
2019-04-17 00:00:00.000,0.15266461854286537
2019-04-18 00:00:00.000,0.17115217461364896
2019-04-19 00:00:00.000,0.17490562659577785
2019-04-20 00:00:00.000,0.1849114015689239
2019-04-21 00:00:00.000,0.19853538741048557
2019-04-22 00:00:00.000,0.18467509828453615
2019-04-23 00:00:00.000,0.18586272466943363
2019-04-24 00:00:00.000,0.17272783998822855
2019-04-25 00:00:00.000,0.1590377082520447
2019-04-26 00:00:00.000,0.15241794009633067
2019-04-27 00:00:00.000,0.15409277220566903
2019-04-28 00:00:00.000,0.15647871554293283
2019-04-29 00:00:00.000,0.15397494150110508
2019-04-30 00:00:00.000,0.14500791787265685
2019-05-01 00:00:00.000,0.14829579250921038
2019-05-02 00:00:00.000,0.14645542432678557
2019-05-03 00:00:00.000,0.1489102861041746
2019-05-04 00:00:00.000,0.14695418214329625
2019-05-05 00:00:00.000,0.14103733108170705
2019-05-06 00:00:00.000,0.14463253982371738
2019-05-07 00:00:00.000,0.14288282777766964
2019-05-08 00:00:00.000,0.1359863137325664
2019-05-09 00:00:00.000,0.13250927067100154
2019-05-10 00:00:00.000,0.11930476924720482
2019-05-11 00:00:00.000,0.13671257858376173
2019-05-12 00:00:00.000,0.14605625372521305
2019-05-13 00:00:00.000,0.13526895700945057
2019-05-14 00:00:00.000,0.1342885728494107
2019-05-15 00:00:00.000,0.1415080057296188
2019-05-16 00:00:00.000,0.152270769857506
2019-05-17 00:00:00.000,0.14864660551953446
2019-05-18 00:00:00.000,0.15379235251629195
2019-05-19 00:00:00.000,0.1470839230393177
2019-05-20 00:00:00.000,0.152011069871266
2019-05-21 00:00:00.000,0.154009725504424
2019-05-22 00:00:00.000,0.16732324429524253
2019-05-23 00:00:00.000,0.15457978312640125
2019-05-24 00:00:00.000,0.16540313661159128
2019-05-25 00:00:00.000,0.15971131484683376
2019-05-26 00:00:00.000,0.1655605712830312
2019-05-27 00:00:00.000,0.16005907623584734
2019-05-28 00:00:00.000,0.16145870102736912
2019-05-29 00:00:00.000,0.16589795760652976
2019-05-30 00:00:00.000,0.1642355114169139
2019-05-31 00:00:00.000,0.151031140552846
2019-06-01 00:00:00.000,0.1566568698348882
2019-06-02 00:00:00.000,0.1527169995229952
2019-06-03 00:00:00.000,0.1685157774075599
2019-06-04 00:00:00.000,0.15301019646492098
2019-06-05 00:00:00.000,0.1422276953945224
2019-06-06 00:00:00.000,0.14758629477645968
2019-06-07 00:00:00.000,0.150284877869564
2019-06-08 00:00:00.000,0.15475758811074336
2019-06-09 00:00:00.000,0.15520960720613344
2019-06-10 00:00:00.000,0.1468160149012239
2019-06-11 00:00:00.000,0.15163646836730568
2019-06-12 00:00:00.000,0.15924163851382933
2019-06-13 00:00:00.000,0.15595799356343273
2019-06-14 00:00:00.000,0.14944156639068173
2019-06-15 00:00:00.000,0.15098622756365027
2019-06-16 00:00:00.000,0.15599649948140176
2019-06-17 00:00:00.000,0.14690511587787153
2019-06-18 00:00:00.000,0.1455106431071845
2019-06-19 00:00:00.000,0.14306770444674197
2019-06-20 00:00:00.000,0.14317790641833505
2019-06-21 00:00:00.000,0.13665156671142933
2019-06-22 00:00:00.000,0.1375456019481549
2019-06-23 00:00:00.000,0.13664716060751195
2019-06-24 00:00:00.000,0.13591558156422134
2019-06-25 00:00:00.000,0.13703201091677356
2019-06-26 00:00:00.000,0.144330082358203
2019-06-27 00:00:00.000,0.1281747677701667
2019-06-28 00:00:00.000,0.11929581346632617
2019-06-29 00:00:00.000,0.1302416012897882
2019-06-30 00:00:00.000,0.12537586072685372
2019-07-01 00:00:00.000,0.12293873971328648
2019-07-02 00:00:00.000,0.12953713739669828
2019-07-03 00:00:00.000,0.12686094988936003
2019-07-04 00:00:00.000,0.12349287606498209
2019-07-05 00:00:00.000,0.11750371266243785
2019-07-06 00:00:00.000,0.11589870076908781
2019-07-07 00:00:00.000,0.1229428636295931
2019-07-08 00:00:00.000,0.13161991110989935
2019-07-09 00:00:00.000,0.12103319517765433
2019-07-10 00:00:00.000,0.1229994661011903
2019-07-11 00:00:00.000,0.11236963158120375
2019-07-12 00:00:00.000,0.09937281207455952
2019-07-13 00:00:00.000,0.10630076338393375
2019-07-14 00:00:00.000,0.1026765097485449
2019-07-15 00:00:00.000,0.1054083791974076
2019-07-16 00:00:00.000,0.10236906907554713
2019-07-17 00:00:00.000,0.08301338349140484
2019-07-18 00:00:00.000,0.08497941205413692
2019-07-19 00:00:00.000,0.08899011697971364
2019-07-20 00:00:00.000,0.08925080535779029
2019-07-21 00:00:00.000,0.0901314591398257
2019-07-22 00:00:00.000,0.08824640718307215
2019-07-23 00:00:00.000,0.09016593611884165
2019-07-24 00:00:00.000,0.08609967391032455
2019-07-25 00:00:00.000,0.086251241418044
2019-07-26 00:00:00.000,0.08744751329208846
2019-07-27 00:00:00.000,0.09025603140914057
2019-07-28 00:00:00.000,0.08386107127262005
2019-07-29 00:00:00.000,0.0848730318573527
2019-07-30 00:00:00.000,0.08325059016973983
2019-07-31 00:00:00.000,0.08918876436430342
2019-08-01 00:00:00.000,0.08679533506701193
2019-08-02 00:00:00.000,0.08419767469920357
2019-08-03 00:00:00.000,0.08314646251413316
2019-08-04 00:00:00.000,0.08248875031000914
2019-08-05 00:00:00.000,0.07975890636993273
2019-08-06 00:00:00.000,0.07796833230282067
2019-08-07 00:00:00.000,0.07209274129692246
2019-08-08 00:00:00.000,0.06945111147979087
2019-08-09 00:00:00.000,0.06870403288510968
2019-08-10 00:00:00.000,0.06062758550509735
2019-08-11 00:00:00.000,0.06931560859871487
2019-08-12 00:00:00.000,0.07255656580728405
2019-08-13 00:00:00.000,0.07092912329069609
2019-08-14 00:00:00.000,0.06759583699572493
2019-08-15 00:00:00.000,0.05981121906349092
2019-08-16 00:00:00.000,0.059909958965497806
2019-08-17 00:00:00.000,0.061506421234305116
2019-08-18 00:00:00.000,0.0645597186237373
2019-08-19 00:00:00.000,0.06407323475865705
2019-08-20 00:00:00.000,0.06555354671337082
2019-08-21 00:00:00.000,0.06548352335154385
2019-08-22 00:00:00.000,0.06377233110751745
2019-08-23 00:00:00.000,0.07011994157426042
2019-08-24 00:00:00.000,0.07170032552196265
2019-08-25 00:00:00.000,0.07225463620928885
2019-08-26 00:00:00.000,0.06725145377555762
2019-08-27 00:00:00.000,0.06683428587388691
2019-08-28 00:00:00.000,0.07043529336779379
2019-08-29 00:00:00.000,0.06621710813000678
2019-08-30 00:00:00.000,0.06333527553369517
2019-08-31 00:00:00.000,0.06411659812945739
2019-09-01 00:00:00.000,0.0665475122231778
2019-09-02 00:00:00.000,0.07095247171621778
2019-09-03 00:00:00.000,0.078832267936535
2019-09-04 00:00:00.000,0.07467838427112752
2019-09-05 00:00:00.000,0.0810652186219579
2019-09-06 00:00:00.000,0.08276656870287023
2019-09-07 00:00:00.000,0.08073252851584714
2019-09-08 00:00:00.000,0.0801555314010355
2019-09-09 00:00:00.000,0.08235151324626605
2019-09-10 00:00:00.000,0.07772737305997876
2019-09-11 00:00:00.000,0.07497388713678213
2019-09-12 00:00:00.000,0.07304343456797253
2019-09-13 00:00:00.000,0.07066993941248077
2019-09-14 00:00:00.000,0.0692347762060659
2019-09-15 00:00:00.000,0.07100549988589368
2019-09-16 00:00:00.000,0.07236472563767236
2019-09-17 00:00:00.000,0.06959856347420787
2019-09-18 00:00:00.000,0.07132011690835706
2019-09-19 00:00:00.000,0.07345083941016181
2019-09-20 00:00:00.000,0.07091524324063006
2019-09-21 00:00:00.000,0.07175365127424821
2019-09-22 00:00:00.000,0.07035907178831081
2019-09-23 00:00:00.000,0.06782129585788431
2019-09-24 00:00:00.000,0.0665118391548435
2019-09-25 00:00:00.000,0.055936698424213005
2019-09-26 00:00:00.000,0.05631238827732924
2019-09-27 00:00:00.000,0.052564483422847814
2019-09-28 00:00:00.000,0.05444493567139069
2019-09-29 00:00:00.000,0.05686769588207673
2019-09-30 00:00:00.000,0.05539357373259006
2019-10-01 00:00:00.000,0.05710309138910396
2019-10-02 00:00:00.000,0.05811877135478404
2019-10-03 00:00:00.000,0.058052848875924365
2019-10-04 00:00:00.000,0.06456328784393846
2019-10-05 00:00:00.000,0.06384511231078524
2019-10-06 00:00:00.000,0.06628891741700642
2019-10-07 00:00:00.000,0.06079821033670258
2019-10-08 00:00:00.000,0.06449608274344157
2019-10-09 00:00:00.000,0.06630155995762967
2019-10-10 00:00:00.000,0.06465639749091136
2019-10-11 00:00:00.000,0.06366529180385642
2019-10-12 00:00:00.000,0.06159128068806857
2019-10-13 00:00:00.000,0.06328670251933195
2019-10-14 00:00:00.000,0.06344041595191707
2019-10-15 00:00:00.000,0.06331085498212734
2019-10-16 00:00:00.000,0.061049394206914
2019-10-17 00:00:00.000,0.05797435384167564
2019-10-18 00:00:00.000,0.05812634341665253
2019-10-19 00:00:00.000,0.05749960530752477
2019-10-20 00:00:00.000,0.05647384749977958
2019-10-21 00:00:00.000,0.05680624656291202
2019-10-22 00:00:00.000,0.057693226384302784
2019-10-23 00:00:00.000,0.059760555425394435
2019-10-24 00:00:00.000,0.05869384638351313
2019-10-25 00:00:00.000,0.059027741167525793
2019-10-26 00:00:00.000,0.06229767299328383
2019-10-27 00:00:00.000,0.0601649755379133
2019-10-28 00:00:00.000,0.06364932671364175
2019-10-29 00:00:00.000,0.06448246707878669
2019-10-30 00:00:00.000,0.06329958947185609
2019-10-31 00:00:00.000,0.06367592150343643
2019-11-01 00:00:00.000,0.06408778751227123
2019-11-02 00:00:00.000,0.06684787322033008
2019-11-03 00:00:00.000,0.06580868339464237
2019-11-04 00:00:00.000,0.06645529098163767
2019-11-05 00:00:00.000,0.06657990532334543
2019-11-06 00:00:00.000,0.0666678276924461
2019-11-07 00:00:00.000,0.06692163436749615
2019-11-08 00:00:00.000,0.0655301426680922
2019-11-09 00:00:00.000,0.061658172280760794
2019-11-10 00:00:00.000,0.06285288016533398
2019-11-11 00:00:00.000,0.0633699904926542
2019-11-12 00:00:00.000,0.06143754087499864
2019-11-13 00:00:00.000,0.06140781842243795
2019-11-14 00:00:00.000,0.06181159507789319
2019-11-15 00:00:00.000,0.06500934310259907
2019-11-16 00:00:00.000,0.06603556872821384
2019-11-17 00:00:00.000,0.06846834669822115
2019-11-18 00:00:00.000,0.06643644371699321
2019-11-19 00:00:00.000,0.06430719219190427
2019-11-20 00:00:00.000,0.06562365492652726
2019-11-21 00:00:00.000,0.0705084133285172
2019-11-22 00:00:00.000,0.062434411499577645
2019-11-23 00:00:00.000,0.05697986268916014
2019-11-24 00:00:00.000,0.06097233720984993
2019-11-25 00:00:00.000,0.052872967248037424
2019-11-26 00:00:00.000,0.051706554519663515
2019-11-27 00:00:00.000,0.054718831593491404
2019-11-28 00:00:00.000,0.05815719329846771
2019-11-29 00:00:00.000,0.0626032496104299
2019-11-30 00:00:00.000,0.06082431656549399
2019-12-01 00:00:00.000,0.06002156606168706
2019-12-02 00:00:00.000,0.062311985307031775
2019-12-03 00:00:00.000,0.0588944436049303
2019-12-04 00:00:00.000,0.062126432263589465
2019-12-05 00:00:00.000,0.07536218099056351
2019-12-06 00:00:00.000,0.09289191130511756
2019-12-07 00:00:00.000,0.1024379033246316
2019-12-08 00:00:00.000,0.08641710014894806
2019-12-09 00:00:00.000,0.09010401537150337
2019-12-10 00:00:00.000,0.08222546488568883
2019-12-11 00:00:00.000,0.07371528047355522
2019-12-12 00:00:00.000,0.08302885359213386
2019-12-13 00:00:00.000,0.08229896469237807
2019-12-14 00:00:00.000,0.08255645161599079
2019-12-15 00:00:00.000,0.076003465927495
2019-12-16 00:00:00.000,0.08591685737205174
2019-12-17 00:00:00.000,0.08000084083044225
2019-12-18 00:00:00.000,0.07633804757525633
2019-12-19 00:00:00.000,0.07738074222847567
2019-12-20 00:00:00.000,0.07781448862300738
2019-12-21 00:00:00.000,0.07693306469122417
2019-12-22 00:00:00.000,0.07698244280801854
2019-12-23 00:00:00.000,0.08187295822866744
2019-12-24 00:00:00.000,0.07691852539823449
2019-12-25 00:00:00.000,0.07765743378269706
2019-12-26 00:00:00.000,0.07515900545080641
2019-12-27 00:00:00.000,0.07519830524214544
2019-12-28 00:00:00.000,0.07462596627869122
2019-12-29 00:00:00.000,0.08052382688837649
2019-12-30 00:00:00.000,0.08097708486565809
2019-12-31 00:00:00.000,0.08208497381373864
2020-01-01 00:00:00.000,0.08017446815631149
2020-01-02 00:00:00.000,0.07959417656535905
2020-01-03 00:00:00.000,0.07391777203504028
2020-01-04 00:00:00.000,0.07820898730488249
2020-01-05 00:00:00.000,0.07725047742537683
2020-01-06 00:00:00.000,0.0765017399267299
2020-01-07 00:00:00.000,0.0751668545833966
2020-01-08 00:00:00.000,0.07256564382038591
2020-01-09 00:00:00.000,0.07442217201601634
2020-01-10 00:00:00.000,0.07159579234182853
2020-01-11 00:00:00.000,0.07285586601056976
2020-01-12 00:00:00.000,0.07181917300473381
2020-01-13 00:00:00.000,0.07252225823266178
2020-01-14 00:00:00.000,0.07137108770765992
2020-01-15 00:00:00.000,0.07213849081694237
2020-01-16 00:00:00.000,0.07512669660592118
2020-01-17 00:00:00.000,0.0800378857717763
2020-01-18 00:00:00.000,0.0800054780269198
2020-01-19 00:00:00.000,0.0771218893706472
2020-01-20 00:00:00.000,0.07336646050072074
2020-01-21 00:00:00.000,0.07569530775370178
2020-01-22 00:00:00.000,0.0764583804174864
2020-01-23 00:00:00.000,0.07715359817657813
2020-01-24 00:00:00.000,0.08636403275849983
2020-01-25 00:00:00.000,0.08441845864756006
2020-01-26 00:00:00.000,0.08779697006373093
2020-01-27 00:00:00.000,0.08672023232398914
2020-01-28 00:00:00.000,0.08933781705427225
2020-01-29 00:00:00.000,0.08830130926218326
2020-01-30 00:00:00.000,0.08918838365303383
2020-01-31 00:00:00.000,0.09874783006166242
2020-02-01 00:00:00.000,0.09392708431330159
2020-02-02 00:00:00.000,0.10308210933086533
2020-02-03 00:00:00.000,0.11298134523502079
2020-02-04 00:00:00.000,0.11440694244574175
2020-02-05 00:00:00.000,0.1490177445212837
2020-02-06 00:00:00.000,0.13566236062319206
2020-02-07 00:00:00.000,0.13735721861692218
2020-02-08 00:00:00.000,0.13139090019407415
2020-02-09 00:00:00.000,0.12770754110346813
2020-02-10 00:00:00.000,0.13110844358556323
2020-02-11 00:00:00.000,0.1396673709995005
2020-02-12 00:00:00.000,0.13825442587773998
2020-02-13 00:00:00.000,0.14149717940061915
2020-02-14 00:00:00.000,0.13687634931747028
2020-02-15 00:00:00.000,0.14206215654383722
2020-02-16 00:00:00.000,0.131796573372623
2020-02-17 00:00:00.000,0.12364353692479395
2020-02-18 00:00:00.000,0.1386259028316777
2020-02-19 00:00:00.000,0.13861810220434134
2020-02-20 00:00:00.000,0.13527532427606279
2020-02-21 00:00:00.000,0.13158833560531605
2020-02-22 00:00:00.000,0.1276385638956425
2020-02-23 00:00:00.000,0.12395534802305934
2020-02-24 00:00:00.000,0.13108282630726142
2020-02-25 00:00:00.000,0.12155656039451299
2020-02-26 00:00:00.000,0.11021768193002618
2020-02-27 00:00:00.000,0.0970581976124119
2020-02-28 00:00:00.000,0.10091921101058776
2020-02-29 00:00:00.000,0.10089765490450409
2020-03-01 00:00:00.000,0.09704800336722927
2020-03-02 00:00:00.000,0.1018454263747408
2020-03-03 00:00:00.000,0.10881256972719103
2020-03-04 00:00:00.000,0.10759141411716748
2020-03-05 00:00:00.000,0.10560892085137065
2020-03-06 00:00:00.000,0.11076305448993495
2020-03-07 00:00:00.000,0.11242192893499481
2020-03-08 00:00:00.000,0.10543382834429504
2020-03-09 00:00:00.000,0.0871885639593561
2020-03-10 00:00:00.000,0.08726306704232858
2020-03-11 00:00:00.000,0.08866001090242481
2020-03-12 00:00:00.000,0.08328339819436673
2020-03-13 00:00:00.000,0.04371522289904278
2020-03-14 00:00:00.000,0.051046545012878024
2020-03-15 00:00:00.000,0.05078590747297828
2020-03-16 00:00:00.000,0.05173518473423036
2020-03-17 00:00:00.000,0.04648713309893209
2020-03-18 00:00:00.000,0.05224967127841012
2020-03-19 00:00:00.000,0.05193479429411278
2020-03-20 00:00:00.000,0.07417944397697936
2020-03-21 00:00:00.000,0.0744427169699261
2020-03-22 00:00:00.000,0.07623433079633454
2020-03-23 00:00:00.000,0.07063920311986774
2020-03-24 00:00:00.000,0.07438029755798897
2020-03-25 00:00:00.000,0.08289346358210778
2020-03-26 00:00:00.000,0.08050038255646515
2020-03-27 00:00:00.000,0.09307870594552055
2020-03-28 00:00:00.000,0.0834780426603768
2020-03-29 00:00:00.000,0.08584865901800748
2020-03-30 00:00:00.000,0.08214859069522108
2020-03-31 00:00:00.000,0.09211112298973782
2020-04-01 00:00:00.000,0.09287148863023366
2020-04-02 00:00:00.000,0.09239746725623009
2020-04-03 00:00:00.000,0.09172946325622075
2020-04-04 00:00:00.000,0.08999513149809855
2020-04-05 00:00:00.000,0.09644959626028025
2020-04-06 00:00:00.000,0.09321464505598213
2020-04-07 00:00:00.000,0.09817339337803793
2020-04-08 00:00:00.000,0.09489777014040404
2020-04-09 00:00:00.000,0.09675574802395552
2020-04-10 00:00:00.000,0.09685324223881414
2020-04-11 00:00:00.000,0.08840615235733845
2020-04-12 00:00:00.000,0.08726679536718725
2020-04-13 00:00:00.000,0.08765770456377947
2020-04-14 00:00:00.000,0.08981849057068503
2020-04-15 00:00:00.000,0.0910983600379939
2020-04-16 00:00:00.000,0.09245114885489196
2020-04-17 00:00:00.000,0.0954999832289903
2020-04-18 00:00:00.000,0.09413575173336605
2020-04-19 00:00:00.000,0.10362168824499866
2020-04-20 00:00:00.000,0.09976415428496295
2020-04-21 00:00:00.000,0.09828114020489917
2020-04-22 00:00:00.000,0.10644197471575916
2020-04-23 00:00:00.000,0.11179584623460774
2020-04-24 00:00:00.000,0.11897508019567211
2020-04-25 00:00:00.000,0.12953126645651794
2020-04-26 00:00:00.000,0.14687759606364445
2020-04-27 00:00:00.000,0.14121845678045414
2020-04-28 00:00:00.000,0.13787494405726486
2020-04-29 00:00:00.000,0.13856715166259437
2020-04-30 00:00:00.000,0.14229590536767348
2020-05-01 00:00:00.000,0.1363654520922002
2020-05-02 00:00:00.000,0.14008270797673308
2020-05-03 00:00:00.000,0.14324532054168346
2020-05-04 00:00:00.000,0.13615529993631315
2020-05-05 00:00:00.000,0.13625112930381555
2020-05-06 00:00:00.000,0.1444299484335165
2020-05-07 00:00:00.000,0.14250310889373596
2020-05-08 00:00:00.000,0.14177400014588487
2020-05-09 00:00:00.000,0.1433715599354958
2020-05-10 00:00:00.000,0.14475019157207136
2020-05-11 00:00:00.000,0.1424808002938208
2020-05-12 00:00:00.000,0.1479240730640913
2020-05-13 00:00:00.000,0.16099699020325525
2020-05-14 00:00:00.000,0.1613417907428178
2020-05-15 00:00:00.000,0.16167957558619797
2020-05-16 00:00:00.000,0.16279339376245824
2020-05-17 00:00:00.000,0.16159856982677936
2020-05-18 00:00:00.000,0.16198711831727405
2020-05-19 00:00:00.000,0.15807472814524118
2020-05-20 00:00:00.000,0.16395724745145226
2020-05-21 00:00:00.000,0.16909399139657028
2020-05-22 00:00:00.000,0.17670831953475072
2020-05-23 00:00:00.000,0.1721227615478995
2020-05-24 00:00:00.000,0.1754925362198868
2020-05-25 00:00:00.000,0.16489848831456053
2020-05-26 00:00:00.000,0.18405125718921655
2020-05-27 00:00:00.000,0.18611494233406772
2020-05-28 00:00:00.000,0.20985211641703616
2020-05-29 00:00:00.000,0.20498131755905108
2020-05-30 00:00:00.000,0.20215811269468903
2020-05-31 00:00:00.000,0.2022901235305314
2020-06-01 00:00:00.000,0.20692075696254988
2020-06-02 00:00:00.000,0.20728795342290013
2020-06-03 00:00:00.000,0.19930088227749115
2020-06-04 00:00:00.000,0.19854066645370902
2020-06-05 00:00:00.000,0.19502953875609144
2020-06-06 00:00:00.000,0.20085326070711093
2020-06-07 00:00:00.000,0.20109304088293545
2020-06-08 00:00:00.000,0.19666914878128758
2020-06-09 00:00:00.000,0.20513689861885057
2020-06-10 00:00:00.000,0.20156458324634663
2020-06-11 00:00:00.000,0.20880443791075962
2020-06-12 00:00:00.000,0.1857056607414364
2020-06-13 00:00:00.000,0.19193925862889963
2020-06-14 00:00:00.000,0.19071482826448308
2020-06-15 00:00:00.000,0.18081990748365848
2020-06-16 00:00:00.000,0.1783662107461291
2020-06-17 00:00:00.000,0.17958083065589509
2020-06-18 00:00:00.000,0.1733548577701418
2020-06-19 00:00:00.000,0.17740984650211164
2020-06-20 00:00:00.000,0.17254348054882054
2020-06-21 00:00:00.000,0.17042140760949867
2020-06-22 00:00:00.000,0.17035735217829345
2020-06-23 00:00:00.000,0.17680122242612153
2020-06-24 00:00:00.000,0.1817377010045551
2020-06-25 00:00:00.000,0.17525085166692836
2020-06-26 00:00:00.000,0.1694998792032071
2020-06-27 00:00:00.000,0.16004962874970632
2020-06-28 00:00:00.000,0.15302797735816623
2020-06-29 00:00:00.000,0.1562243016465167
2020-06-30 00:00:00.000,0.17145224836798528
2020-07-01 00:00:00.000,0.16802876813974804
2020-07-02 00:00:00.000,0.17238557089495185
2020-07-03 00:00:00.000,0.1672202902877747
2020-07-04 00:00:00.000,0.17127407000830622
2020-07-05 00:00:00.000,0.18144068806550484
2020-07-06 00:00:00.000,0.17297324048679175
2020-07-07 00:00:00.000,0.17838587977004988
2020-07-08 00:00:00.000,0.17614614956210553
2020-07-09 00:00:00.000,0.18436442446366325
2020-07-10 00:00:00.000,0.18345392955677775
2020-07-11 00:00:00.000,0.17678921158945304
2020-07-12 00:00:00.000,0.18142550327392193
2020-07-13 00:00:00.000,0.1769644972931188
2020-07-14 00:00:00.000,0.17905053848464794
2020-07-15 00:00:00.000,0.18596234383232157
2020-07-16 00:00:00.000,0.18479703398812955
2020-07-17 00:00:00.000,0.19140116294721773
2020-07-18 00:00:00.000,0.20333700974625205
2020-07-19 00:00:00.000,0.20697320285626897
2020-07-20 00:00:00.000,0.20731429468054843
2020-07-21 00:00:00.000,0.1937629906833085
2020-07-22 00:00:00.000,0.1936395732440872
2020-07-23 00:00:00.000,0.1907731518716865
2020-07-24 00:00:00.000,0.18561312492109944
2020-07-25 00:00:00.000,0.18603818168106379
2020-07-26 00:00:00.000,0.18728507838612976
2020-07-27 00:00:00.000,0.17865858708179566
2020-07-28 00:00:00.000,0.16876265047862668
2020-07-29 00:00:00.000,0.17398308280205874
2020-07-30 00:00:00.000,0.17641515897088217
2020-07-31 00:00:00.000,0.1779633851177254
2020-08-01 00:00:00.000,0.17445026214317777
2020-08-02 00:00:00.000,0.1770872379036299
2020-08-03 00:00:00.000,0.1747869891086616
2020-08-04 00:00:00.000,0.17832149475668227
2020-08-05 00:00:00.000,0.1876677212723693
2020-08-06 00:00:00.000,0.18964879775833127
2020-08-07 00:00:00.000,0.1929602423123414
2020-08-08 00:00:00.000,0.2087126230969846
2020-08-09 00:00:00.000,0.2112929077683402
2020-08-10 00:00:00.000,0.2217364836729828
2020-08-11 00:00:00.000,0.22489026653490402
2020-08-12 00:00:00.000,0.2032783071581066
2020-08-13 00:00:00.000,0.20826574637855857
2020-08-14 00:00:00.000,0.21078985311626983
2020-08-15 00:00:00.000,0.20875430663617292
2020-08-16 00:00:00.000,0.20577321420243444
2020-08-17 00:00:00.000,0.2138260340335138
2020-08-18 00:00:00.000,0.20566414302524172
2020-08-19 00:00:00.000,0.20781382459799416
2020-08-20 00:00:00.000,0.19683190441470108
2020-08-21 00:00:00.000,0.2086673767941063
2020-08-22 00:00:00.000,0.2103824170441425
2020-08-23 00:00:00.000,0.2253211751182433
2020-08-24 00:00:00.000,0.22096371422935568
2020-08-25 00:00:00.000,0.24400283762957703
2020-08-26 00:00:00.000,0.22698153261268364
2020-08-27 00:00:00.000,0.2271375239097986
2020-08-28 00:00:00.000,0.21071404289635523
2020-08-29 00:00:00.000,0.22222087541380364
2020-08-30 00:00:00.000,0.21361489863365504
2020-08-31 00:00:00.000,0.21873676984763038
2020-09-01 00:00:00.000,0.21530601313353748
2020-09-02 00:00:00.000,0.2094131170680722
2020-09-03 00:00:00.000,0.20240153605669028
2020-09-04 00:00:00.000,0.17119651487553597
2020-09-05 00:00:00.000,0.17107527247721765
2020-09-06 00:00:00.000,0.15368338338248924
2020-09-07 00:00:00.000,0.15936603464780796
2020-09-08 00:00:00.000,0.15017987897854912
2020-09-09 00:00:00.000,0.15390067842298868
2020-09-10 00:00:00.000,0.16458661582728515
2020-09-11 00:00:00.000,0.17622835051995386
2020-09-12 00:00:00.000,0.1718013492248487
2020-09-13 00:00:00.000,0.17231575043193606
2020-09-14 00:00:00.000,0.16183179136725317
2020-09-15 00:00:00.000,0.16709938958728585
2020-09-16 00:00:00.000,0.1589568830096849
2020-09-17 00:00:00.000,0.1560761165049866
2020-09-18 00:00:00.000,0.16087394654983744
2020-09-19 00:00:00.000,0.16568111445496822
2020-09-20 00:00:00.000,0.16906827142017994
2020-09-21 00:00:00.000,0.16075739848156176
2020-09-22 00:00:00.000,0.1446735490434947
2020-09-23 00:00:00.000,0.15495912175249454
2020-09-24 00:00:00.000,0.14335238264029396
2020-09-25 00:00:00.000,0.1560535257161435
2020-09-26 00:00:00.000,0.1541812419955789
2020-09-27 00:00:00.000,0.16239592269617234
2020-09-28 00:00:00.000,0.16956557026748542
2020-09-29 00:00:00.000,0.1685281963752724
2020-09-30 00:00:00.000,0.16030479848021606
2020-10-01 00:00:00.000,0.16104112857331332
2020-10-02 00:00:00.000,0.15444254386970352
2020-10-03 00:00:00.000,0.15090403237661523
2020-10-04 00:00:00.000,0.15009176588203196
2020-10-05 00:00:00.000,0.15242377383080688
2020-10-06 00:00:00.000,0.1550164574437043
2020-10-07 00:00:00.000,0.14376994294719053
2020-10-08 00:00:00.000,0.14832871116394403
2020-10-09 00:00:00.000,0.15027331539883632
2020-10-10 00:00:00.000,0.1545082421238248
2020-10-11 00:00:00.000,0.159882988038547
2020-10-12 00:00:00.000,0.1591427430733777
2020-10-13 00:00:00.000,0.16686079427531333
2020-10-14 00:00:00.000,0.16128198955125445
2020-10-15 00:00:00.000,0.15420742216266084
2020-10-16 00:00:00.000,0.152697472023994
2020-10-17 00:00:00.000,0.14567146375233994
2020-10-18 00:00:00.000,0.1486235695776248
2020-10-19 00:00:00.000,0.1508454613620018
2020-10-20 00:00:00.000,0.14924697582963423
2020-10-21 00:00:00.000,0.1406540433767574
2020-10-22 00:00:00.000,0.14378315060768068
2020-10-23 00:00:00.000,0.15069761167061152
2020-10-24 00:00:00.000,0.14756874789818206
2020-10-25 00:00:00.000,0.1466035320279965
2020-10-26 00:00:00.000,0.14397128648896956
2020-10-27 00:00:00.000,0.13841711558987674
2020-10-28 00:00:00.000,0.13881003913163675
2020-10-29 00:00:00.000,0.1348297091564434
2020-10-30 00:00:00.000,0.1324486046601297
2020-10-31 00:00:00.000,0.12642068700015244
2020-11-01 00:00:00.000,0.12683996582888446
2020-11-02 00:00:00.000,0.12688310735784816
2020-11-03 00:00:00.000,0.12133004418919088
2020-11-04 00:00:00.000,0.11881922851577095
2020-11-05 00:00:00.000,0.1181143458021773
2020-11-06 00:00:00.000,0.12405521506408024
2020-11-07 00:00:00.000,0.13645078911441252
2020-11-08 00:00:00.000,0.1277331186460624
2020-11-09 00:00:00.000,0.13669515197826873
2020-11-10 00:00:00.000,0.13372018724099943
2020-11-11 00:00:00.000,0.1390394798858624
2020-11-12 00:00:00.000,0.13770778937316033
2020-11-13 00:00:00.000,0.1336561052175217
2020-11-14 00:00:00.000,0.1435168740348435
2020-11-15 00:00:00.000,0.141024797774559
2020-11-16 00:00:00.000,0.14358568232749067
2020-11-17 00:00:00.000,0.1449651907600548
2020-11-18 00:00:00.000,0.14489649845595068
2020-11-19 00:00:00.000,0.13839797273819332
2020-11-20 00:00:00.000,0.13611307208063017
2020-11-21 00:00:00.000,0.13924563532670964
2020-11-22 00:00:00.000,0.14919031763852797
2020-11-23 00:00:00.000,0.14452960299177361
2020-11-24 00:00:00.000,0.1538987147817055
2020-11-25 00:00:00.000,0.15813778954636368
2020-11-26 00:00:00.000,0.16171857459954764
2020-11-27 00:00:00.000,0.14164814464309172
2020-11-28 00:00:00.000,0.14155388051497333
2020-11-29 00:00:00.000,0.14426356353521438
2020-11-30 00:00:00.000,0.14323785368072903
2020-12-01 00:00:00.000,0.14791109853183368
2020-12-02 00:00:00.000,0.14701324197965263
2020-12-03 00:00:00.000,0.16022104515438657
2020-12-04 00:00:00.000,0.15668437334101737
2020-12-05 00:00:00.000,0.14727959707601743
2020-12-06 00:00:00.000,0.152479489916295
2020-12-07 00:00:00.000,0.1519644888989296
2020-12-08 00:00:00.000,0.15111380334404972
2020-12-09 00:00:00.000,0.14042517579486002
2020-12-10 00:00:00.000,0.1406021838511661
2020-12-11 00:00:00.000,0.14219719355215985
2020-12-12 00:00:00.000,0.14019007384240084
2020-12-13 00:00:00.000,0.14406495665746183
2020-12-14 00:00:00.000,0.14300558555981094
2020-12-15 00:00:00.000,0.1503396798362279
2020-12-16 00:00:00.000,0.15522796870705274
2020-12-17 00:00:00.000,0.15437850860312674
2020-12-18 00:00:00.000,0.15289189473187198
2020-12-19 00:00:00.000,0.1602868264996941
2020-12-20 00:00:00.000,0.15891368723496627
2020-12-21 00:00:00.000,0.1526532209820826
2020-12-22 00:00:00.000,0.14651488057915002
2020-12-23 00:00:00.000,0.1453594917089227
2020-12-24 00:00:00.000,0.12369562263707388
2020-12-25 00:00:00.000,0.14411118405945247
2020-12-26 00:00:00.000,0.1412572251045804
2020-12-27 00:00:00.000,0.14128532334667962
2020-12-28 00:00:00.000,0.137255552430006
2020-12-29 00:00:00.000,0.14002228891893098
2020-12-30 00:00:00.000,0.13423016443192975
2020-12-31 00:00:00.000,0.13012031146254743
2021-01-01 00:00:00.000,0.13090729405531257
2021-01-02 00:00:00.000,0.1364354384292373
2021-01-03 00:00:00.000,0.13188866889742845
2021-01-04 00:00:00.000,0.13614775906311982
2021-01-05 00:00:00.000,0.1395844710776994
2021-01-06 00:00:00.000,0.14697779547068027
2021-01-07 00:00:00.000,0.16064181442933345
2021-01-08 00:00:00.000,0.1648256316993936
2021-01-09 00:00:00.000,0.22074616865431368
2021-01-10 00:00:00.000,0.20973192183748773
2021-01-11 00:00:00.000,0.18733952272050347
2021-01-12 00:00:00.000,0.164034539221887
2021-01-13 00:00:00.000,0.16838204660113165
2021-01-14 00:00:00.000,0.1795107173648246
2021-01-15 00:00:00.000,0.1825904828200485
2021-01-16 00:00:00.000,0.188542447942649
2021-01-17 00:00:00.000,0.1979756001648004
2021-01-18 00:00:00.000,0.23080652794405151
2021-01-19 00:00:00.000,0.2444194232068862
2021-01-20 00:00:00.000,0.36261218353247837
2021-01-21 00:00:00.000,0.4251071749874559
2021-01-22 00:00:00.000,0.3300251811127443
2021-01-23 00:00:00.000,0.38451842510962614
2021-01-24 00:00:00.000,0.42795226431014954
2021-01-25 00:00:00.000,0.4183924446474135
2021-01-26 00:00:00.000,0.46833222807660085
2021-01-27 00:00:00.000,0.4355368408031612
2021-01-28 00:00:00.000,0.36679733744027443
2021-01-29 00:00:00.000,0.37242294877120746
2021-01-30 00:00:00.000,0.3574625449517356
2021-01-31 00:00:00.000,0.3342216178885142
2021-02-01 00:00:00.000,0.341432841043723
2021-02-02 00:00:00.000,0.3405009535261023
2021-02-03 00:00:00.000,0.3634264863573448
2021-02-04 00:00:00.000,0.36793774893086456
2021-02-05 00:00:00.000,0.36065727204894615
2021-02-06 00:00:00.000,0.41138515236682616
2021-02-07 00:00:00.000,0.3900371928058821
2021-02-08 00:00:00.000,0.3787595427442506
2021-02-09 00:00:00.000,0.39895369424315186
2021-02-10 00:00:00.000,0.42031978204886333
2021-02-11 00:00:00.000,0.4240954567397604
2021-02-12 00:00:00.000,0.5941635542840854
2021-02-13 00:00:00.000,0.606409453460276
2021-02-14 00:00:00.000,0.5865994343116799
2021-02-15 00:00:00.000,0.5513691767572215
2021-02-16 00:00:00.000,0.5189102064977232
2021-02-17 00:00:00.000,0.5446463543309196
2021-02-18 00:00:00.000,0.5493786049846308
2021-02-19 00:00:00.000,0.5878204445068284
2021-02-20 00:00:00.000,0.6065097558280935
2021-02-21 00:00:00.000,0.5586859148236544
2021-02-22 00:00:00.000,0.5750305885948762
2021-02-23 00:00:00.000,0.5467450840027116
2021-02-24 00:00:00.000,0.4461250717505675
2021-02-25 00:00:00.000,0.4904654788823831
2021-02-26 00:00:00.000,0.5408892055232037
2021-02-27 00:00:00.000,0.5768049462333925
2021-02-28 00:00:00.000,0.5728258393806185
2021-03-01 00:00:00.000,0.5682406491859477
2021-03-02 00:00:00.000,0.6939957097131184
2021-03-03 00:00:00.000,0.7989569608794311
2021-03-04 00:00:00.000,1.1938138822874882
2021-03-05 00:00:00.000,1.3288464459032205
2021-03-06 00:00:00.000,1.2092867673594867
2021-03-07 00:00:00.000,1.162787696271257
2021-03-08 00:00:00.000,1.4232558283403438
2021-03-09 00:00:00.000,1.7630470646390093
2021-03-10 00:00:00.000,1.7268528748151293
2021-03-11 00:00:00.000,1.6550054578650752
2021-03-12 00:00:00.000,1.8067250980907505
2021-03-13 00:00:00.000,2.079441056045656
2021-03-14 00:00:00.000,2.0586665318294695
2021-03-15 00:00:00.000,2.4092038085268364
2021-03-16 00:00:00.000,2.6995722493062426
2021-03-17 00:00:00.000,2.543122555758832
2021-03-18 00:00:00.000,2.4792594462415027
2021-03-19 00:00:00.000,2.6736743392905917
2021-03-20 00:00:00.000,2.4826200799769187
2021-03-21 00:00:00.000,2.228059669717874
2021-03-22 00:00:00.000,2.435511040885047
2021-03-23 00:00:00.000,2.1659517069415375
2021-03-24 00:00:00.000,2.0416830929351795
2021-03-25 00:00:00.000,2.124169675347403
2021-03-26 00:00:00.000,2.0953390949878807
2021-03-27 00:00:00.000,2.311973754397085
2021-03-28 00:00:00.000,2.3084570542493643
2021-03-29 00:00:00.000,2.49399181574004
2021-03-30 00:00:00.000,2.4867049013854663
2021-03-31 00:00:00.000,2.4820801508739234
2021-04-01 00:00:00.000,2.545507236873369
2021-04-02 00:00:00.000,2.4915012668578327
2021-04-03 00:00:00.000,2.537711083304555
2021-04-04 00:00:00.000,2.311857921868878
2021-04-05 00:00:00.000,2.4161617725019413
2021-04-06 00:00:00.000,2.4616433037657317
2021-04-07 00:00:00.000,2.328137961487897
2021-04-08 00:00:00.000,2.8134227591861203
2021-04-09 00:00:00.000,3.267777285749953
2021-04-10 00:00:00.000,3.455880351995158
2021-04-11 00:00:00.000,3.2329669668880086
2021-04-12 00:00:00.000,3.117987038446024
2021-04-13 00:00:00.000,3.0122306328476136
2021-04-14 00:00:00.000,3.0894272916961714
2021-04-15 00:00:00.000,2.910855652133763
2021-04-16 00:00:00.000,3.1801490402723767
2021-04-17 00:00:00.000,3.0071134074730326
2021-04-18 00:00:00.000,2.982229694415244
2021-04-19 00:00:00.000,2.68543825492624
2021-04-20 00:00:00.000,2.4338071183313117
2021-04-21 00:00:00.000,2.534903525842426
2021-04-22 00:00:00.000,2.4942546018869813
2021-04-23 00:00:00.000,2.232150630379622
2021-04-24 00:00:00.000,2.2364462313245244
2021-04-25 00:00:00.000,2.0296698690870345
2021-04-26 00:00:00.000,2.0225174095415013
2021-04-27 00:00:00.000,2.5288813727492836
2021-04-28 00:00:00.000,2.5772474894943906
2021-04-29 00:00:00.000,2.720625143620395
2021-04-30 00:00:00.000,2.6314840535874953
2021-05-01 00:00:00.000,2.763075436868529
2021-05-02 00:00:00.000,2.720612140754026
2021-05-03 00:00:00.000,2.629140900642031
2021-05-04 00:00:00.000,2.6197663865228273
2021-05-05 00:00:00.000,2.3290752009238904
2021-05-06 00:00:00.000,2.5802564647592727
2021-05-07 00:00:00.000,2.4720067171573965
2021-05-08 00:00:00.000,2.4943810721800457
2021-05-09 00:00:00.000,2.4685597681947007
2021-05-10 00:00:00.000,2.4347507708060405
2021-05-11 00:00:00.000,2.204907570064608
2021-05-12 00:00:00.000,2.335160726317321
2021-05-13 00:00:00.000,2.0583615269491875
2021-05-14 00:00:00.000,2.052250566081202
2021-05-15 00:00:00.000,2.1272707412167993
2021-05-16 00:00:00.000,1.95206219968256
2021-05-17 00:00:00.000,1.9662537779656466
2021-05-18 00:00:00.000,1.7936962440258788
2021-05-19 00:00:00.000,1.896897389480375
2021-05-20 00:00:00.000,1.2214010335253664
2021-05-21 00:00:00.000,1.4703087403019859
2021-05-22 00:00:00.000,1.2733388191148096
2021-05-23 00:00:00.000,1.1873453149134967
2021-05-24 00:00:00.000,0.9567940078998581
2021-05-25 00:00:00.000,1.2592811058479958
2021-05-26 00:00:00.000,1.2337201034377367
2021-05-27 00:00:00.000,1.9302213207368069
2021-05-28 00:00:00.000,1.715937218500435
2021-05-29 00:00:00.000,1.4269108603807015
2021-05-30 00:00:00.000,1.3495593556519085
2021-05-31 00:00:00.000,1.5393660975740089
2021-06-01 00:00:00.000,1.6292333725030652
2021-06-02 00:00:00.000,1.572032513639519
2021-06-03 00:00:00.000,1.585963362268324
2021-06-04 00:00:00.000,1.6427588158665452
2021-06-05 00:00:00.000,1.5006366649514054
2021-06-06 00:00:00.000,1.4542971586586255
2021-06-07 00:00:00.000,1.4752724975933023
2021-06-08 00:00:00.000,1.3361678117692106
2021-06-09 00:00:00.000,1.3349908029787396
2021-06-10 00:00:00.000,1.368807943737367
2021-06-11 00:00:00.000,1.2897369626553672
2021-06-12 00:00:00.000,1.2966196682178042
2021-06-13 00:00:00.000,1.2381605724876208
2021-06-14 00:00:00.000,1.3090816273611892
2021-06-15 00:00:00.000,1.4222686571248142
2021-06-16 00:00:00.000,1.4149924151628668
2021-06-17 00:00:00.000,1.3938579843329604
2021-06-18 00:00:00.000,1.4032183675875267
2021-06-19 00:00:00.000,1.2823668901419825
2021-06-20 00:00:00.000,1.2435130092013738
2021-06-21 00:00:00.000,1.2568223729862265
2021-06-22 00:00:00.000,0.9471109068855573
2021-06-23 00:00:00.000,0.9088712498677729
2021-06-24 00:00:00.000,1.047927277635306
2021-06-25 00:00:00.000,1.0687984314869825
2021-06-26 00:00:00.000,0.9657521100686086
2021-06-27 00:00:00.000,0.9442533614078529
2021-06-28 00:00:00.000,1.0010547060081791
2021-06-29 00:00:00.000,1.0297564700592747
2021-06-30 00:00:00.000,1.0911128672221482
2021-07-01 00:00:00.000,1.1567105714444
2021-07-02 00:00:00.000,1.145867484876643
2021-07-03 00:00:00.000,1.12699389042471
2021-07-04 00:00:00.000,1.1485902292501906
2021-07-05 00:00:00.000,1.1752162776703088
2021-07-06 00:00:00.000,1.1122743370731896
2021-07-07 00:00:00.000,1.1779117326243764
2021-07-08 00:00:00.000,1.3847164784089894
2021-07-09 00:00:00.000,1.2064519395139026
2021-07-10 00:00:00.000,1.2983594246855956
2021-07-11 00:00:00.000,1.2990605098899164
2021-07-12 00:00:00.000,1.3680350938159076
2021-07-13 00:00:00.000,1.3166930430788342
2021-07-14 00:00:00.000,1.2162230798571656
2021-07-15 00:00:00.000,1.3377999118708148
2021-07-16 00:00:00.000,1.245295310278922
2021-07-17 00:00:00.000,1.1823324508485933
2021-07-18 00:00:00.000,1.1886327396117204
2021-07-19 00:00:00.000,1.1908760211868936
2021-07-20 00:00:00.000,1.0847437692763118
2021-07-21 00:00:00.000,1.0039638790387562
2021-07-22 00:00:00.000,1.0954420111297103
2021-07-23 00:00:00.000,1.128581856218423
2021-07-24 00:00:00.000,1.233796477560677
2021-07-25 00:00:00.000,1.3129366854644064
2021-07-26 00:00:00.000,1.371358725212236
2021-07-27 00:00:00.000,1.2900518347483765
2021-07-28 00:00:00.000,1.3400168611167707
2021-07-29 00:00:00.000,1.3334719842022817
2021-07-30 00:00:00.000,1.402002074505657
2021-07-31 00:00:00.000,1.4391523548079366
2021-08-01 00:00:00.000,1.446110254757167
2021-08-02 00:00:00.000,1.3715532166725883
2021-08-03 00:00:00.000,1.3943938769321396
2021-08-04 00:00:00.000,1.3623374695675492
2021-08-05 00:00:00.000,1.4047675600130516
2021-08-06 00:00:00.000,1.407081869836396
2021-08-07 00:00:00.000,1.442953314334997
2021-08-08 00:00:00.000,1.4983431592702272
2021-08-09 00:00:00.000,1.413857082388868
2021-08-10 00:00:00.000,1.5305179554245791
2021-08-11 00:00:00.000,1.625310160197552
2021-08-12 00:00:00.000,1.6197945120129218
2021-08-13 00:00:00.000,1.5626573179364847
2021-08-14 00:00:00.000,1.664155046020351
2021-08-15 00:00:00.000,1.67799696218724
2021-08-16 00:00:00.000,1.6652338698822509
2021-08-17 00:00:00.000,1.6281406741023818
2021-08-18 00:00:00.000,1.5377121054275245
2021-08-19 00:00:00.000,1.5386851523265759
2021-08-20 00:00:00.000,1.571398019287176
2021-08-21 00:00:00.000,1.654597849438862
2021-08-22 00:00:00.000,1.8473636705405818
2021-08-23 00:00:00.000,1.846943797675206
2021-08-24 00:00:00.000,2.146475083047419
2021-08-25 00:00:00.000,1.9092576460735229
2021-08-26 00:00:00.000,2.0628815889117966
2021-08-27 00:00:00.000,1.8921838864536935
2021-08-28 00:00:00.000,2.0026552160002633
2021-08-29 00:00:00.000,2.0554629531565567
2021-08-30 00:00:00.000,2.2029051499997365
2021-08-31 00:00:00.000,2.096925433799925
2021-09-01 00:00:00.000,2.037043222168256
2021-09-02 00:00:00.000,2.0804732822842573
2021-09-03 00:00:00.000,2.0513159861115566
2021-09-04 00:00:00.000,2.0671285674838122
2021-09-05 00:00:00.000,2.0943005893533932
2021-09-06 00:00:00.000,2.1836708158821305
2021-09-07 00:00:00.000,2.1792993951964985
2021-09-08 00:00:00.000,1.7584950176367202
2021-09-09 00:00:00.000,1.7396420693211734
2021-09-10 00:00:00.000,1.782723993669647
2021-09-11 00:00:00.000,1.6453120483150967
2021-09-12 00:00:00.000,1.6727800278564682
2021-09-13 00:00:00.000,1.7150193786523098
2021-09-14 00:00:00.000,1.629486744242501
2021-09-15 00:00:00.000,1.6830002682193097
2021-09-16 00:00:00.000,1.7555506066467839
2021-09-17 00:00:00.000,1.6850004709588768
2021-09-18 00:00:00.000,1.6351915909919634
2021-09-19 00:00:00.000,1.6433208198942584
2021-09-20 00:00:00.000,1.5747952199504844
2021-09-21 00:00:00.000,1.3446876346633714
2021-09-22 00:00:00.000,1.2114425741136656
2021-09-23 00:00:00.000,1.411874735787034
2021-09-24 00:00:00.000,1.4798272317448127
2021-09-25 00:00:00.000,1.3397464462416513
2021-09-26 00:00:00.000,1.3412292307492562
2021-09-27 00:00:00.000,1.3274374756211313
2021-09-28 00:00:00.000,1.2653209556858045
2021-09-29 00:00:00.000,1.2041508313144254
2021-09-30 00:00:00.000,1.2239422890553169
2021-10-01 00:00:00.000,1.3117390069359613
2021-10-02 00:00:00.000,1.5184018235388368
2021-10-03 00:00:00.000,1.5109993998490618
2021-10-04 00:00:00.000,1.5474876261840926
2021-10-05 00:00:00.000,1.5746433359599816
2021-10-06 00:00:00.000,1.6925513724908505
2021-10-07 00:00:00.000,1.6464721039234276
2021-10-08 00:00:00.000,1.6603788274865972
2021-10-09 00:00:00.000,1.6931640765493392
2021-10-10 00:00:00.000,1.7159811562918967
2021-10-11 00:00:00.000,1.584099208564129
2021-10-12 00:00:00.000,1.5615965329888077
2021-10-13 00:00:00.000,1.5317456712080133
2021-10-14 00:00:00.000,1.5797251537670143
2021-10-15 00:00:00.000,1.6111626750247077
2021-10-16 00:00:00.000,1.6148670763553994
2021-10-17 00:00:00.000,1.7209735321645665
2021-10-18 00:00:00.000,1.6395575683422312
2021-10-19 00:00:00.000,1.6242815557745176
2021-10-20 00:00:00.000,1.6104486837802852
2021-10-21 00:00:00.000,1.839692769055419
2021-10-22 00:00:00.000,1.8016774977924936
2021-10-23 00:00:00.000,1.837688415001074
2021-10-24 00:00:00.000,1.8437375723707023
2021-10-25 00:00:00.000,1.7815029013431574
2021-10-26 00:00:00.000,1.911343513312583
2021-10-27 00:00:00.000,2.028353823223523
2021-10-28 00:00:00.000,2.091996145451329
2021-10-29 00:00:00.000,2.3132258941622856
2021-10-30 00:00:00.000,2.428711831657394
2021-10-31 00:00:00.000,3.061356516651205
2021-11-01 00:00:00.000,2.571283408994286
2021-11-02 00:00:00.000,2.6266290442794458
2021-11-03 00:00:00.000,3.135494979066038
2021-11-04 00:00:00.000,2.875948969437996
2021-11-05 00:00:00.000,2.980073481624229
2021-11-06 00:00:00.000,2.9849916141280293
2021-11-07 00:00:00.000,3.456395506593919
2021-11-08 00:00:00.000,3.3305730117937578
2021-11-09 00:00:00.000,3.1833987380657986
2021-11-10 00:00:00.000,2.980811260289089
2021-11-11 00:00:00.000,2.832349399253128
2021-11-12 00:00:00.000,2.9789918142035523
2021-11-13 00:00:00.000,3.079713965345565
2021-11-14 00:00:00.000,3.063193320346772
2021-11-15 00:00:00.000,3.0850324634291555
2021-11-16 00:00:00.000,3.0436919362037553
2021-11-17 00:00:00.000,2.8682708105085246
2021-11-18 00:00:00.000,3.0120345932703008
2021-11-19 00:00:00.000,2.9814173035480214
2021-11-20 00:00:00.000,3.608663191325066
2021-11-21 00:00:00.000,3.665189225798403
2021-11-22 00:00:00.000,3.3479008117056077
2021-11-23 00:00:00.000,3.5779796304760625
2021-11-24 00:00:00.000,3.860099316940141
2021-11-25 00:00:00.000,4.456510002241104
2021-11-26 00:00:00.000,4.238103509513237
2021-11-27 00:00:00.000,3.8378230432411673
2021-11-28 00:00:00.000,3.6543008278100406
2021-11-29 00:00:00.000,3.812383077428023
2021-11-30 00:00:00.000,3.66882565509567
2021-12-01 00:00:00.000,3.4947598805046405
2021-12-02 00:00:00.000,3.533366186369419
2021-12-03 00:00:00.000,3.3959218572977985
2021-12-04 00:00:00.000,3.109500416245781
2021-12-05 00:00:00.000,3.0157727056196766
2021-12-06 00:00:00.000,2.7201481460961383
2021-12-07 00:00:00.000,2.8971027890606647
2021-12-08 00:00:00.000,2.8043907383745488
2021-12-09 00:00:00.000,2.898471758763708
2021-12-10 00:00:00.000,2.586083478388535
2021-12-11 00:00:00.000,2.4424880823566864
2021-12-12 00:00:00.000,2.5438374761991884
2021-12-13 00:00:00.000,2.7008367202128523
2021-12-14 00:00:00.000,2.3279436425016686
2021-12-15 00:00:00.000,2.3477260832459756
2021-12-16 00:00:00.000,2.4864822461859126
2021-12-17 00:00:00.000,2.3830772983357313
2021-12-18 00:00:00.000,2.310825206077367
2021-12-19 00:00:00.000,2.4095319832365734
2021-12-20 00:00:00.000,2.34844494023388
2021-12-21 00:00:00.000,2.315367078369371
2021-12-22 00:00:00.000,2.4405334227352924
2021-12-23 00:00:00.000,2.596222960229731
2021-12-24 00:00:00.000,2.9651269974033485
2021-12-25 00:00:00.000,2.7997985331245583
2021-12-26 00:00:00.000,3.158166358572579
2021-12-27 00:00:00.000,3.1866376173528566
2021-12-28 00:00:00.000,3.0839196963279303
2021-12-29 00:00:00.000,2.7834504587258992
2021-12-30 00:00:00.000,2.6431149041017905
2021-12-31 00:00:00.000,2.6411969268312334
2022-01-01 00:00:00.000,2.5864857658947957
2022-01-02 00:00:00.000,2.7011592889178133
2022-01-03 00:00:00.000,2.8702405615574618
2022-01-04 00:00:00.000,2.798981973633407
2022-01-05 00:00:00.000,2.7131753839653006
2022-01-06 00:00:00.000,2.457224511491069
2022-01-07 00:00:00.000,2.563883958315253
2022-01-08 00:00:00.000,2.3513600048010317
2022-01-09 00:00:00.000,2.26545028846929
2022-01-10 00:00:00.000,2.304136529684777
2022-01-11 00:00:00.000,2.17535862523409
2022-01-12 00:00:00.000,2.3168363487782035
2022-01-13 00:00:00.000,2.5300960439693827
2022-01-14 00:00:00.000,2.3859982471186707
2022-01-15 00:00:00.000,2.4164699235978704
2022-01-16 00:00:00.000,2.4633385581598506
2022-01-17 00:00:00.000,2.5113827616555517
2022-01-18 00:00:00.000,2.3319614893962926
2022-01-19 00:00:00.000,2.277144955985282
2022-01-20 00:00:00.000,2.227483544798542
2022-01-21 00:00:00.000,2.1152730933349164
2022-01-22 00:00:00.000,1.7313276296605344
2022-01-23 00:00:00.000,1.5002341086950763
2022-01-24 00:00:00.000,1.6085515687743603
2022-01-25 00:00:00.000,1.5071579445899057
2022-01-26 00:00:00.000,1.538826312342705
2022-01-27 00:00:00.000,1.5587352933909941
2022-01-28 00:00:00.000,1.5786941835172836
2022-01-29 00:00:00.000,1.6455979432601622
2022-01-30 00:00:00.000,1.7570243898774103
2022-01-31 00:00:00.000,1.7992768892429611
2022-02-01 00:00:00.000,1.8921348884761087
2022-02-02 00:00:00.000,1.8471111387997352
2022-02-03 00:00:00.000,1.703814008179707
2022-02-04 00:00:00.000,1.6787793030784481
2022-02-05 00:00:00.000,1.8298497947118055
2022-02-06 00:00:00.000,1.9279754620113665
2022-02-07 00:00:00.000,2.0682814185902028
2022-02-08 00:00:00.000,2.1117025993153433
2022-02-09 00:00:00.000,2.1194893890811435
2022-02-10 00:00:00.000,2.1615407396544715
2022-02-11 00:00:00.000,1.9961143742144125
2022-02-12 00:00:00.000,1.835391276876694
2022-02-13 00:00:00.000,1.8107231306361216
2022-02-14 00:00:00.000,1.7493476694896326
2022-02-15 00:00:00.000,1.7559289365889479
2022-02-16 00:00:00.000,1.9654057524262873
2022-02-17 00:00:00.000,1.9638614881463314
2022-02-18 00:00:00.000,1.7392567640666543
2022-02-19 00:00:00.000,1.6792185542416758
2022-02-20 00:00:00.000,1.666440080695862
2022-02-21 00:00:00.000,1.5404213774376279
2022-02-22 00:00:00.000,1.3904988432202645
2022-02-23 00:00:00.000,1.467797248300002
2022-02-24 00:00:00.000,1.3937222660373978
2022-02-25 00:00:00.000,1.3522275329417563
2022-02-26 00:00:00.000,1.454396953928959
2022-02-27 00:00:00.000,1.4383709223144658
2022-02-28 00:00:00.000,1.3810955928647661
2022-03-01 00:00:00.000,1.5688554486220416
2022-03-02 00:00:00.000,1.602813833506153
2022-03-03 00:00:00.000,1.5473947076487513
2022-03-04 00:00:00.000,1.482356302676626
2022-03-05 00:00:00.000,1.360992331534627
2022-03-06 00:00:00.000,1.4224118134710226
2022-03-07 00:00:00.000,1.3471910531265776
2022-03-08 00:00:00.000,1.3135940470352792
2022-03-09 00:00:00.000,1.336201663029121
2022-03-10 00:00:00.000,1.394311424906303
2022-03-11 00:00:00.000,1.3332610255434125
2022-03-12 00:00:00.000,1.309529166999208
2022-03-13 00:00:00.000,1.3217032193756866
2022-03-14 00:00:00.000,1.3020058053143002
2022-03-15 00:00:00.000,1.328313790838185
2022-03-16 00:00:00.000,1.3242397932657735
2022-03-17 00:00:00.000,1.4212070170325395
2022-03-18 00:00:00.000,1.4061510366141423
2022-03-19 00:00:00.000,1.4490192609728132
2022-03-20 00:00:00.000,1.5088443337056379
2022-03-21 00:00:00.000,1.4431520106092979
2022-03-22 00:00:00.000,1.4376098337656689
2022-03-23 00:00:00.000,1.4600533074589195
2022-03-24 00:00:00.000,1.5371076699864112
2022-03-25 00:00:00.000,1.6819384122299854
2022-03-26 00:00:00.000,1.6168396154894524
2022-03-27 00:00:00.000,1.6524131247394198
2022-03-28 00:00:00.000,1.7858079981825077
2022-03-29 00:00:00.000,1.706800658495332
2022-03-30 00:00:00.000,1.7476945539835094
2022-03-31 00:00:00.000,1.7919562785933125
2022-04-01 00:00:00.000,1.7934034999888457
2022-04-02 00:00:00.000,1.8591663521505928
2022-04-03 00:00:00.000,1.8555758167718857
2022-04-04 00:00:00.000,1.8780603480875637
2022-04-05 00:00:00.000,1.7760093902162781
2022-04-06 00:00:00.000,1.7039950593435114
2022-04-07 00:00:00.000,1.524726284298271
2022-04-08 00:00:00.000,1.671312456326884
2022-04-09 00:00:00.000,1.656103754721629
2022-04-10 00:00:00.000,1.8082965113950846
2022-04-11 00:00:00.000,1.6808725837228764
2022-04-12 00:00:00.000,1.49990985768791
2022-04-13 00:00:00.000,1.5659801728972584
2022-04-14 00:00:00.000,1.5952169098023523
2022-04-15 00:00:00.000,1.526188623506094
2022-04-16 00:00:00.000,1.5281665762287098
2022-04-17 00:00:00.000,1.5102834661288402
2022-04-18 00:00:00.000,1.431349275236983
2022-04-19 00:00:00.000,1.4518481741278133
2022-04-20 00:00:00.000,1.5179350170844608
2022-04-21 00:00:00.000,1.5168069940920728
2022-04-22 00:00:00.000,1.4415516076618915
2022-04-23 00:00:00.000,1.442802331921148
2022-04-24 00:00:00.000,1.4087890068132694
2022-04-25 00:00:00.000,1.391341523185061
2022-04-26 00:00:00.000,1.3792403808667344
2022-04-27 00:00:00.000,1.2761407590075582
2022-04-28 00:00:00.000,1.3054747396919395
2022-04-29 00:00:00.000,1.2944616317755557
2022-04-30 00:00:00.000,1.209707677366584
2022-05-01 00:00:00.000,1.0631276644001775
