date,theta-token
2018-01-24 00:00:00.000,0.2168872957598479
2018-01-25 00:00:00.000,0.29396893827576187
2018-01-26 00:00:00.000,0.2956980337018605
2018-01-27 00:00:00.000,0.26127898251737536
2018-01-28 00:00:00.000,0.2956698509161049
2018-01-29 00:00:00.000,0.27909208496396753
2018-01-30 00:05:24.318,0.2742017114277758
2018-01-31 00:00:00.000,0.21506550032981536
2018-02-01 00:00:00.000,0.21633531252097085
2018-02-02 00:00:00.000,0.19040649113284197
2018-02-03 00:00:00.000,0.17077457450758315
2018-02-04 00:00:00.000,0.18783784473729848
2018-02-05 00:00:00.000,0.15460005468653382
2018-02-06 00:00:00.000,0.11699431271885632
2018-02-07 00:00:00.000,0.13517033145062113
2018-02-08 00:05:21.832,0.12130235690816864
2018-02-09 00:00:00.000,0.13052847734120568
2018-02-10 00:00:00.000,0.14117889621368573
2018-02-11 00:00:00.000,0.13154294927745047
2018-02-12 00:00:00.000,0.11756985485948548
2018-02-13 00:00:00.000,0.11639086001500502
2018-02-14 00:00:00.000,0.1146525060349095
2018-02-15 00:00:00.000,0.1284833447231429
2018-02-16 00:00:00.000,0.14466577122384408
2018-02-17 00:00:00.000,0.13967802333196067
2018-02-18 00:00:00.000,0.1688509258816479
2018-02-19 00:00:00.000,0.1653953373999487
2018-02-20 00:00:00.000,0.16958219738464178
2018-02-21 00:00:00.000,0.15107808613476462
2018-02-22 00:00:00.000,0.13097363129646583
2018-02-23 00:00:00.000,0.13438251154924177
2018-02-24 00:00:00.000,0.13235396167938826
2018-02-25 00:00:00.000,0.12798323938594675
2018-02-26 00:00:00.000,0.1187952859059071
2018-02-27 00:00:00.000,0.12736630593733417
2018-02-28 00:00:00.000,0.14866010148247663
2018-03-01 00:00:00.000,0.1454162471748463
2018-03-02 00:00:00.000,0.2050931762226897
2018-03-03 00:00:00.000,0.19762668566852346
2018-03-04 00:00:00.000,0.23051270313276473
2018-03-05 00:00:00.000,0.22105138396907378
2018-03-06 00:00:00.000,0.2154594717148963
2018-03-07 00:00:00.000,0.19965484542084486
2018-03-08 00:00:00.000,0.1696293509571897
2018-03-09 00:00:00.000,0.1448565013111639
2018-03-10 00:00:00.000,0.16883868370591665
2018-03-11 00:00:00.000,0.16625064691710795
2018-03-12 00:00:00.000,0.1852176597906587
2018-03-13 00:00:00.000,0.16780877195553615
2018-03-14 00:00:00.000,0.16428085536310236
2018-03-15 00:00:00.000,0.14879132924546495
2018-03-16 00:00:00.000,0.14936709117166805
2018-03-17 00:00:00.000,0.1514296034091191
2018-03-18 00:00:00.000,0.14385336371652271
2018-03-19 00:00:00.000,0.1404307731149683
2018-03-20 00:00:00.000,0.1487839527438199
2018-03-21 00:00:00.000,0.1553685072335687
2018-03-22 00:00:00.000,0.15517794266735618
2018-03-23 00:00:00.000,0.1486613830184655
2018-03-24 00:00:00.000,0.15138331327307933
2018-03-25 00:00:00.000,0.1460377301013398
2018-03-26 00:00:00.000,0.14441765094638104
2018-03-27 00:00:00.000,0.13223622927181863
2018-03-28 00:00:00.000,0.12911757974615504
2018-03-29 00:00:00.000,0.132875919792945
2018-03-30 00:00:00.000,0.11847652313968249
2018-03-31 00:00:00.000,0.11673991323341318
2018-04-01 00:00:00.000,0.11691911856248155
2018-04-02 00:00:00.000,0.10856744429082221
2018-04-03 00:00:00.000,0.11455676626204836
2018-04-04 00:00:00.000,0.11951162012129787
2018-04-05 00:00:00.000,0.10936051229509586
2018-04-06 00:00:00.000,0.1076280488847033
2018-04-07 00:00:00.000,0.10089476008704806
2018-04-08 00:00:00.000,0.1035865182308055
2018-04-09 00:00:00.000,0.10432034900327249
2018-04-10 00:00:00.000,0.10600806340434156
2018-04-11 00:00:00.000,0.10426726727981381
2018-04-12 00:00:00.000,0.11243538300624419
2018-04-13 00:00:00.000,0.12406858731299314
2018-04-14 00:00:00.000,0.1242731475576212
2018-04-15 00:00:00.000,0.11986492035474254
2018-04-16 00:00:00.000,0.12366497405490819
2018-04-17 00:00:00.000,0.1171013217266281
2018-04-18 00:00:00.000,0.11611923992979802
2018-04-19 00:00:00.000,0.12301153346260003
2018-04-20 00:00:00.000,0.13781140046949453
2018-04-21 00:00:00.000,0.14106392956899705
2018-04-22 00:00:00.000,0.14453592188150807
2018-04-23 00:00:00.000,0.15077381092589687
2018-04-24 00:00:00.000,0.14813727875625313
2018-04-25 00:00:00.000,0.15963696910592004
2018-04-26 00:00:00.000,0.1298615752915702
2018-04-27 00:00:00.000,0.14586214408298814
2018-04-28 00:00:00.000,0.1341096342118564
2018-04-29 00:00:00.000,0.1427796930548414
2018-04-30 00:00:00.000,0.14719085455203088
2018-05-01 00:00:00.000,0.14236493786832843
2018-05-02 00:00:00.000,0.1403329347880144
2018-05-03 00:00:00.000,0.1452174761116005
2018-05-04 00:00:00.000,0.17404215818477042
2018-05-05 00:00:00.000,0.17490838605776507
2018-05-06 00:00:00.000,0.1661939471478309
2018-05-07 00:00:00.000,0.16393085243757943
2018-05-08 00:00:00.000,0.20721668093823126
2018-05-09 00:00:00.000,0.19861236985968186
2018-05-10 00:00:00.000,0.21141362793789711
2018-05-11 00:00:00.000,0.21535485102832974
2018-05-12 00:00:00.000,0.1796702988003647
2018-05-13 00:00:00.000,0.18568334942886308
2018-05-14 00:00:00.000,0.19042869411501043
2018-05-15 00:00:00.000,0.23583411552036293
2018-05-16 00:00:00.000,0.23369596039516094
2018-05-17 00:00:00.000,0.239984578428117
2018-05-18 00:00:00.000,0.2082801700873968
2018-05-19 00:00:00.000,0.23264546040708015
2018-05-20 00:00:00.000,0.2255632422705164
2018-05-21 00:00:00.000,0.2251284603245754
2018-05-22 00:00:00.000,0.22106849911682777
2018-05-23 00:00:00.000,0.20163827487868155
2018-05-24 00:00:00.000,0.17436435309257733
2018-05-25 00:00:00.000,0.17735609785702725
2018-05-26 00:00:00.000,0.1687695430334211
2018-05-27 00:00:00.000,0.16561446497865698
2018-05-28 00:00:00.000,0.16252207856252648
2018-05-29 00:00:00.000,0.16186712189415126
2018-05-30 00:00:00.000,0.194542224347285
2018-05-31 00:00:00.000,0.29344472665520904
2018-06-01 00:00:00.000,0.24490086781178697
2018-06-02 00:00:00.000,0.26338978931578266
2018-06-03 00:00:00.000,0.25183521374243784
2018-06-04 00:00:00.000,0.2661884073774117
2018-06-05 00:00:00.000,0.25414896010810817
2018-06-06 00:00:00.000,0.2575848199621792
2018-06-07 00:00:00.000,0.25409286785442503
2018-06-08 00:00:00.000,0.2346054518225916
2018-06-09 00:00:00.000,0.22959058933279955
2018-06-10 00:00:00.000,0.2064677947921299
2018-06-11 00:00:00.000,0.17795137196437502
2018-06-12 00:00:00.000,0.20382980709992934
2018-06-13 00:00:00.000,0.18128623264532495
2018-06-14 00:00:00.000,0.16367283274603206
2018-06-15 00:00:00.000,0.17326076075713587
2018-06-16 00:00:00.000,0.16304184165350466
2018-06-17 00:00:00.000,0.16503151805640262
2018-06-18 00:00:00.000,0.1583053163386805
2018-06-19 00:00:00.000,0.15956341136275862
2018-06-20 00:00:00.000,0.15174658458196033
2018-06-21 00:00:00.000,0.14735482029875913
2018-06-22 00:00:00.000,0.1536773165768063
2018-06-23 00:00:00.000,0.12602217645567831
2018-06-24 00:00:00.000,0.12456295649581436
2018-06-25 00:00:00.000,0.1369931673756316
2018-06-26 00:00:00.000,0.16005424969208507
2018-06-27 00:00:00.000,0.1532956977504052
2018-06-28 00:00:00.000,0.16238986472643732
2018-06-29 00:00:00.000,0.13730960994470542
2018-06-30 00:00:00.000,0.15703988063183966
2018-07-01 00:00:00.000,0.16218457009409387
2018-07-02 00:00:00.000,0.16207354937610577
2018-07-03 00:00:00.000,0.16331415104972552
2018-07-04 00:00:00.000,0.16381026135137572
2018-07-05 00:00:00.000,0.16137359692355818
2018-07-06 00:00:00.000,0.15438482126515074
2018-07-07 00:00:00.000,0.15705636150253005
2018-07-08 00:00:00.000,0.16014346679786876
2018-07-09 00:00:00.000,0.15669838940922035
2018-07-10 00:00:00.000,0.14309356355967393
2018-07-11 00:00:00.000,0.12941828744728073
2018-07-12 00:00:00.000,0.12899853758198415
2018-07-13 00:00:00.000,0.1277560988103508
2018-07-14 00:00:00.000,0.125441831796669
2018-07-15 00:00:00.000,0.12568278551542567
2018-07-16 00:00:00.000,0.12956202305792677
2018-07-17 00:00:00.000,0.14627796990957512
2018-07-18 00:00:00.000,0.15798605098113555
2018-07-19 00:00:00.000,0.15600218798964993
2018-07-20 00:00:00.000,0.14689592959604475
2018-07-21 00:00:00.000,0.1296192197858301
2018-07-22 00:00:00.000,0.13737238608140317
2018-07-23 00:00:00.000,0.13220239130302744
2018-07-24 00:00:00.000,0.13934403212784335
2018-07-25 00:00:00.000,0.136732057965548
2018-07-26 00:00:00.000,0.14263236126092935
2018-07-27 00:00:00.000,0.13322148687202834
2018-07-28 00:00:00.000,0.13241203009720964
2018-07-29 00:00:00.000,0.13077077366797862
2018-07-30 00:00:00.000,0.1333338517506902
2018-07-31 00:00:00.000,0.12708546378513116
2018-08-01 00:00:00.000,0.11244877971102335
2018-08-02 00:00:00.000,0.11362845184782655
2018-08-03 00:00:00.000,0.10654397982043293
2018-08-04 00:00:00.000,0.11123969095408835
2018-08-05 00:00:00.000,0.1077450518357055
2018-08-06 00:00:00.000,0.12143349669215445
2018-08-07 00:00:00.000,0.11655362798439843
2018-08-08 00:00:00.000,0.10722171658550621
2018-08-09 00:00:00.000,0.10193325866185722
2018-08-10 00:00:00.000,0.10776949088795205
2018-08-11 00:00:00.000,0.09878865083230073
2018-08-12 00:00:00.000,0.08456081640275444
2018-08-13 00:00:00.000,0.08373209928941798
2018-08-14 00:00:00.000,0.07428165969159115
2018-08-15 00:00:00.000,0.066121071622057
2018-08-16 00:00:00.000,0.0654384842845496
2018-08-17 00:00:00.000,0.06672754313588998
2018-08-18 00:00:00.000,0.09225256815442609
2018-08-19 00:00:00.000,0.0759073926268001
2018-08-20 00:00:00.000,0.08374027119206424
2018-08-21 00:00:00.000,0.07326907736676957
2018-08-22 00:00:00.000,0.07590479134008642
2018-08-23 00:00:00.000,0.06966749668387703
2018-08-24 00:00:00.000,0.08269149146726786
2018-08-25 00:00:00.000,0.1090708227741712
2018-08-26 00:00:00.000,0.10388616067190595
2018-08-27 00:00:00.000,0.09689037658335
2018-08-28 00:00:00.000,0.10173631573604076
2018-08-29 00:00:00.000,0.10558824243552822
2018-08-30 00:00:00.000,0.10306081925094633
2018-08-31 00:00:00.000,0.10155995556651776
2018-09-01 00:00:00.000,0.10113829125442853
2018-09-02 00:00:00.000,0.10685478279968211
2018-09-03 00:00:00.000,0.1046623778829394
2018-09-04 00:00:00.000,0.10813473893177658
2018-09-05 00:00:00.000,0.1109606537101536
2018-09-06 00:00:00.000,0.09203886297186578
2018-09-07 00:00:00.000,0.09497308120161438
2018-09-08 00:00:00.000,0.09167246015429632
2018-09-09 00:00:00.000,0.08693665214037943
2018-09-10 00:00:00.000,0.08554021120731146
2018-09-11 00:00:00.000,0.08602598222504335
2018-09-12 00:00:00.000,0.08217148068163173
2018-09-13 00:00:00.000,0.08092478692086429
2018-09-14 00:00:00.000,0.08589743553106179
2018-09-15 00:00:00.000,0.08321590672857063
2018-09-16 00:00:00.000,0.08320185345029764
2018-09-17 00:00:00.000,0.08404907872279403
2018-09-18 00:00:00.000,0.08684183701687714
2018-09-19 00:00:00.000,0.08280728180028231
2018-09-20 00:00:00.000,0.08901425386823102
2018-09-21 00:00:00.000,0.08763744672508489
2018-09-22 00:00:00.000,0.0917303810807148
2018-09-23 00:00:00.000,0.08845026997083465
2018-09-24 00:00:00.000,0.08945117159599554
2018-09-25 00:00:00.000,0.08608751371225351
2018-09-26 00:00:00.000,0.08600543037164898
2018-09-27 00:00:00.000,0.0847149675338055
2018-09-28 00:00:00.000,0.08755142539203498
2018-09-29 00:00:00.000,0.08596776100269117
2018-09-30 00:00:00.000,0.08759166122159412
2018-10-01 00:00:00.000,0.08881825116336309
2018-10-02 00:00:00.000,0.08980416318962726
2018-10-03 00:00:00.000,0.09311615506042452
2018-10-04 00:00:00.000,0.09093774223870317
2018-10-05 00:00:00.000,0.0985853303842285
2018-10-06 00:00:00.000,0.09636368437707224
2018-10-07 00:00:00.000,0.09336023692006433
2018-10-08 00:00:00.000,0.09652694181019707
2018-10-09 00:00:00.000,0.09657366795833135
2018-10-10 00:00:00.000,0.09666714187288183
2018-10-11 00:00:00.000,0.09771750079643028
2018-10-12 00:00:00.000,0.08066661177912565
2018-10-13 00:00:00.000,0.08377118174651225
2018-10-14 00:00:00.000,0.0848038677533598
2018-10-15 00:00:00.000,0.09066858529142405
2018-10-16 00:00:00.000,0.09162317598056031
2018-10-17 00:00:00.000,0.09068417641263542
2018-10-18 00:00:00.000,0.09140393831077125
2018-10-19 00:00:00.000,0.0875733975061152
2018-10-20 00:00:00.000,0.08722188233875625
2018-10-21 00:00:00.000,0.0898529404134222
2018-10-22 00:00:00.000,0.08939713742344123
2018-10-23 00:00:00.000,0.089752526715499
2018-10-24 00:00:00.000,0.09068992169902008
2018-10-25 00:00:00.000,0.08890904869269109
2018-10-26 00:00:00.000,0.08746817468464467
2018-10-27 00:00:00.000,0.08758645748386967
2018-10-28 00:00:00.000,0.08907090629842856
2018-10-29 00:00:00.000,0.09387568358932932
2018-10-30 00:00:00.000,0.0880166863290785
2018-10-31 00:00:00.000,0.08920693392890168
2018-11-01 00:00:00.000,0.08991586413709628
2018-11-02 00:00:00.000,0.09408038841525358
2018-11-03 00:00:00.000,0.09385930878928603
2018-11-04 00:00:00.000,0.0915689103462767
2018-11-05 00:00:00.000,0.09050816818136144
2018-11-06 00:00:00.000,0.09295268114592814
2018-11-07 00:00:00.000,0.09218673664680248
2018-11-08 00:00:00.000,0.09309769275240122
2018-11-09 00:00:00.000,0.09152012602126079
2018-11-10 00:00:00.000,0.0890708294908697
2018-11-11 00:00:00.000,0.08929138956329986
2018-11-12 00:00:00.000,0.08761058476755516
2018-11-13 00:00:00.000,0.08910389871977337
2018-11-14 00:00:00.000,0.08703883732331127
2018-11-15 00:00:00.000,0.07522610175384986
2018-11-16 00:00:00.000,0.07375132111648931
2018-11-17 00:00:00.000,0.07189946345085303
2018-11-18 00:00:00.000,0.06937829318816997
2018-11-19 00:00:00.000,0.07073665705336021
2018-11-20 00:00:00.000,0.060833657282746666
2018-11-21 00:00:00.000,0.0504169117113404
2018-11-22 00:00:00.000,0.05649396216262997
2018-11-23 00:00:00.000,0.052591905663578624
2018-11-24 00:00:00.000,0.05720225194165369
2018-11-25 00:00:00.000,0.05080159441668222
2018-11-26 00:00:00.000,0.05330981862942065
2018-11-27 00:00:00.000,0.052303503323696036
2018-11-28 00:00:00.000,0.05186028947037742
2018-11-29 00:00:00.000,0.05476688887152886
2018-11-30 00:00:00.000,0.05382704229932992
2018-12-01 00:00:00.000,0.08918703185356096
2018-12-02 00:00:00.000,0.08043728510630298
2018-12-03 00:00:00.000,0.06718211806469167
2018-12-04 00:00:00.000,0.062363566466456605
2018-12-05 00:00:00.000,0.06625759908963656
2018-12-06 00:00:00.000,0.05767317975978058
2018-12-07 00:00:00.000,0.05030548808211861
2018-12-08 00:00:00.000,0.0475220264522511
2018-12-09 00:00:00.000,0.04660559514831165
2018-12-10 00:00:00.000,0.047451908118936084
2018-12-11 00:00:00.000,0.04815120402771204
2018-12-12 00:00:00.000,0.04542894661047119
2018-12-13 00:00:00.000,0.044772959736031195
2018-12-14 00:00:00.000,0.04204089941766216
2018-12-15 00:00:00.000,0.04118426404255596
2018-12-16 00:00:00.000,0.04122358687646254
2018-12-17 00:00:00.000,0.04127970009662485
2018-12-18 00:00:00.000,0.04410641741518287
2018-12-19 00:00:00.000,0.04590255652381325
2018-12-20 00:00:00.000,0.04581390915271979
2018-12-21 00:00:00.000,0.049544325514047076
2018-12-22 00:00:00.000,0.04810111098155363
2018-12-23 00:00:00.000,0.053907607342545336
2018-12-24 00:00:00.000,0.054991787019289834
2018-12-25 00:00:00.000,0.05369295386876215
2018-12-26 00:00:00.000,0.04787857595934947
2018-12-27 00:00:00.000,0.047576586054298486
2018-12-28 00:00:00.000,0.04308985868211175
2018-12-29 00:00:00.000,0.04914222743590562
2018-12-30 00:00:00.000,0.05004698549435143
2018-12-31 00:00:00.000,0.04951677700253565
2019-01-01 00:00:00.000,0.04643570304892536
2019-01-02 00:00:00.000,0.049167184143581
2019-01-03 00:00:00.000,0.04972024232303439
2019-01-04 00:00:00.000,0.052573298916892997
2019-01-05 00:00:00.000,0.05159258413926552
2019-01-06 00:00:00.000,0.049533901407394984
2019-01-07 00:00:00.000,0.051243125634062324
2019-01-08 00:00:00.000,0.05120131359108853
2019-01-09 00:00:00.000,0.04984065929256081
2019-01-10 00:00:00.000,0.05009909129332326
2019-01-11 00:00:00.000,0.044286105563229594
2019-01-12 00:00:00.000,0.04572349455971731
2019-01-13 00:00:00.000,0.04560256359244502
2019-01-14 00:00:00.000,0.04357358101781206
2019-01-15 00:00:00.000,0.04528074424266813
2019-01-16 00:00:00.000,0.045351691788347734
2019-01-17 00:00:00.000,0.04677070966530337
2019-01-18 00:00:00.000,0.04676930667903526
2019-01-19 00:00:00.000,0.046145637298896466
2019-01-20 00:00:00.000,0.04975608796336439
2019-01-21 00:00:00.000,0.046415634047779486
2019-01-22 00:00:00.000,0.046676953237453266
2019-01-23 00:00:00.000,0.049090242099913334
2019-01-24 00:00:00.000,0.05161138851374206
2019-01-25 00:00:00.000,0.050975957918897495
2019-01-26 00:00:00.000,0.05518222940774735
2019-01-27 00:00:00.000,0.060812979258291426
2019-01-28 00:00:00.000,0.05664627259516297
2019-01-29 00:00:00.000,0.051532114574986146
2019-01-30 00:00:00.000,0.05216530187714153
2019-01-31 00:00:00.000,0.053925814713545864
2019-02-01 00:00:00.000,0.052062324078593736
2019-02-02 00:00:00.000,0.057578750976200514
2019-02-03 00:00:00.000,0.05650728869272671
2019-02-04 00:00:00.000,0.055430199942075355
2019-02-05 00:00:00.000,0.060758607297065864
2019-02-06 00:00:00.000,0.06886369685718507
2019-02-07 00:00:00.000,0.0627766005143932
2019-02-08 00:00:00.000,0.06834445157803722
2019-02-09 00:00:00.000,0.0717874963031316
2019-02-10 00:00:00.000,0.07756651747500026
2019-02-11 00:00:00.000,0.08541822987673246
2019-02-12 00:00:00.000,0.08622173824345339
2019-02-13 00:00:00.000,0.08298178982902636
2019-02-14 00:00:00.000,0.0900903993656134
2019-02-15 00:00:00.000,0.09213888926077603
2019-02-16 00:00:00.000,0.0918991660895917
2019-02-17 00:00:00.000,0.08710174393191922
2019-02-18 00:00:00.000,0.08959616822532429
2019-02-19 00:00:00.000,0.08858653489184605
2019-02-20 00:00:00.000,0.09010756351280633
2019-02-21 00:00:00.000,0.09715333998330483
2019-02-22 00:00:00.000,0.09120627200827944
2019-02-23 00:00:00.000,0.09556568654879213
2019-02-24 00:00:00.000,0.09619712903226904
2019-02-25 00:00:00.000,0.08745060568107213
2019-02-26 00:00:00.000,0.11105738322709556
2019-02-27 00:00:00.000,0.12343253710958063
2019-02-28 00:00:00.000,0.144172580666992
2019-03-01 00:00:00.000,0.14250419541779974
2019-03-02 00:00:00.000,0.13922794678105785
2019-03-03 00:00:00.000,0.13889257360497617
2019-03-04 00:00:00.000,0.12968500326774007
2019-03-05 00:00:00.000,0.12091112067340645
2019-03-06 00:00:00.000,0.12480982155005592
2019-03-07 00:00:00.000,0.1374889960459254
2019-03-08 00:00:00.000,0.13081209745881853
2019-03-09 00:00:00.000,0.12381938350718909
2019-03-10 00:00:00.000,0.13603995246804337
2019-03-11 00:00:00.000,0.18129511289757083
2019-03-12 00:00:00.000,0.15081855921887635
2019-03-13 00:00:00.000,0.1277937175033789
2019-03-14 00:00:00.000,0.12863717529868052
2019-03-15 00:00:00.000,0.13040860302143484
2019-03-16 00:00:00.000,0.12916450310872832
2019-03-17 00:00:00.000,0.12908206438149875
2019-03-18 00:00:00.000,0.12897626170736018
2019-03-19 00:00:00.000,0.12803644839534045
2019-03-20 00:00:00.000,0.1262300270634013
2019-03-21 00:00:00.000,0.1257971890926882
2019-03-22 00:00:00.000,0.1187311975568828
2019-03-23 00:00:00.000,0.1203048800506781
2019-03-24 00:00:00.000,0.11913810458315233
2019-03-25 00:00:00.000,0.11634270115355898
2019-03-26 00:00:00.000,0.10748424307573559
2019-03-27 00:00:00.000,0.10774657710648203
2019-03-28 00:00:00.000,0.11107761284467149
2019-03-29 00:00:00.000,0.11348346091707653
2019-03-30 00:00:00.000,0.11125497911915466
2019-03-31 00:00:00.000,0.10859970484387305
2019-04-01 00:00:00.000,0.11188795252543414
2019-04-02 00:00:00.000,0.10880184933023933
2019-04-03 00:00:00.000,0.11299619498547978
2019-04-04 00:00:00.000,0.1109599172533258
2019-04-05 00:00:00.000,0.12141980871420514
2019-04-06 00:00:00.000,0.1247446922124642
2019-04-07 00:00:00.000,0.12841787217756664
2019-04-08 00:00:00.000,0.1262779928985675
2019-04-09 00:00:00.000,0.11981673415344402
2019-04-10 00:00:00.000,0.13113182459198344
2019-04-11 00:00:00.000,0.12855322099908278
2019-04-12 00:00:00.000,0.11323756216422615
2019-04-13 00:00:00.000,0.11516746748877628
2019-04-14 00:00:00.000,0.11873647181796423
2019-04-15 00:00:00.000,0.12144180513200721
2019-04-16 00:00:00.000,0.11770904324503435
2019-04-17 00:00:00.000,0.13224677517606578
2019-04-18 00:00:00.000,0.12792717196352077
2019-04-19 00:00:00.000,0.1260978866051534
2019-04-20 00:00:00.000,0.12197911784629589
2019-04-21 00:00:00.000,0.12337931831287331
2019-04-22 00:00:00.000,0.11564032821172361
2019-04-23 00:00:00.000,0.1123671084606881
2019-04-24 00:00:00.000,0.11084378836803363
2019-04-25 00:00:00.000,0.10097252630133242
2019-04-26 00:00:00.000,0.0950418553525167
2019-04-27 00:00:00.000,0.10418942002803795
2019-04-28 00:00:00.000,0.10213268760730287
2019-04-29 00:00:00.000,0.09797479386082628
2019-04-30 00:00:00.000,0.0908728570088844
2019-05-01 00:00:00.000,0.0927120604811808
2019-05-02 00:00:00.000,0.09525432823057031
2019-05-03 00:00:00.000,0.09466221010374602
2019-05-04 00:00:00.000,0.0954717951972003
2019-05-05 00:00:00.000,0.09026188742690279
2019-05-06 00:00:00.000,0.0877330045667424
2019-05-07 00:00:00.000,0.09019761762839279
2019-05-08 00:00:00.000,0.08663911388023222
2019-05-09 00:00:00.000,0.08560369006748239
2019-05-10 00:00:00.000,0.08096337727941075
2019-05-11 00:00:00.000,0.0848233285720953
2019-05-12 00:00:00.000,0.09179255281331174
2019-05-13 00:00:00.000,0.08614909285855211
2019-05-14 00:00:00.000,0.09000557229939873
2019-05-15 00:00:00.000,0.10224343969807062
2019-05-16 00:00:00.000,0.11740853729943933
2019-05-17 00:00:00.000,0.11268471346074312
2019-05-18 00:00:00.000,0.1113619147957651
2019-05-19 00:00:00.000,0.11821061437924289
2019-05-20 00:00:00.000,0.11744755813705952
2019-05-21 00:00:00.000,0.11185470191768451
2019-05-22 00:00:00.000,0.11379420404675872
2019-05-23 00:00:00.000,0.10610056327040299
2019-05-24 00:00:00.000,0.10802221964575101
2019-05-25 00:00:00.000,0.1188319695679369
2019-05-26 00:00:00.000,0.13559452710702607
2019-05-27 00:00:00.000,0.12438312636288985
2019-05-28 00:00:00.000,0.12641313500293208
2019-05-29 00:00:00.000,0.13150316238940696
2019-05-30 00:00:00.000,0.14692790027635083
2019-05-31 00:00:00.000,0.13279467864837807
2019-06-01 00:00:00.000,0.13617802510673976
2019-06-02 00:00:00.000,0.13142490176741606
2019-06-03 00:00:00.000,0.14016133326706
2019-06-04 00:00:00.000,0.13185845089697734
2019-06-05 00:00:00.000,0.12391784646543492
2019-06-06 00:00:00.000,0.13081795661030746
2019-06-07 00:00:00.000,0.1316627462600719
2019-06-08 00:00:00.000,0.1344740334859326
2019-06-09 00:00:00.000,0.1406362286856432
2019-06-10 00:00:00.000,0.129961543286465
2019-06-11 00:00:00.000,0.1439575059068495
2019-06-12 00:00:00.000,0.1411167233142399
2019-06-13 00:00:00.000,0.13766101517222723
2019-06-14 00:00:00.000,0.13266823448731188
2019-06-15 00:00:00.000,0.12903112588120813
2019-06-16 00:00:00.000,0.1307564669627702
2019-06-17 00:00:00.000,0.1276564966658046
2019-06-18 00:00:00.000,0.1279650497454949
2019-06-19 00:00:00.000,0.12716156595643677
2019-06-20 00:00:00.000,0.12820831540955369
2019-06-21 00:00:00.000,0.12895675785134478
2019-06-22 00:00:00.000,0.12593754307890728
2019-06-23 00:00:00.000,0.13141423649403597
2019-06-24 00:00:00.000,0.1295900484033524
2019-06-25 00:00:00.000,0.13228460963548222
2019-06-26 00:00:00.000,0.13693452237269488
2019-06-27 00:00:00.000,0.126962181788339
2019-06-28 00:00:00.000,0.11647328910424601
2019-06-29 00:00:00.000,0.11707286206937378
2019-06-30 00:00:00.000,0.11997158013812573
2019-07-01 00:00:00.000,0.11459334438005872
2019-07-02 00:00:00.000,0.11949432780630508
2019-07-03 00:00:00.000,0.11417963900995662
2019-07-04 00:00:00.000,0.11994101804759792
2019-07-05 00:00:00.000,0.11636355162141536
2019-07-06 00:00:00.000,0.11299573393105493
2019-07-07 00:00:00.000,0.11858389305360167
2019-07-08 00:00:00.000,0.11956020625173971
2019-07-09 00:00:00.000,0.11678551334086729
2019-07-10 00:00:00.000,0.12013296133047387
2019-07-11 00:00:00.000,0.12048500811479794
2019-07-12 00:00:00.000,0.11101134664979646
2019-07-13 00:00:00.000,0.11277894082327886
2019-07-14 00:00:00.000,0.11443476504478634
2019-07-15 00:00:00.000,0.10370908432068623
2019-07-16 00:00:00.000,0.10277970525198879
2019-07-17 00:00:00.000,0.09277675449263419
2019-07-18 00:00:00.000,0.11052468215065585
2019-07-19 00:00:00.000,0.11870612905911393
2019-07-20 00:00:00.000,0.12200050057425241
2019-07-21 00:00:00.000,0.12048059284623325
2019-07-22 00:00:00.000,0.12032537955941795
2019-07-23 00:00:00.000,0.1260437811181518
2019-07-24 00:00:00.000,0.11855519453350666
2019-07-25 00:00:00.000,0.11735615123601562
2019-07-26 00:00:00.000,0.1265508598759014
2019-07-27 00:00:00.000,0.12372825985299615
2019-07-28 00:00:00.000,0.12403783143243521
2019-07-29 00:00:00.000,0.1221666596601887
2019-07-30 00:00:00.000,0.12354662366728149
2019-07-31 00:00:00.000,0.12250629580525416
2019-08-01 00:00:00.000,0.13659953367937672
2019-08-02 00:00:00.000,0.12979493700978856
2019-08-03 00:00:00.000,0.13101641808536552
2019-08-04 00:00:00.000,0.12883939057205945
2019-08-05 00:00:00.000,0.12713605174002088
2019-08-06 00:00:00.000,0.1295687836586517
2019-08-07 00:00:00.000,0.12376331472399504
2019-08-08 00:00:00.000,0.12014718702727288
2019-08-09 00:00:00.000,0.12118779938887951
2019-08-10 00:00:00.000,0.11539951693311484
2019-08-11 00:00:00.000,0.11542962128212629
2019-08-12 00:00:00.000,0.11808243881291987
2019-08-13 00:00:00.000,0.1249213744163746
2019-08-14 00:00:00.000,0.11998976839737978
2019-08-15 00:00:00.000,0.10826471006893906
2019-08-16 00:00:00.000,0.11177460276712561
2019-08-17 00:00:00.000,0.11268086259123936
2019-08-18 00:00:00.000,0.11478791208438474
2019-08-19 00:00:00.000,0.11822298871853211
2019-08-20 00:00:00.000,0.12396671380660089
2019-08-21 00:00:00.000,0.12121336924367969
2019-08-22 00:00:00.000,0.12368426242022373
2019-08-23 00:00:00.000,0.12746120849755246
2019-08-24 00:00:00.000,0.12864136293451792
2019-08-25 00:00:00.000,0.12958867533548232
2019-08-26 00:00:00.000,0.12382330277197236
2019-08-27 00:00:00.000,0.12101889019049697
2019-08-28 00:00:00.000,0.12806540233136626
2019-08-29 00:00:00.000,0.11758222348990742
2019-08-30 00:00:00.000,0.11399111950388774
2019-08-31 00:00:00.000,0.10817361313386901
2019-09-01 00:00:00.000,0.11249666328157519
2019-09-02 00:00:00.000,0.10741571808627501
2019-09-03 00:00:00.000,0.10861986932868731
2019-09-04 00:00:00.000,0.10973723875569759
2019-09-05 00:00:00.000,0.11260525767340872
2019-09-06 00:00:00.000,0.10851839134474503
2019-09-07 00:00:00.000,0.11032907926068677
2019-09-08 00:00:00.000,0.10434975520897413
2019-09-09 00:00:00.000,0.11099257529378576
2019-09-10 00:00:00.000,0.10968685219952513
2019-09-11 00:00:00.000,0.10429826865005262
2019-09-12 00:00:00.000,0.10273255262410484
2019-09-13 00:00:00.000,0.09993033223425032
2019-09-14 00:00:00.000,0.10370314183296114
2019-09-15 00:00:00.000,0.10072596848733553
2019-09-16 00:00:00.000,0.10015571753989952
2019-09-17 00:00:00.000,0.1052944124379954
2019-09-18 00:00:00.000,0.10449148523623313
2019-09-19 00:00:00.000,0.10407493977493179
2019-09-20 00:00:00.000,0.10201958881227365
2019-09-21 00:00:00.000,0.10264168424842378
2019-09-22 00:00:00.000,0.10667502515738864
2019-09-23 00:00:00.000,0.10014672908769119
2019-09-24 00:00:00.000,0.0986028046430876
2019-09-25 00:00:00.000,0.08409640820224731
2019-09-26 00:00:00.000,0.08281070566510226
2019-09-27 00:00:00.000,0.08438795900944217
2019-09-28 00:00:00.000,0.08483978857173947
2019-09-29 00:00:00.000,0.08480089690736209
2019-09-30 00:00:00.000,0.0808664382919394
2019-10-01 00:00:00.000,0.08198503552692135
2019-10-02 00:00:00.000,0.08261465531319874
2019-10-03 00:00:00.000,0.08261465531319874
2019-10-04 00:00:00.000,0.08371085497990037
2019-10-05 00:00:00.000,0.08326700185101663
2019-10-06 00:00:00.000,0.08559581201060905
2019-10-07 00:00:00.000,0.08445594002450828
2019-10-08 00:00:00.000,0.08655900752055061
2019-10-09 00:00:00.000,0.09020075552683156
2019-10-10 00:00:00.000,0.08894319734791267
2019-10-11 00:00:00.000,0.08840071099576027
2019-10-12 00:00:00.000,0.08421632617275837
2019-10-13 00:00:00.000,0.08703557883578915
2019-10-14 00:00:00.000,0.08626034754402995
2019-10-15 00:00:00.000,0.08656050794623
2019-10-16 00:00:00.000,0.08794865142785167
2019-10-17 00:00:00.000,0.08444795527219762
2019-10-18 00:00:00.000,0.08630630061483027
2019-10-19 00:00:00.000,0.08183496432389871
2019-10-20 00:00:00.000,0.08219169475715099
2019-10-21 00:00:00.000,0.08543662538440674
2019-10-22 00:00:00.000,0.08649336055872081
2019-10-23 00:00:00.000,0.08942707728332533
2019-10-24 00:00:00.000,0.09479094909894387
2019-10-25 00:00:00.000,0.09424485880785409
2019-10-26 00:00:00.000,0.09720315031891708
2019-10-27 00:00:00.000,0.09333879981776469
2019-10-28 00:00:00.000,0.09627083305074265
2019-10-29 00:00:00.000,0.09683399881320762
2019-10-30 00:00:00.000,0.10080880421674042
2019-10-31 00:00:00.000,0.09515520630389457
2019-11-01 00:00:00.000,0.0934484820711751
2019-11-02 00:00:00.000,0.09377861636687725
2019-11-03 00:00:00.000,0.09365542701714803
2019-11-04 00:00:00.000,0.09328425348675817
2019-11-05 00:00:00.000,0.09346682628008786
2019-11-06 00:00:00.000,0.09370862496419478
2019-11-07 00:00:00.000,0.09393612742903654
2019-11-08 00:00:00.000,0.09157249095218936
2019-11-09 00:00:00.000,0.08780370563762513
2019-11-10 00:00:00.000,0.08993309899102539
2019-11-11 00:00:00.000,0.09041267226917589
2019-11-12 00:00:00.000,0.08840719471967962
2019-11-13 00:00:00.000,0.0898602734397731
2019-11-14 00:00:00.000,0.09015106056943623
2019-11-15 00:00:00.000,0.08758629497961373
2019-11-16 00:00:00.000,0.09253468344731433
2019-11-17 00:00:00.000,0.0900155076464257
2019-11-18 00:00:00.000,0.08851690982444253
2019-11-19 00:00:00.000,0.09200175308730056
2019-11-20 00:00:00.000,0.09369646594404014
2019-11-21 00:00:00.000,0.08944347936016936
2019-11-22 00:00:00.000,0.08281330710322116
2019-11-23 00:00:00.000,0.07660138311310043
2019-11-24 00:00:00.000,0.075017068122219
2019-11-25 00:00:00.000,0.06914655515200933
2019-11-26 00:00:00.000,0.0714137749724937
2019-11-27 00:00:00.000,0.07320894810248676
2019-11-28 00:00:00.000,0.07739897660094282
2019-11-29 00:00:00.000,0.08135999795018332
2019-11-30 00:00:00.000,0.07808552423265967
2019-12-01 00:00:00.000,0.07187400459052606
2019-12-02 00:00:00.000,0.07793225376495129
2019-12-03 00:00:00.000,0.07954060613886091
2019-12-04 00:00:00.000,0.07807432814616501
2019-12-05 00:00:00.000,0.07365965405741383
2019-12-06 00:00:00.000,0.07701173088585032
2019-12-07 00:00:00.000,0.07923519052792141
2019-12-08 00:00:00.000,0.07845254122004366
2019-12-09 00:00:00.000,0.08271526539724733
2019-12-10 00:00:00.000,0.08494969506844573
2019-12-11 00:00:00.000,0.07673473644409164
2019-12-12 00:00:00.000,0.08240514964505033
2019-12-13 00:00:00.000,0.08504221046962275
2019-12-14 00:00:00.000,0.08966469502549275
2019-12-15 00:00:00.000,0.08810848681612729
2019-12-16 00:00:00.000,0.09444077425477367
2019-12-17 00:00:00.000,0.09134003992736968
2019-12-18 00:00:00.000,0.09389122622798202
2019-12-19 00:00:00.000,0.1001298780292712
2019-12-20 00:00:00.000,0.10586768284643049
2019-12-21 00:00:00.000,0.10535483580501039
2019-12-22 00:00:00.000,0.0999373841439568
2019-12-23 00:00:00.000,0.0972492730260753
2019-12-24 00:00:00.000,0.09073217021291125
2019-12-25 00:00:00.000,0.09203464057601277
2019-12-26 00:00:00.000,0.09073304816768264
2019-12-27 00:00:00.000,0.08709088058357176
2019-12-28 00:00:00.000,0.08528443043483941
2019-12-29 00:00:00.000,0.08852997244834845
2019-12-30 00:00:00.000,0.08703628121881507
2019-12-31 00:00:00.000,0.08960352769492093
2020-01-01 00:00:00.000,0.08718991313485797
2020-01-02 00:00:00.000,0.08652884314619436
2020-01-03 00:00:00.000,0.08472355648652793
2020-01-04 00:00:00.000,0.08695408233031077
2020-01-05 00:00:00.000,0.09289399441126651
2020-01-06 00:00:00.000,0.09375574589014977
2020-01-07 00:00:00.000,0.0986229967512728
2020-01-08 00:00:00.000,0.09571117769286705
2020-01-09 00:00:00.000,0.0972283519892784
2020-01-10 00:00:00.000,0.09234158110875935
2020-01-11 00:00:00.000,0.09482868587040294
2020-01-12 00:00:00.000,0.09336665340605106
2020-01-13 00:00:00.000,0.09469460968450143
2020-01-14 00:00:00.000,0.09635557782591953
2020-01-15 00:00:00.000,0.10389279384167703
2020-01-16 00:00:00.000,0.10329558859297583
2020-01-17 00:00:00.000,0.1012550108891892
2020-01-18 00:00:00.000,0.10871906637832734
2020-01-19 00:00:00.000,0.10777341864132653
2020-01-20 00:00:00.000,0.11041911074805749
2020-01-21 00:00:00.000,0.10915837025414872
2020-01-22 00:00:00.000,0.11028068790330747
2020-01-23 00:00:00.000,0.11698019068613091
2020-01-24 00:00:00.000,0.1095199128848524
2020-01-25 00:00:00.000,0.10473065260086004
2020-01-26 00:00:00.000,0.10171827003316179
2020-01-27 00:00:00.000,0.10244409976972446
2020-01-28 00:00:00.000,0.10218326812701324
2020-01-29 00:00:00.000,0.10654619933591634
2020-01-30 00:00:00.000,0.10385733721047666
2020-01-31 00:00:00.000,0.10299662159791287
2020-02-01 00:00:00.000,0.10338520939351387
2020-02-02 00:00:00.000,0.10396924949039178
2020-02-03 00:00:00.000,0.10460768051916826
2020-02-04 00:00:00.000,0.10727528160270253
2020-02-05 00:00:00.000,0.12181155620134906
2020-02-06 00:00:00.000,0.12004595231372554
2020-02-07 00:00:00.000,0.1222237915859349
2020-02-08 00:00:00.000,0.12344008940360285
2020-02-09 00:00:00.000,0.11688292093641811
2020-02-10 00:00:00.000,0.1219783603734556
2020-02-11 00:00:00.000,0.1281457546795332
2020-02-12 00:00:00.000,0.12724873782327636
2020-02-13 00:00:00.000,0.13493524594121545
2020-02-14 00:00:00.000,0.17012367408760065
2020-02-15 00:00:00.000,0.169488125206501
2020-02-16 00:00:00.000,0.15293771855742375
2020-02-17 00:00:00.000,0.13848655830827752
2020-02-18 00:00:00.000,0.14299782642364162
2020-02-19 00:00:00.000,0.14413240630558166
2020-02-20 00:00:00.000,0.13474633216435167
2020-02-21 00:00:00.000,0.13252920257661918
2020-02-22 00:00:00.000,0.12968001196597984
2020-02-23 00:00:00.000,0.12792818661676758
2020-02-24 00:00:00.000,0.13882143351585904
2020-02-25 00:00:00.000,0.14565697082911638
2020-02-26 00:00:00.000,0.13683614985988812
2020-02-27 00:00:00.000,0.11989305935100818
2020-02-28 00:00:00.000,0.12136569521332315
2020-02-29 00:00:00.000,0.1246952141517903
2020-03-01 00:00:00.000,0.11785095987458552
2020-03-02 00:00:00.000,0.11763176005610218
2020-03-03 00:00:00.000,0.12648698292131458
2020-03-04 00:00:00.000,0.13012165051550043
2020-03-05 00:00:00.000,0.13198594933618596
2020-03-06 00:00:00.000,0.1388213116051426
2020-03-07 00:00:00.000,0.13632659749710557
2020-03-08 00:00:00.000,0.13574421643973675
2020-03-09 00:00:00.000,0.11348722219062686
2020-03-10 00:00:00.000,0.10973140615133398
2020-03-11 00:00:00.000,0.11120351481439861
2020-03-12 00:00:00.000,0.1013785786016533
2020-03-13 00:00:00.000,0.05402927574774193
2020-03-14 00:00:00.000,0.06170037461446872
2020-03-15 00:00:00.000,0.0614750816162274
2020-03-16 00:00:00.000,0.06261865360910669
2020-03-17 00:00:00.000,0.05423151916642328
2020-03-18 00:00:00.000,0.05762727845310264
2020-03-19 00:00:00.000,0.05665669641696454
2020-03-20 00:00:00.000,0.06509737664709918
2020-03-21 00:00:00.000,0.07072702085421034
2020-03-22 00:00:00.000,0.072317767129115
2020-03-23 00:00:00.000,0.06425817768782652
2020-03-24 00:00:00.000,0.06887150747898395
2020-03-25 00:00:00.000,0.07098630161532944
2020-03-26 00:00:00.000,0.06963277014747726
2020-03-27 00:00:00.000,0.0725190301460718
2020-03-28 00:00:00.000,0.07256081946129124
2020-03-29 00:00:00.000,0.07059221308795882
2020-03-30 00:00:00.000,0.0659921364737408
2020-03-31 00:00:00.000,0.07197807456486546
2020-04-01 00:00:00.000,0.07363211918849176
2020-04-02 00:00:00.000,0.07425752520276159
2020-04-03 00:00:00.000,0.07736412537494779
2020-04-04 00:00:00.000,0.07599447480330293
2020-04-05 00:00:00.000,0.07822598005722582
2020-04-06 00:00:00.000,0.08002346223481906
2020-04-07 00:00:00.000,0.08824075501293117
2020-04-08 00:00:00.000,0.08461780730985442
2020-04-09 00:00:00.000,0.08753113309493976
2020-04-10 00:00:00.000,0.08693486890088808
2020-04-11 00:00:00.000,0.0802517676018703
2020-04-12 00:00:00.000,0.07910107447825236
2020-04-13 00:00:00.000,0.07932070269799965
2020-04-14 00:00:00.000,0.07737511834899934
2020-04-15 00:00:00.000,0.07786305279892991
2020-04-16 00:00:00.000,0.0747887849853607
2020-04-17 00:00:00.000,0.07884586742643844
2020-04-18 00:00:00.000,0.07779495213835426
2020-04-19 00:00:00.000,0.08164079328169062
2020-04-20 00:00:00.000,0.08069271626887027
2020-04-21 00:00:00.000,0.08263692849855601
2020-04-22 00:00:00.000,0.08514211338851173
2020-04-23 00:00:00.000,0.0910831175552393
2020-04-24 00:00:00.000,0.09829001200934616
2020-04-25 00:00:00.000,0.10126396930235096
2020-04-26 00:00:00.000,0.1058289787383531
2020-04-27 00:00:00.000,0.11118603785260976
2020-04-28 00:00:00.000,0.10834296563003881
2020-04-29 00:00:00.000,0.10806421122564631
2020-04-30 00:00:00.000,0.11641793733851108
2020-05-01 00:00:00.000,0.11822700895269114
2020-05-02 00:00:00.000,0.1259573233508197
2020-05-03 00:00:00.000,0.13705130705550142
2020-05-04 00:00:00.000,0.14101216491179455
2020-05-05 00:00:00.000,0.14460126035707546
2020-05-06 00:00:00.000,0.15355752151635685
2020-05-07 00:00:00.000,0.151875586100593
2020-05-08 00:00:00.000,0.16277428189710907
2020-05-09 00:00:00.000,0.16259082546609974
2020-05-10 00:00:00.000,0.1487213739230255
2020-05-11 00:00:00.000,0.14243019173218954
2020-05-12 00:00:00.000,0.14562556322944178
2020-05-13 00:00:00.000,0.17657848953742825
2020-05-14 00:00:00.000,0.17397758188726178
2020-05-15 00:00:00.000,0.17075989895702418
2020-05-16 00:00:00.000,0.19120357971398885
2020-05-17 00:00:00.000,0.18436321962239705
2020-05-18 00:00:00.000,0.1903059938555999
2020-05-19 00:00:00.000,0.19223712468403983
2020-05-20 00:00:00.000,0.2153640740247992
2020-05-21 00:00:00.000,0.2791903679561542
2020-05-22 00:00:00.000,0.2538270949624603
2020-05-23 00:00:00.000,0.26922715025989713
2020-05-24 00:00:00.000,0.29692304588210755
2020-05-25 00:00:00.000,0.33675571472515453
2020-05-26 00:00:00.000,0.35130592549895756
2020-05-27 00:00:00.000,0.40718526534588995
2020-05-28 00:00:00.000,0.36369697232727144
2020-05-29 00:00:00.000,0.31743496602432025
2020-05-30 00:00:00.000,0.30550239398107765
2020-05-31 00:00:00.000,0.2888968599856916
2020-06-01 00:00:00.000,0.24979715721708518
2020-06-02 00:00:00.000,0.26610227812212256
2020-06-03 00:00:00.000,0.25657734020683454
2020-06-04 00:00:00.000,0.26979448429056957
2020-06-05 00:00:00.000,0.29078806951834535
2020-06-06 00:00:00.000,0.2790598065116055
2020-06-07 00:00:00.000,0.2709171385079104
2020-06-08 00:00:00.000,0.26586773605140285
2020-06-09 00:00:00.000,0.2544208632477576
2020-06-10 00:00:00.000,0.25268476691195246
2020-06-11 00:00:00.000,0.23979507774776226
2020-06-12 00:00:00.000,0.20582824925677476
2020-06-13 00:00:00.000,0.251043860562256
2020-06-14 00:00:00.000,0.2525711939637229
2020-06-15 00:00:00.000,0.23103666397461822
2020-06-16 00:00:00.000,0.23483902405753257
2020-06-17 00:00:00.000,0.2346147170501784
2020-06-18 00:00:00.000,0.23428507504601706
2020-06-19 00:00:00.000,0.22337993783554058
2020-06-20 00:00:00.000,0.22350186518197687
2020-06-21 00:00:00.000,0.22219140752091834
2020-06-22 00:00:00.000,0.220907748851574
2020-06-23 00:00:00.000,0.2416606334880678
2020-06-24 00:00:00.000,0.2563182224360451
2020-06-25 00:00:00.000,0.24515700051333036
2020-06-26 00:00:00.000,0.23707171023119145
2020-06-27 00:00:00.000,0.2319683918510039
2020-06-28 00:00:00.000,0.21070371077948893
2020-06-29 00:00:00.000,0.223892668981754
2020-06-30 00:00:00.000,0.22596266417049354
2020-07-01 00:00:00.000,0.22145019217876316
2020-07-02 00:00:00.000,0.2217598618051764
2020-07-03 00:00:00.000,0.21941236509387557
2020-07-04 00:00:00.000,0.2166340628750362
2020-07-05 00:00:00.000,0.22262989095959299
2020-07-06 00:00:00.000,0.2165723874949887
2020-07-07 00:00:00.000,0.22974789914651003
2020-07-08 00:00:00.000,0.25458594864814105
2020-07-09 00:00:00.000,0.25044677890951594
2020-07-10 00:00:00.000,0.2404566104154182
2020-07-11 00:00:00.000,0.24236950120196055
2020-07-12 00:00:00.000,0.2538635808985078
2020-07-13 00:00:00.000,0.27846338271694426
2020-07-14 00:00:00.000,0.24565243385499708
2020-07-15 00:00:00.000,0.2410571591644737
2020-07-16 00:00:00.000,0.2367766679825003
2020-07-17 00:00:00.000,0.23414416246900555
2020-07-18 00:00:00.000,0.24089098416535096
2020-07-19 00:00:00.000,0.24823199497471182
2020-07-20 00:00:00.000,0.24111438429184087
2020-07-21 00:00:00.000,0.23677377848297929
2020-07-22 00:00:00.000,0.2383935650027829
2020-07-23 00:00:00.000,0.2548395519052232
2020-07-24 00:00:00.000,0.25798977117620014
2020-07-25 00:00:00.000,0.25078791385226284
2020-07-26 00:00:00.000,0.25945126278152697
2020-07-27 00:00:00.000,0.2505069114045973
2020-07-28 00:00:00.000,0.2409526512288981
2020-07-29 00:00:00.000,0.2505230087867857
2020-07-30 00:00:00.000,0.2486686519303269
2020-07-31 00:00:00.000,0.25713278570324627
2020-08-01 00:00:00.000,0.2688246032941292
2020-08-02 00:00:00.000,0.31321909073857657
2020-08-03 00:00:00.000,0.28015692598093145
2020-08-04 00:00:00.000,0.2876716842434053
2020-08-05 00:00:00.000,0.3305502124926343
2020-08-06 00:00:00.000,0.3136791859084138
2020-08-07 00:00:00.000,0.31769580939675
2020-08-08 00:00:00.000,0.30745859396438535
2020-08-09 00:00:00.000,0.32765278582492685
2020-08-10 00:00:00.000,0.3210250560652644
2020-08-11 00:00:00.000,0.3707253529851211
2020-08-12 00:00:00.000,0.3518349516192096
2020-08-13 00:00:00.000,0.4030054023043707
2020-08-14 00:00:00.000,0.39574075040405704
2020-08-15 00:00:00.000,0.4029806467336294
2020-08-16 00:00:00.000,0.3853084443342335
2020-08-17 00:00:00.000,0.39615310903267587
2020-08-18 00:00:00.000,0.3859259605055307
2020-08-19 00:00:00.000,0.43751714734651254
2020-08-20 00:00:00.000,0.406698332809219
2020-08-21 00:00:00.000,0.45489835141640395
2020-08-22 00:00:00.000,0.42156407079122454
2020-08-23 00:00:00.000,0.4498689052778569
2020-08-24 00:00:00.000,0.4817738957581543
2020-08-25 00:00:00.000,0.554650043571812
2020-08-26 00:00:00.000,0.5081450536616688
2020-08-27 00:00:00.000,0.4930950362380715
2020-08-28 00:00:00.000,0.44654097142439025
2020-08-29 00:00:00.000,0.4742815110376855
2020-08-30 00:00:00.000,0.5086870290544349
2020-08-31 00:00:00.000,0.5004829348210591
2020-09-01 00:00:00.000,0.47748513604283105
2020-09-02 00:00:00.000,0.48883853728524396
2020-09-03 00:00:00.000,0.4753841893207813
2020-09-04 00:00:00.000,0.409256159099298
2020-09-05 00:00:00.000,0.4240969532048174
2020-09-06 00:00:00.000,0.38992709494135175
2020-09-07 00:00:00.000,0.4275399538337463
2020-09-08 00:00:00.000,0.4150357799132341
2020-09-09 00:00:00.000,0.3991961116028791
2020-09-10 00:00:00.000,0.47701162870517644
2020-09-11 00:00:00.000,0.4872411712247369
2020-09-12 00:00:00.000,0.4981324265761858
2020-09-13 00:00:00.000,0.5462348536338248
2020-09-14 00:00:00.000,0.5403677147259935
2020-09-15 00:00:00.000,0.5277762862027707
2020-09-16 00:00:00.000,0.5362889277820652
2020-09-17 00:00:00.000,0.5260048482803323
2020-09-18 00:00:00.000,0.5563715955376004
2020-09-19 00:00:00.000,0.5695604489916906
2020-09-20 00:00:00.000,0.5787073807965566
2020-09-21 00:00:00.000,0.5561606195894923
2020-09-22 00:00:00.000,0.5695570463704914
2020-09-23 00:00:00.000,0.5747882941776591
2020-09-24 00:00:00.000,0.5526643615545815
2020-09-25 00:00:00.000,0.6385315733021852
2020-09-26 00:00:00.000,0.6667407443878192
2020-09-27 00:00:00.000,0.7010977241966984
2020-09-28 00:00:00.000,0.7488415085198131
2020-09-29 00:00:00.000,0.7173837432211945
2020-09-30 00:00:00.000,0.7756558139758857
2020-10-01 00:00:00.000,0.7424825078579759
2020-10-02 00:00:00.000,0.7256577327877404
2020-10-03 00:00:00.000,0.6989481853476028
2020-10-04 00:00:00.000,0.7520716906423965
2020-10-05 00:00:00.000,0.77216926887921
2020-10-06 00:00:00.000,0.7444279010423807
2020-10-07 00:00:00.000,0.6857011403547372
2020-10-08 00:00:00.000,0.7386953815524003
2020-10-09 00:00:00.000,0.7202077550816648
2020-10-10 00:00:00.000,0.7161527856047543
2020-10-11 00:00:00.000,0.7630507901320841
2020-10-12 00:00:00.000,0.7421474925386226
2020-10-13 00:00:00.000,0.7336935480478178
2020-10-14 00:00:00.000,0.7536118934925901
2020-10-15 00:00:00.000,0.735749979772041
2020-10-16 00:00:00.000,0.6914216843992474
2020-10-17 00:00:00.000,0.663780563661243
2020-10-18 00:00:00.000,0.6256146948566389
2020-10-19 00:00:00.000,0.6676745940799037
2020-10-20 00:00:00.000,0.6320412568048044
2020-10-21 00:00:00.000,0.5987109227228369
2020-10-22 00:00:00.000,0.6360967322064633
2020-10-23 00:00:00.000,0.6531104992809537
2020-10-24 00:00:00.000,0.6457335272534175
2020-10-25 00:00:00.000,0.7216582564054892
2020-10-26 00:00:00.000,0.6955759955729648
2020-10-27 00:00:00.000,0.6543551159619138
2020-10-28 00:00:00.000,0.6584694129315337
2020-10-29 00:00:00.000,0.6235828954613579
2020-10-30 00:00:00.000,0.5928230897030349
2020-10-31 00:00:00.000,0.6098021839235639
2020-11-01 00:00:00.000,0.6097599342444708
2020-11-02 00:00:00.000,0.6107819546718999
2020-11-03 00:00:00.000,0.591374198177716
2020-11-04 00:00:00.000,0.5837702282695427
2020-11-05 00:00:00.000,0.5910517957462945
2020-11-06 00:00:00.000,0.6298146643454523
2020-11-07 00:00:00.000,0.6751808835939237
2020-11-08 00:00:00.000,0.6391068369382588
2020-11-09 00:00:00.000,0.663545150365597
2020-11-10 00:00:00.000,0.6403240784815353
2020-11-11 00:00:00.000,0.6406652545190445
2020-11-12 00:00:00.000,0.6127709253779934
2020-11-13 00:00:00.000,0.6013849797015223
2020-11-14 00:00:00.000,0.6325027438855714
2020-11-15 00:00:00.000,0.6132166815447228
2020-11-16 00:00:00.000,0.6061927313472774
2020-11-17 00:00:00.000,0.6199683455489864
2020-11-18 00:00:00.000,0.6537817469727635
2020-11-19 00:00:00.000,0.626253119238971
2020-11-20 00:00:00.000,0.6230179432604496
2020-11-21 00:00:00.000,0.6305522201746874
2020-11-22 00:00:00.000,0.7014731799430329
2020-11-23 00:00:00.000,0.6518831347929506
2020-11-24 00:00:00.000,0.6665738998395729
2020-11-25 00:00:00.000,0.6916976612661664
2020-11-26 00:00:00.000,0.6918702798094535
2020-11-27 00:00:00.000,0.620489473887634
2020-11-28 00:00:00.000,0.6069974882599024
2020-11-29 00:00:00.000,0.6238615312458435
2020-11-30 00:00:00.000,0.6188787634488762
2020-12-01 00:00:00.000,0.6392824338163563
2020-12-02 00:00:00.000,0.6104522843585733
2020-12-03 00:00:00.000,0.6321778466335695
2020-12-04 00:00:00.000,0.661874003059554
2020-12-05 00:00:00.000,0.6696391297805957
2020-12-06 00:00:00.000,0.735921082779687
2020-12-07 00:00:00.000,0.6998015900676071
2020-12-08 00:00:00.000,0.6820721315513731
2020-12-09 00:00:00.000,0.7470827982128708
2020-12-10 00:00:00.000,0.7262967478794576
2020-12-11 00:00:00.000,0.6931379699176721
2020-12-12 00:00:00.000,0.6844221375451984
2020-12-13 00:00:00.000,0.7091819042783815
2020-12-14 00:00:00.000,0.7286788595340647
2020-12-15 00:00:00.000,0.7499389309769419
2020-12-16 00:00:00.000,0.7633221500346573
2020-12-17 00:00:00.000,0.8516579560291686
2020-12-18 00:00:00.000,0.8129978119310358
2020-12-19 00:00:00.000,0.9105924224285525
2020-12-20 00:00:00.000,0.9001823097471786
2020-12-21 00:00:00.000,0.910903031377576
2020-12-22 00:00:00.000,0.9359684675253288
2020-12-23 00:00:00.000,1.0846040478570038
2020-12-24 00:00:00.000,1.072563107352399
2020-12-25 00:00:00.000,1.1876138603313384
2020-12-26 00:00:00.000,1.2959603740563344
2020-12-27 00:00:00.000,1.6668440986955417
2020-12-28 00:00:00.000,1.3511664329911215
2020-12-29 00:00:00.000,1.5661681342418585
2020-12-30 00:00:00.000,1.4351352182355794
2020-12-31 00:00:00.000,1.5950865599520716
2021-01-01 00:00:00.000,1.8674708597267258
2021-01-02 00:00:00.000,1.9641447015088196
2021-01-03 00:00:00.000,2.3992488674342396
2021-01-04 00:00:00.000,2.1322478881058244
2021-01-05 00:00:00.000,1.88693476239345
2021-01-06 00:00:00.000,2.1393050713997543
2021-01-07 00:00:00.000,2.1802779150513034
2021-01-08 00:00:00.000,1.996887723477993
2021-01-09 00:00:00.000,1.9950730728430952
2021-01-10 00:00:00.000,2.0566287663659306
2021-01-11 00:00:00.000,1.9927026081216288
2021-01-12 00:00:00.000,1.8121225929695999
2021-01-13 00:00:00.000,1.818143954168722
2021-01-14 00:00:00.000,2.110404652611678
2021-01-15 00:00:00.000,2.1826627083799823
2021-01-16 00:00:00.000,2.054062592813298
2021-01-17 00:00:00.000,2.0598082057100395
2021-01-18 00:00:00.000,1.999524765817331
2021-01-19 00:00:00.000,2.0377319188448015
2021-01-20 00:00:00.000,2.0053726906237266
2021-01-21 00:00:00.000,2.0345376339107446
2021-01-22 00:00:00.000,1.7511802462491806
2021-01-23 00:00:00.000,1.9042187698530508
2021-01-24 00:00:00.000,1.925714927041226
2021-01-25 00:00:00.000,1.94797860080246
2021-01-26 00:00:00.000,2.084948338617314
2021-01-27 00:00:00.000,2.301346137946801
2021-01-28 00:00:00.000,2.0036507544511304
2021-01-29 00:00:00.000,1.9971200629033805
2021-01-30 00:00:00.000,2.0563992568314315
2021-01-31 00:00:00.000,1.9933281761436035
2021-02-01 00:00:00.000,1.9077584109900227
2021-02-02 00:00:00.000,2.0332303776135774
2021-02-03 00:00:00.000,2.15839676199975
2021-02-04 00:00:00.000,2.185671781538958
2021-02-05 00:00:00.000,2.12241638230324
2021-02-06 00:00:00.000,2.453811902079225
2021-02-07 00:00:00.000,2.28040503334084
2021-02-08 00:00:00.000,2.286233482688082
2021-02-09 00:00:00.000,2.9301180824109294
2021-02-10 00:00:00.000,2.914477614256916
2021-02-11 00:00:00.000,2.827070045380337
2021-02-12 00:00:00.000,2.9277540755839544
2021-02-13 00:00:00.000,2.9875101799408688
2021-02-14 00:00:00.000,3.3404908022667414
2021-02-15 00:00:00.000,3.202966643536107
2021-02-16 00:00:00.000,3.3864516284703816
2021-02-17 00:00:00.000,3.4084427263860464
2021-02-18 00:00:00.000,3.50830288057512
2021-02-19 00:00:00.000,3.5578286165764292
2021-02-20 00:00:00.000,3.739930092845163
2021-02-21 00:00:00.000,3.6968765989850283
2021-02-22 00:00:00.000,3.5753572974017978
2021-02-23 00:00:00.000,3.3546565009300107
2021-02-24 00:00:00.000,3.0551083723328176
2021-02-25 00:00:00.000,3.3295678706010556
2021-02-26 00:00:00.000,2.975840437412998
2021-02-27 00:00:00.000,3.0625938562148978
2021-02-28 00:00:00.000,3.191163553165285
2021-03-01 00:00:00.000,3.127933514223936
2021-03-02 00:00:00.000,3.2827014386086333
2021-03-03 00:00:00.000,3.738383598678839
2021-03-04 00:00:00.000,3.989969254766918
2021-03-05 00:00:00.000,4.488008857825304
2021-03-06 00:00:00.000,4.152162722886333
2021-03-07 00:00:00.000,4.1648765016848985
2021-03-08 00:00:00.000,4.352604346941957
2021-03-09 00:00:00.000,4.900444719716065
2021-03-10 00:00:00.000,5.386515962080057
2021-03-11 00:00:00.000,6.562846422126656
2021-03-12 00:00:00.000,6.976189739242779
2021-03-13 00:00:00.000,6.984475023622138
2021-03-14 00:00:00.000,6.845228756786608
2021-03-15 00:00:00.000,7.459237880100537
2021-03-16 00:00:00.000,6.761619073460992
2021-03-17 00:00:00.000,7.0468767602942295
2021-03-18 00:00:00.000,7.850886094166842
2021-03-19 00:00:00.000,8.441641612783268
2021-03-20 00:00:00.000,8.198650709860923
2021-03-21 00:00:00.000,8.369311465437859
2021-03-22 00:00:00.000,9.565600262648369
2021-03-23 00:00:00.000,10.141781311441544
2021-03-24 00:00:00.000,13.039007423079346
2021-03-25 00:00:00.000,11.330151514363168
2021-03-26 00:00:00.000,13.082680074616663
2021-03-27 00:00:00.000,12.469205320179116
2021-03-28 00:00:00.000,11.842157452811767
2021-03-29 00:00:00.000,12.810722971428946
2021-03-30 00:00:00.000,13.12763189566447
2021-03-31 00:00:00.000,12.946820575247187
2021-04-01 00:00:00.000,12.22972675253324
2021-04-02 00:00:00.000,11.519977234997441
2021-04-03 00:00:00.000,11.65535375300046
2021-04-04 00:00:00.000,11.433236386238727
2021-04-05 00:00:00.000,11.82084533434152
2021-04-06 00:00:00.000,11.578127390615169
2021-04-07 00:00:00.000,11.716738181701386
2021-04-08 00:00:00.000,12.306541795266591
2021-04-09 00:00:00.000,12.905710783400302
2021-04-10 00:00:00.000,12.601685242825928
2021-04-11 00:00:00.000,12.395925224247234
2021-04-12 00:00:00.000,12.21812554216401
2021-04-13 00:00:00.000,12.114971309449572
2021-04-14 00:00:00.000,12.484426957356403
2021-04-15 00:00:00.000,12.127980566234617
2021-04-16 00:00:00.000,12.562048596292135
2021-04-17 00:00:00.000,14.10005641603163
2021-04-18 00:00:00.000,13.428248448959708
2021-04-19 00:00:00.000,11.868695353923403
2021-04-20 00:00:00.000,10.884023982143647
2021-04-21 00:00:00.000,11.696348627155746
2021-04-22 00:00:00.000,11.100759266267012
2021-04-23 00:00:00.000,10.029745697213839
2021-04-24 00:00:00.000,9.970844802698107
2021-04-25 00:00:00.000,8.647279354467578
2021-04-26 00:00:00.000,9.020132136362614
2021-04-27 00:00:00.000,10.74847285704191
2021-04-28 00:00:00.000,11.220727500194357
2021-04-29 00:00:00.000,11.05701917713359
2021-04-30 00:00:00.000,10.92310827457941
2021-05-01 00:00:00.000,11.211050859299949
2021-05-02 00:00:00.000,11.467776270292553
2021-05-03 00:00:00.000,10.976897390332768
2021-05-04 00:00:00.000,11.578305638998525
2021-05-05 00:00:00.000,10.22780265375993
2021-05-06 00:00:00.000,10.965997799056638
2021-05-07 00:00:00.000,10.856799743624192
2021-05-08 00:00:00.000,11.550891316518616
2021-05-09 00:00:00.000,12.409709893412632
2021-05-10 00:00:00.000,11.950692899785748
2021-05-11 00:00:00.000,10.581971440322963
2021-05-12 00:00:00.000,10.837887426518506
2021-05-13 00:00:00.000,9.674505769185133
2021-05-14 00:00:00.000,9.765816774405266
2021-05-15 00:00:00.000,10.038881535666727
2021-05-16 00:00:00.000,9.291623607352282
2021-05-17 00:00:00.000,9.503598325634027
2021-05-18 00:00:00.000,9.631517412924659
2021-05-19 00:00:00.000,9.81309163041897
2021-05-20 00:00:00.000,6.029590635909725
2021-05-21 00:00:00.000,7.236771465175208
2021-05-22 00:00:00.000,6.320999601993724
2021-05-23 00:00:00.000,6.874173730339093
2021-05-24 00:00:00.000,6.020671695186485
2021-05-25 00:00:00.000,6.726980049948021
2021-05-26 00:00:00.000,6.8834106598784475
2021-05-27 00:00:00.000,7.5925379555459545
2021-05-28 00:00:00.000,7.792150495055959
2021-05-29 00:00:00.000,6.62400284263355
2021-05-30 00:00:00.000,6.312517528378158
2021-05-31 00:00:00.000,6.511241452879751
2021-06-01 00:00:00.000,7.08847546102495
2021-06-02 00:00:00.000,7.564644673811831
2021-06-03 00:00:00.000,7.979033462594432
2021-06-04 00:00:00.000,9.562536969878275
2021-06-05 00:00:00.000,8.949413917257234
2021-06-06 00:00:00.000,8.963032868045804
2021-06-07 00:00:00.000,8.825318945557232
2021-06-08 00:00:00.000,8.668089310215567
2021-06-09 00:00:00.000,8.991252075204649
2021-06-10 00:00:00.000,9.343839900668593
2021-06-11 00:00:00.000,8.816697749487185
2021-06-12 00:00:00.000,7.8240450782625945
2021-06-13 00:00:00.000,7.889446315376638
2021-06-14 00:00:00.000,8.76034653824938
2021-06-15 00:00:00.000,9.100308114792103
2021-06-16 00:00:00.000,8.955779425633667
2021-06-17 00:00:00.000,8.83805437645231
2021-06-18 00:00:00.000,9.552806317758343
2021-06-19 00:00:00.000,8.926440712921499
2021-06-20 00:00:00.000,8.943375273686934
2021-06-21 00:00:00.000,8.713677051946522
2021-06-22 00:00:00.000,6.605611683594413
2021-06-23 00:00:00.000,6.349983356424532
2021-06-24 00:00:00.000,6.89724388732338
2021-06-25 00:00:00.000,7.290770979106364
2021-06-26 00:00:00.000,6.774883539673381
2021-06-27 00:00:00.000,6.545378151096166
2021-06-28 00:00:00.000,6.914583468144957
2021-06-29 00:00:00.000,6.9676256344956675
2021-06-30 00:00:00.000,7.095211652858936
2021-07-01 00:00:00.000,6.953977626582622
2021-07-02 00:00:00.000,6.374225483755731
2021-07-03 00:00:00.000,6.251630326493835
2021-07-04 00:00:00.000,6.245126083231077
2021-07-05 00:00:00.000,6.360452519109381
2021-07-06 00:00:00.000,6.021854370524161
2021-07-07 00:00:00.000,6.1388559495740385
2021-07-08 00:00:00.000,6.371964794969192
2021-07-09 00:00:00.000,6.151064557009286
2021-07-10 00:00:00.000,6.099389337985673
2021-07-11 00:00:00.000,5.936757146618968
2021-07-12 00:00:00.000,5.943005362855011
2021-07-13 00:00:00.000,5.604139385772602
2021-07-14 00:00:00.000,5.267604284711119
2021-07-15 00:00:00.000,5.157511355968385
2021-07-16 00:00:00.000,4.8374457462539
2021-07-17 00:00:00.000,4.428235541240731
2021-07-18 00:00:00.000,4.4312931948723655
2021-07-19 00:00:00.000,4.455368200210725
2021-07-20 00:00:00.000,4.0886860431229595
2021-07-21 00:00:00.000,3.7135566804151257
2021-07-22 00:00:00.000,4.370567618611224
2021-07-23 00:00:00.000,4.89231884240804
2021-07-24 00:00:00.000,5.023265322155524
2021-07-25 00:00:00.000,5.665757904384725
2021-07-26 00:00:00.000,6.204137290519047
2021-07-27 00:00:00.000,5.574221718107639
2021-07-28 00:00:00.000,5.967127704960955
2021-07-29 00:00:00.000,5.776400160865472
2021-07-30 00:00:00.000,6.005514372333405
2021-07-31 00:00:00.000,5.997539481138976
2021-08-01 00:00:00.000,6.1282503519954
2021-08-02 00:00:00.000,5.768139213059445
2021-08-03 00:00:00.000,5.83927114106951
2021-08-04 00:00:00.000,5.886764527175414
2021-08-05 00:00:00.000,6.0767307953510326
2021-08-06 00:00:00.000,6.958429414838443
2021-08-07 00:00:00.000,6.897675866425747
2021-08-08 00:00:00.000,6.960163356897056
2021-08-09 00:00:00.000,6.39719696399762
2021-08-10 00:00:00.000,6.764803116802959
2021-08-11 00:00:00.000,6.951680597280095
2021-08-12 00:00:00.000,7.17298181036789
2021-08-13 00:00:00.000,6.749973343979852
2021-08-14 00:00:00.000,7.151140316592293
2021-08-15 00:00:00.000,7.219690358052127
2021-08-16 00:00:00.000,7.460706120421248
2021-08-17 00:00:00.000,7.602813439522968
2021-08-18 00:00:00.000,6.99502155014786
2021-08-19 00:00:00.000,6.905471363280572
2021-08-20 00:00:00.000,7.0786005766292925
2021-08-21 00:00:00.000,7.262869993602106
2021-08-22 00:00:00.000,7.273229285732146
2021-08-23 00:00:00.000,7.341698829464838
2021-08-24 00:00:00.000,7.825700433587858
2021-08-25 00:00:00.000,7.118932953818267
2021-08-26 00:00:00.000,7.206521053014765
2021-08-27 00:00:00.000,6.639705924743154
2021-08-28 00:00:00.000,6.933141056356118
2021-08-29 00:00:00.000,6.918618496323543
2021-08-30 00:00:00.000,6.939134606612036
2021-08-31 00:00:00.000,6.57730461100948
2021-09-01 00:00:00.000,6.654577861616102
2021-09-02 00:00:00.000,7.093156931986336
2021-09-03 00:00:00.000,7.043052799389121
2021-09-04 00:00:00.000,7.23024791029654
2021-09-05 00:00:00.000,7.541064595903232
2021-09-06 00:00:00.000,8.184373592139728
2021-09-07 00:00:00.000,9.242610570887315
2021-09-08 00:00:00.000,7.042314950672625
2021-09-09 00:00:00.000,6.793059538061313
2021-09-10 00:00:00.000,6.962124400425543
2021-09-11 00:00:00.000,6.45926055284674
2021-09-12 00:00:00.000,6.429726912474179
2021-09-13 00:00:00.000,6.618448011008838
2021-09-14 00:00:00.000,6.160535743411998
2021-09-15 00:00:00.000,6.4644941196149235
2021-09-16 00:00:00.000,6.880348845292578
2021-09-17 00:00:00.000,6.673719473652523
2021-09-18 00:00:00.000,6.329877090210157
2021-09-19 00:00:00.000,6.350168094102439
2021-09-20 00:00:00.000,6.103821832016241
2021-09-21 00:00:00.000,5.149161660349033
2021-09-22 00:00:00.000,4.946992808387887
2021-09-23 00:00:00.000,5.546275718989139
2021-09-24 00:00:00.000,5.73028777308799
2021-09-25 00:00:00.000,5.181120466546575
2021-09-26 00:00:00.000,5.131121418885619
2021-09-27 00:00:00.000,5.0966233003152
2021-09-28 00:00:00.000,4.913947405576731
2021-09-29 00:00:00.000,4.685778488621046
2021-09-30 00:00:00.000,4.833713783618702
2021-10-01 00:00:00.000,5.036934209110459
2021-10-02 00:00:00.000,6.031311724030322
2021-10-03 00:00:00.000,6.092458527336216
2021-10-04 00:00:00.000,6.115715732671056
2021-10-05 00:00:00.000,6.018052206004068
2021-10-06 00:00:00.000,6.7118280545753
2021-10-07 00:00:00.000,6.430097239217466
2021-10-08 00:00:00.000,6.538060425630613
2021-10-09 00:00:00.000,6.422151935144587
2021-10-10 00:00:00.000,6.948322400414955
2021-10-11 00:00:00.000,6.3219068813324775
2021-10-12 00:00:00.000,6.165093774387004
2021-10-13 00:00:00.000,5.911666939495723
2021-10-14 00:00:00.000,6.10580223207578
2021-10-15 00:00:00.000,6.048722605024377
2021-10-16 00:00:00.000,6.285429751951675
2021-10-17 00:00:00.000,6.178251389580301
2021-10-18 00:00:00.000,6.0032923691362186
2021-10-19 00:00:00.000,5.856854258107784
2021-10-20 00:00:00.000,5.95510804782208
2021-10-21 00:00:00.000,6.248373367873308
2021-10-22 00:00:00.000,6.002340697738093
2021-10-23 00:00:00.000,6.697110708497962
2021-10-24 00:00:00.000,6.557795889125032
2021-10-25 00:00:00.000,6.461261860744338
2021-10-26 00:00:00.000,6.801068677981904
2021-10-27 00:00:00.000,7.0259079005434595
2021-10-28 00:00:00.000,6.191502708500381
2021-10-29 00:00:00.000,6.43741833631344
2021-10-30 00:00:00.000,6.95583991463595
2021-10-31 00:00:00.000,8.21343151956138
2021-11-01 00:00:00.000,7.204125840690358
2021-11-02 00:00:00.000,7.347622785784233
2021-11-03 00:00:00.000,7.600086717400892
2021-11-04 00:00:00.000,7.439374610720858
2021-11-05 00:00:00.000,7.740304079612257
2021-11-06 00:00:00.000,7.604987945410167
2021-11-07 00:00:00.000,7.476621879375275
2021-11-08 00:00:00.000,7.436397304617549
2021-11-09 00:00:00.000,7.874231640471792
2021-11-10 00:00:00.000,7.9362802985547765
2021-11-11 00:00:00.000,7.351273201273133
2021-11-12 00:00:00.000,7.397990114842792
2021-11-13 00:00:00.000,7.1822579647557125
2021-11-14 00:00:00.000,7.214943478421979
2021-11-15 00:00:00.000,7.0645504400558545
2021-11-16 00:00:00.000,6.8338309727636615
2021-11-17 00:00:00.000,6.30958142802922
2021-11-18 00:00:00.000,6.631575115323359
2021-11-19 00:00:00.000,5.970532583325247
2021-11-20 00:00:00.000,6.383306295044946
2021-11-21 00:00:00.000,6.750557667376898
2021-11-22 00:00:00.000,7.1741675317503555
2021-11-23 00:00:00.000,6.516658677330502
2021-11-24 00:00:00.000,6.897709052137158
2021-11-25 00:00:00.000,6.614445079891189
2021-11-26 00:00:00.000,7.4306393598792955
2021-11-27 00:00:00.000,6.525573938162231
2021-11-28 00:00:00.000,6.49818381005212
2021-11-29 00:00:00.000,6.596567507224324
2021-11-30 00:00:00.000,6.662006162438441
2021-12-01 00:00:00.000,6.617295620430561
2021-12-02 00:00:00.000,6.515467106496925
2021-12-03 00:00:00.000,6.334647352923602
2021-12-04 00:00:00.000,6.156344357634645
2021-12-05 00:00:00.000,5.146539194177576
2021-12-06 00:00:00.000,4.721973850599235
2021-12-07 00:00:00.000,4.79875379997202
2021-12-08 00:00:00.000,4.677877100746059
2021-12-09 00:00:00.000,4.9165332122084395
2021-12-10 00:00:00.000,4.416373826875304
2021-12-11 00:00:00.000,4.282145013663908
2021-12-12 00:00:00.000,4.418205534745158
2021-12-13 00:00:00.000,4.422448687370591
2021-12-14 00:00:00.000,3.9194402899913277
2021-12-15 00:00:00.000,4.04233574340416
2021-12-16 00:00:00.000,4.4071428788681795
2021-12-17 00:00:00.000,4.261362206886831
2021-12-18 00:00:00.000,4.059794204730727
2021-12-19 00:00:00.000,4.093562892963212
2021-12-20 00:00:00.000,4.150752670339281
2021-12-21 00:00:00.000,4.007017822923757
2021-12-22 00:00:00.000,4.158112100946158
2021-12-23 00:00:00.000,4.4395409235054135
2021-12-24 00:00:00.000,4.7757266386218795
2021-12-25 00:00:00.000,4.723427346537595
2021-12-26 00:00:00.000,5.066530880652787
2021-12-27 00:00:00.000,5.511808450869752
2021-12-28 00:00:00.000,5.4943001754488066
2021-12-29 00:00:00.000,5.124102775299494
2021-12-30 00:00:00.000,4.916919113365887
2021-12-31 00:00:00.000,4.80953793260554
2022-01-01 00:00:00.000,4.723231780445983
2022-01-02 00:00:00.000,4.961862677902386
2022-01-03 00:00:00.000,4.888223523937735
2022-01-04 00:00:00.000,4.714468062526167
2022-01-05 00:00:00.000,4.768780076291545
2022-01-06 00:00:00.000,4.441051999267806
2022-01-07 00:00:00.000,4.39893457119907
2022-01-08 00:00:00.000,4.20148952129057
2022-01-09 00:00:00.000,3.9809432859119616
2022-01-10 00:00:00.000,4.043025408551709
2022-01-11 00:00:00.000,3.8492086293975563
2022-01-12 00:00:00.000,4.093832511694235
2022-01-13 00:00:00.000,4.28295149177436
2022-01-14 00:00:00.000,3.98484799878852
2022-01-15 00:00:00.000,4.142950418676237
2022-01-16 00:00:00.000,4.1000068119535
2022-01-17 00:00:00.000,4.213869559587049
2022-01-18 00:00:00.000,3.9723195565577085
2022-01-19 00:00:00.000,4.222600040504158
2022-01-20 00:00:00.000,4.3328139423622725
2022-01-21 00:00:00.000,4.1450154324622925
2022-01-22 00:00:00.000,3.395716498418725
2022-01-23 00:00:00.000,2.7701488113106887
2022-01-24 00:00:00.000,2.7840150427103234
2022-01-25 00:00:00.000,2.602245471112739
2022-01-26 00:00:00.000,2.6189702877155474
2022-01-27 00:00:00.000,2.847058442060917
2022-01-28 00:00:00.000,2.9171028265455883
2022-01-29 00:00:00.000,2.951995575144186
2022-01-30 00:00:00.000,2.9883146720318643
2022-01-31 00:00:00.000,2.8861874671566063
2022-02-01 00:00:00.000,2.9481716619686575
2022-02-02 00:00:00.000,2.930361548399419
2022-02-03 00:00:00.000,2.7663262479464494
2022-02-04 00:00:00.000,2.7973238053935474
2022-02-05 00:00:00.000,3.052253627455575
2022-02-06 00:00:00.000,3.282726708051562
2022-02-07 00:00:00.000,3.5060647095167248
2022-02-08 00:00:00.000,3.6040845273572955
2022-02-09 00:00:00.000,3.4619628283237973
2022-02-10 00:00:00.000,3.442455872659543
2022-02-11 00:00:00.000,4.097750776278856
2022-02-12 00:00:00.000,3.945632424400822
2022-02-13 00:00:00.000,3.89819581608904
2022-02-14 00:00:00.000,3.60383322054157
2022-02-15 00:00:00.000,3.5821272489871134
2022-02-16 00:00:00.000,3.8586585432512632
2022-02-17 00:00:00.000,3.919274266497072
2022-02-18 00:00:00.000,3.447292523108651
2022-02-19 00:00:00.000,3.3080159468591814
2022-02-20 00:00:00.000,3.226573746945121
2022-02-21 00:00:00.000,2.9767243599334785
2022-02-22 00:00:00.000,2.676596771579957
2022-02-23 00:00:00.000,2.893323639416334
2022-02-24 00:00:00.000,2.703760777255609
2022-02-25 00:00:00.000,2.622341751472514
2022-02-26 00:00:00.000,2.8320507230107577
2022-02-27 00:00:00.000,2.8246092775791376
2022-02-28 00:00:00.000,2.758747973192506
2022-03-01 00:00:00.000,3.351085060552478
2022-03-02 00:00:00.000,3.278702459413028
2022-03-03 00:00:00.000,3.1764718773948943
2022-03-04 00:00:00.000,3.0680337272983937
2022-03-05 00:00:00.000,2.8165840666558646
2022-03-06 00:00:00.000,2.8848931606859276
2022-03-07 00:00:00.000,2.7097082313366863
2022-03-08 00:00:00.000,2.7266308226290956
2022-03-09 00:00:00.000,2.8360298231315824
2022-03-10 00:00:00.000,3.0633199818573997
2022-03-11 00:00:00.000,2.872481023957618
2022-03-12 00:00:00.000,2.7909928270410234
2022-03-13 00:00:00.000,2.850231312861898
2022-03-14 00:00:00.000,2.7014554216266897
2022-03-15 00:00:00.000,2.7783859723495223
2022-03-16 00:00:00.000,2.7244010526301503
2022-03-17 00:00:00.000,2.9016621208609568
2022-03-18 00:00:00.000,2.8560165095907166
2022-03-19 00:00:00.000,2.9247309671479442
2022-03-20 00:00:00.000,2.9755208194201552
2022-03-21 00:00:00.000,2.882206566845359
2022-03-22 00:00:00.000,2.9309685489862267
2022-03-23 00:00:00.000,3.0754625916176432
2022-03-24 00:00:00.000,3.1870941000802016
2022-03-25 00:00:00.000,3.281239087425813
2022-03-26 00:00:00.000,3.1682097908301934
2022-03-27 00:00:00.000,3.2921359646713086
2022-03-28 00:00:00.000,3.5684795674691605
2022-03-29 00:00:00.000,3.5980801073843107
2022-03-30 00:00:00.000,3.8953260359129054
2022-03-31 00:00:00.000,3.9251026229603325
2022-04-01 00:00:00.000,4.165873848361466
2022-04-02 00:00:00.000,4.080199117199805
2022-04-03 00:00:00.000,4.074685191717832
2022-04-04 00:00:00.000,4.040871359767799
2022-04-05 00:00:00.000,3.844556046251034
2022-04-06 00:00:00.000,3.7040825567472355
2022-04-07 00:00:00.000,3.300105021291944
2022-04-08 00:00:00.000,3.5045581228302787
2022-04-09 00:00:00.000,3.32646628789638
2022-04-10 00:00:00.000,3.460959885997265
2022-04-11 00:00:00.000,3.352478965377267
2022-04-12 00:00:00.000,2.9995511093634573
2022-04-13 00:00:00.000,3.09650500154672
2022-04-14 00:00:00.000,3.1763169600829873
2022-04-15 00:00:00.000,3.0399957035523046
2022-04-16 00:00:00.000,3.055123063120019
2022-04-17 00:00:00.000,3.054693363578686
2022-04-18 00:00:00.000,2.8807463337116017
2022-04-19 00:00:00.000,3.0394008939397543
2022-04-20 00:00:00.000,3.149253351533101
2022-04-21 00:00:00.000,3.1000797298034293
2022-04-22 00:00:00.000,3.2689307198375004
2022-04-23 00:00:00.000,3.1415691216525494
2022-04-24 00:00:00.000,3.1175283119899158
2022-04-25 00:00:00.000,3.0027407204471106
2022-04-26 00:00:00.000,3.0254782581287594
2022-04-27 00:00:00.000,2.7265901399075165
2022-04-28 00:00:00.000,2.8159387460268333
2022-04-29 00:00:00.000,2.7632520908798672
2022-04-30 00:00:00.000,2.554290943733495
2022-05-01 00:00:00.000,2.228177739291041
