date,dai
2019-11-19,1.000650588888066
2019-11-20,0.9954110116644869
2019-11-21,0.9915908692454622
2019-11-22,0.9911021228250846
2019-11-23,0.9928500446120052
2019-11-24,0.9821199130342257
2019-11-25,0.927535960047834
2019-11-26,0.9888113589915057
2019-11-27,0.9477039994203292
2019-11-28,0.9797532303288976
2019-11-29,0.9736842827784653
2019-11-30,0.9823796549629766
2019-12-01,0.947958034819108
2019-12-02,0.9692867758753012
2019-12-03,0.9931722472225812
2019-12-04,0.9762196669646119
2019-12-05,0.978063576046384
2019-12-06,0.9766388581510979
2019-12-07,0.9726688641283181
2019-12-08,0.9687596124111794
2019-12-09,0.9757126757054998
2019-12-10,0.9743668145439941
2019-12-11,0.9734734853699696
2019-12-12,1.0000402732386735
2019-12-13,0.9990270572914369
2019-12-14,1.004506003321739
2019-12-15,0.9990879396642474
2019-12-16,0.9953315678455207
2019-12-17,1.0041174272867668
2019-12-18,1.0035311834668825
2019-12-19,1.001236941108159
2019-12-20,1.0001195264392
2019-12-21,0.9972592645057585
2019-12-22,0.9657993233443855
2019-12-23,0.9830352782570829
2019-12-24,0.983442785117267
2019-12-25,0.9790040930548111
2019-12-26,0.9727306129325239
2019-12-27,0.9742495283691849
2019-12-28,0.9744770865407593
2019-12-29,0.9720845376983497
2019-12-30,0.9845264335517296
2019-12-31,0.9818932700387747
2020-01-01,0.9818469907264622
2020-01-02,0.9726058008924008
2020-01-03,0.978826383556656
2020-01-04,0.98787714642571
2020-01-05,0.9701337426756221
2020-01-06,0.9811010361823272
2020-01-07,0.99868002674042
2020-01-08,0.9956359758022523
2020-01-09,1.0004055374300225
2020-01-10,1.0027315646284447
2020-01-11,1.0066311782430477
2020-01-12,0.9946082949190382
2020-01-13,1.0011028036381404
2020-01-14,0.9930822014257257
2020-01-15,1.003530723355194
2020-01-16,0.9971617186713293
2020-01-17,0.9961147216136393
2020-01-18,0.9926702410381791
2020-01-19,0.9908555390638011
2020-01-20,0.996875695797804
2020-01-21,0.9933925837295969
2020-01-22,0.9936940350326489
2020-01-23,0.9944358105287344
2020-01-24,1.0015289410530894
2020-01-25,0.9970788904190244
2020-01-26,0.9969064316551488
2020-01-27,1.003130551775534
2020-01-28,0.9985682257719072
2020-01-29,1.006833924532294
2020-01-30,0.9950014015342008
2020-01-31,0.9964017842515547
2020-02-01,0.9957237797993543
2020-02-02,0.9952900349470037
2020-02-03,0.9974633291392077
2020-02-04,0.9973003461706084
2020-02-05,1.002104738554442
2020-02-06,0.9950501206830759
2020-02-07,1.0028798373478325
2020-02-08,1.0054763464136693
2020-02-09,0.9981917093287868
2020-02-10,1.0028573170706314
2020-02-11,1.0002149214245852
2020-02-12,0.9970840129115716
2020-02-13,1.0012318652404082
2020-02-14,1.0016264036300981
2020-02-15,0.9983210322946459
2020-02-16,0.9913101288376103
2020-02-17,0.99461967445392
2020-02-18,1.0033610480322328
2020-02-19,0.9980721630528708
2020-02-20,0.9951789367526033
2020-02-21,0.9955517639844423
2020-02-22,0.99937911484284
2020-02-23,0.9982416017938769
2020-02-24,0.9996778157989938
2020-02-25,1.0016255128311655
2020-02-26,1.0016701197682019
2020-02-27,1.000658651642255
2020-02-28,1.0055549726342838
2020-02-29,1.0062604153398123
2020-03-01,1.0017612588415212
2020-03-02,1.0157610473297967
2020-03-03,1.0013303419976693
2020-03-04,1.0005239678898248
2020-03-05,1.0011585884975858
2020-03-06,1.0018665661856252
2020-03-07,1.0009370617587134
2020-03-08,1.0011100918922584
2020-03-09,0.999634001400076
2020-03-10,1.0133454590832365
2020-03-11,1.0035791583102287
2020-03-12,1.028993670663757
2020-03-13,1.0585118673161018
2020-03-14,1.0221261501217984
2020-03-15,1.0338959489599941
2020-03-16,1.0360321010623947
2020-03-17,1.0425820781716553
2020-03-18,1.0211502331022064
2020-03-19,1.0197913375907521
2020-03-20,1.0216763101118604
2020-03-21,1.0270024382553724
2020-03-22,1.0158880378233444
2020-03-23,1.0230456487018709
2020-03-24,1.0345524436413382
2020-03-25,1.0282594563087681
2020-03-26,1.0234829854420586
2020-03-27,1.022168142467542
2020-03-28,1.0158260627511206
2020-03-29,1.0232830596300926
2020-03-30,1.0288726162454438
2020-03-31,1.011618462830379
2020-04-01,1.0146732672736998
2020-04-02,1.0276849750534407
2020-04-03,1.0162269655553686
2020-04-04,1.01660695117564
2020-04-05,1.0077521233098292
2020-04-06,1.0141018257696253
2020-04-07,1.0132309738366407
2020-04-08,1.0355420371733384
2020-04-09,1.020983587133946
2020-04-10,1.0194914502089116
2020-04-11,1.0167789006981156
2020-04-12,1.0226139807441217
2020-04-13,1.0103706554038494
2020-04-14,1.0202875389667503
2020-04-15,1.0185738531728372
2020-04-16,1.0156976981885217
2020-04-17,1.0280919317711896
2020-04-18,1.018614741290811
2020-04-19,1.0183649932705614
2020-04-20,1.012430541962875
2020-04-21,1.0154811227756186
2020-04-22,1.0116988778440363
2020-04-23,1.0155935815041803
2020-04-24,1.0112255175327485
2020-04-25,1.0121260250483017
2020-04-26,1.0123060272360334
2020-04-27,1.0081031838112955
2020-04-28,1.0146647767899108
2020-04-29,1.0107295147449078
2020-04-30,1.008369227626776
2020-05-01,1.0157523359595033
2020-05-02,1.0171769742808863
2020-05-03,1.0130946479482006
2020-05-04,1.0080986160689491
2020-05-05,1.0053387446864221
2020-05-06,1.0060571636188487
2020-05-07,1.0028032485242824
2020-05-08,1.0030852896404625
2020-05-09,0.9987159952440999
2020-05-10,1.0031511900901189
2020-05-11,1.0057287271683313
2020-05-12,1.0065059511504812
2020-05-13,1.0054369334848092
2020-05-14,1.0088827751434393
2020-05-15,1.0039273598765939
2020-05-16,1.005172769515263
2020-05-17,1.007652988827324
2020-05-18,1.0082071085938946
2020-05-19,1.00265134562914
2020-05-20,1.0015936167589072
2020-05-21,1.0005800795789923
2020-05-22,0.999726619260153
2020-05-23,1.0029018984573848
2020-05-24,1.0012840751383834
2020-05-25,0.9940505392978102
2020-05-26,1.0011748713827286
2020-05-27,1.0026693011295278
2020-05-28,1.0029837796768515
2020-05-29,1.0022482706589981
2020-05-30,1.0016123911223818
2020-05-31,1.0010961763985426
2020-06-01,1.0010405386742005
2020-06-02,1.0093583943987412
2020-06-03,1.0034604494655768
2020-06-04,1.0016337334524368
2020-06-05,1.0019274271454799
2020-06-06,1.0008943218369382
2020-06-07,1.0011658355102497
2020-06-08,1.0028921890772797
2020-06-09,1.0013852658720932
2020-06-10,1.0027075095638978
2020-06-11,1.0028423637008657
2020-06-12,1.0035986953908858
2020-06-13,1.001101609344178
2020-06-14,1.0006031163064844
2020-06-15,1.0127586097459627
2020-06-16,1.0084836840919005
2020-06-17,1.0046452709852527
2020-06-18,1.0102215778648083
2020-06-19,1.0102030394731476
2020-06-20,1.0091863236019432
2020-06-21,1.0074889492753432
2020-06-22,1.0078753961707347
2020-06-23,1.0058424193367426
2020-06-24,1.006407293068207
2020-06-25,1.0079036280011446
2020-06-26,1.003260009316931
2020-06-27,1.0028779751353332
2020-06-28,1.0046897358236113
2020-06-29,1.0050904936850806
2020-06-30,1.00434127298697
2020-07-01,1.0093457090214413
2020-07-02,1.014286992535787
2020-07-03,1.0078523826855452
2020-07-04,1.0156185354961496
2020-07-05,1.0133455913700247
2020-07-06,1.0121468524680692
2020-07-07,1.0160733170841854
2020-07-08,1.0117303017336907
2020-07-09,1.0151734473665874
2020-07-10,1.0188020823751853
2020-07-11,1.017898893727827
2020-07-12,1.018589647820453
2020-07-13,1.0190114760403546
2020-07-14,1.0160665885025066
2020-07-15,1.0141405362189448
2020-07-16,1.0124208223594109
2020-07-17,1.0154230785723364
2020-07-18,1.0123474647968156
2020-07-19,1.010928691167523
2020-07-20,1.0083009724548522
2020-07-21,1.0102731785753174
2020-07-22,1.0090033683638906
2020-07-23,1.0263833142094065
2020-07-24,1.0310669792711837
2020-07-25,1.03404966156045
2020-07-26,1.0052305170169586
2020-07-27,1.0076346095912274
2020-07-28,1.0092467175309172
2020-07-29,1.0182579504390863
2020-07-30,1.0271552405192916
2020-07-31,1.031469079101571
2020-08-01,1.0197839307700844
2020-08-02,1.0161380745880462
2020-08-03,1.0184439256348397
2020-08-04,1.0114740611561404
2020-08-05,1.0142708243002554
2020-08-06,1.0151374585392157
2020-08-07,1.0145878610446175
2020-08-08,1.017272230994722
2020-08-09,1.0194628914811323
2020-08-10,1.0165522957872664
2020-08-11,1.0160856515603958
2020-08-12,1.02215618451773
2020-08-13,1.014803378957075
2020-08-14,1.0159996097774495
2020-08-15,1.0076552206789617
2020-08-16,1.0059143317077286
2020-08-17,1.006604770954402
2020-08-18,1.0027290223863776
2020-08-19,1.0033493037232624
2020-08-20,1.006113520741988
2020-08-21,1.0052412322803188
2020-08-22,1.0064710585637455
2020-08-23,1.004392832546498
2020-08-24,1.0065246146402498
2020-08-25,1.0168139782195764
2020-08-26,1.0143677375215097
2020-08-27,1.0118084205481408
2020-08-28,1.0150988845020101
2020-08-29,1.0141416167860233
2020-08-30,1.0118622954965042
2020-08-31,1.0147912953785534
2020-09-01,1.015792443457158
2020-09-02,1.013843712987528
2020-09-03,1.0067997562699982
2020-09-04,1.002509589093702
2020-09-05,1.019604681070637
2020-09-06,1.017019178258205
2020-09-07,1.0189274340553884
2020-09-08,1.0292279490237684
2020-09-09,1.0281626495286207
2020-09-10,1.0329160709582648
2020-09-11,1.0338383378593392
2020-09-12,1.0367542619395256
2020-09-13,1.0290300592787494
2020-09-14,1.0243292891200624
2020-09-15,1.0342242570500206
2020-09-16,1.0200901374567304
2020-09-17,1.0148550484085324
2020-09-18,1.0189257537304444
2020-09-19,1.0200394930338168
2020-09-20,1.0092981982357934
2020-09-21,1.0117937695664536
2020-09-22,1.007748356236224
2020-09-23,1.0107882531666048
2020-09-24,1.011799773900846
2020-09-25,1.0110460603196134
2020-09-26,1.010034681849911
2020-09-27,1.0092794849182927
2020-09-28,1.0103136519355185
2020-09-29,1.0111054578885919
2020-09-30,1.0126325098772224
2020-10-01,1.0108310786542363
2020-10-02,1.011451614388852
2020-10-03,1.0121731041134197
2020-10-04,1.0067743833884664
2020-10-05,1.0099923249037401
2020-10-06,1.0103872090987578
2020-10-07,1.01106476009993
2020-10-08,1.0087821611448313
2020-10-09,1.0114453357250697
2020-10-10,1.0134814552110463
2020-10-11,1.0100277424919535
2020-10-12,1.0101182414141794
2020-10-13,1.0087544813057017
2020-10-14,1.009421542626566
2020-10-15,1.0101769337115458
2020-10-16,1.0056486305861077
2020-10-17,1.0102750636876079
2020-10-18,1.0069282575281142
2020-10-19,1.0096875567577945
2020-10-20,1.0080692647346166
2020-10-21,1.0085767631739153
2020-10-22,0.9901617164481392
2020-10-23,0.9989112683643528
2020-10-24,1.008586814823936
2020-10-25,1.0035178912646192
2020-10-26,1.0049002054637888
2020-10-27,1.0037832997069605
2020-10-28,1.0084375913570183
2020-10-29,1.0096362616735524
2020-10-30,1.0095032808135154
2020-10-31,1.0092055567860077
2020-11-01,1.006978157552671
2020-11-02,1.0071550073074547
2020-11-03,1.0082878143030813
2020-11-04,1.0112581064673822
2020-11-05,1.007991367052831
2020-11-06,1.0084047866106398
2020-11-07,1.0102580117779523
2020-11-08,1.011663068060033
2020-11-09,1.0079874730972407
2020-11-10,1.0089434119430332
2020-11-11,1.0044079587268302
2020-11-12,1.00620621401877
2020-11-13,1.0062919528098577
2020-11-14,1.0066576963159324
2020-11-15,1.007333721357123
2020-11-16,1.0076772413119028
2020-11-17,1.0041588182559193
2020-11-18,1.0044084491452012
2020-11-19,1.0039541503198945
2020-11-20,1.0041266796669674
2020-11-21,1.003997497887198
2020-11-22,1.0022353396471397
2020-11-23,0.9977126028546043
2020-11-24,1.000809617318738
2020-11-25,0.9996007107388801
2020-11-26,1.0016639866047627
2020-11-27,1.0026630047193503
2020-11-28,1.0057023260199334
2020-11-29,1.0014448588477023
2020-11-30,1.0038303130228767
2020-12-01,1.0067139903046307
2020-12-02,0.9998594132092387
2020-12-03,1.0017483192282146
2020-12-04,1.0054329424079713
2020-12-05,1.0064133770022667
2020-12-06,1.0028490896049715
2020-12-07,1.0068006996012946
2020-12-08,1.005306967793248
2020-12-09,1.0039815624115012
2020-12-10,1.0035085601491047
2020-12-11,1.005372535501921
2020-12-12,1.0036036169223985
2020-12-13,1.000488540999129
2020-12-14,1.003309249203171
2020-12-15,1.0015915121586545
2020-12-16,1.00156212013962
2020-12-17,0.9998708381249218
2020-12-18,0.9975950119333132
2020-12-19,0.9996464166411867
2020-12-20,1.0005087865996338
2020-12-21,1.002830766124898
2020-12-22,1.0015152866035377
2020-12-23,1.0039763394576902
2020-12-24,1.0081849668726688
2020-12-25,1.0035882344000502
2020-12-26,1.0041578614525521
2020-12-27,1.0056255534033343
2020-12-28,1.005461469212084
2020-12-29,1.0066349209048295
2020-12-30,1.0042583074867097
2020-12-31,1.0049064181646115
2021-01-01,1.002622144545058
2021-01-02,1.0040354371821332
2021-01-03,1.0054927795904547
2021-01-04,1.0078514660385827
2021-01-05,1.0020048008766926
2021-01-06,1.0004939926263716
2021-01-07,1.006037889924336
2021-01-08,1.0003571291060944
2021-01-09,0.9985693990005069
2021-01-10,1.0059519191725321
2021-01-11,1.0003661873307832
2021-01-12,1.0098647311777296
2021-01-13,1.0031953167712255
2021-01-14,1.0014216856123277
2021-01-15,1.0015808980671275
2021-01-16,0.999467979946023
2021-01-17,1.0015318340521224
2021-01-18,0.9993096241494219
2021-01-19,1.0010221768847356
2021-01-20,0.9991523889555117
2021-01-21,0.9981625182514933
2021-01-22,1.0022666032388816
2021-01-23,1.0011624188735806
2021-01-24,0.9988292166974803
2021-01-25,1.0009249310054797
2021-01-26,1.0017888532991208
2021-01-27,1.0019752646928592
2021-01-28,1.0004462115981287
2021-01-29,0.9964754595689563
2021-01-30,0.9942495335395489
2021-01-31,0.9958471590114928
2021-02-01,1.0000578242719622
2021-02-02,0.9989091635515915
2021-02-03,1.0005790141528208
2021-02-04,0.9993403293208912
2021-02-05,1.0012920528640448
2021-02-06,1.0016552239757441
2021-02-07,0.9987523828816095
2021-02-08,1.0005951938410333
2021-02-09,0.9998196331299475
2021-02-10,0.9972843322502015
2021-02-11,1.000307730375204
2021-02-12,1.0000389713030946
2021-02-13,0.9980508215801027
2021-02-14,0.9996568476349053
2021-02-15,0.9982979444712259
2021-02-16,1.0021019076810813
2021-02-17,1.0011762900865895
2021-02-18,1.0011138973444151
2021-02-19,1.001308711148974
2021-02-20,1.004720609265502
2021-02-21,1.0023220980558034
2021-02-22,1.004223339670956
2021-02-23,1.0036834716295608
2021-02-24,1.006739179084721
2021-02-25,1.0099808512487822
2021-02-26,0.9979514132910403
2021-02-27,1.0075734425025025
2021-02-28,1.0062846733459656
2021-03-01,1.0053147428805165
2021-03-02,1.0053454734157345
2021-03-03,1.0066134843288255
2021-03-04,1.0005853574048091
2021-03-05,1.0064005306004735
2021-03-06,1.0012997284498584
2021-03-07,1.0026342740403176
2021-03-08,0.9993405480304064
2021-03-09,1.0024911494234106
2021-03-10,1.004099232553697
2021-03-11,0.999343354479765
2021-03-12,1.0045933240832146
2021-03-13,1.0048035865939449
2021-03-14,1.0048836437321043
2021-03-15,1.0051468775896268
2021-03-16,1.0034317864560238
2021-03-17,1.000862318540306
2021-03-18,1.0038748451364177
2021-03-19,1.0042110637927846
2021-03-20,1.0016621490483915
2021-03-21,1.0042365943125962
2021-03-22,1.002997067470264
2021-03-23,1.0042962382409681
2021-03-24,0.9993577336737923
2021-03-25,1.0022448302907383
2021-03-26,1.000036668140071
2021-03-27,1.0012433792103048
2021-03-28,1.0023854052224843
2021-03-29,1.0025302603219066
2021-03-30,0.9992548137931501
2021-03-31,1.0003131322861334
2021-04-01,0.9991210334910725
2021-04-02,1.0010588984950495
2021-04-03,1.002375166938154
2021-04-04,0.9996167552466287
2021-04-05,1.0017188378224426
2021-04-06,1.000991947975955
2021-04-07,0.9999775647084324
2021-04-08,1.0022688115930867
2021-04-09,1.0005794021635164
2021-04-10,0.9987083403900777
2021-04-11,1.0008325322073104
2021-04-12,1.0021057455316658
2021-04-13,1.0009711103891852
2021-04-14,1.0008061079969761
2021-04-15,1.0018563549004895
2021-04-16,1.0015255004589672
2021-04-17,0.9967573280677848
2021-04-18,1.0009246249433024
2021-04-19,0.9988939219839905
2021-04-20,0.9988389494549975
2021-04-21,1.003224228714982
2021-04-22,0.9942635412683647
2021-04-23,1.0018662060543624
2021-04-24,1.0007454686061332
2021-04-25,0.9993876428109758
2021-04-26,1.0021931127132089
2021-04-27,1.0012077494918736
2021-04-28,0.9994078916507345
2021-04-29,1.0011032807063602
2021-04-30,1.001844965814265
2021-05-01,0.9993940135237139
2021-05-02,1.0007295288393154
2021-05-03,1.0022314615589032
2021-05-04,1.003411144876653
2021-05-05,0.999913561482226
2021-05-06,1.000592470160721
2021-05-07,1.0001652149702203
2021-05-08,1.0015784344270153
2021-05-09,1.0002986864815337
2021-05-10,1.0009533840497908
2021-05-11,1.003393856992381
2021-05-12,1.0015159546173915
2021-05-13,1.0001779047369304
2021-05-14,0.993430583962833
2021-05-15,1.000439219690736
2021-05-16,0.999392741958673
2021-05-17,1.000701411426832
2021-05-18,1.0033825109037504
2021-05-19,0.9927713451875818
2021-05-20,0.994898130440491
2021-05-21,1.00741478556139
2021-05-22,1.0011490413415636
2021-05-23,1.003969749645611
2021-05-24,1.0031487180032903
2021-05-25,1.0036412043565954
2021-05-26,1.0025558570961106
2021-05-27,0.9986062298706636
2021-05-28,1.0011658647196269
2021-05-29,1.00598887190934
2021-05-30,0.9993362350018302
2021-05-31,1.0014220199161075
2021-06-01,0.9998979973231279
2021-06-02,1.0031662576447062
2021-06-03,1.0004027009359435
2021-06-04,1.0013213356452075
2021-06-05,1.000761543218393
2021-06-06,1.000898443762948
2021-06-07,1.002972123761827
2021-06-08,1.002400165455777
2021-06-09,1.0026188798586702
2021-06-10,1.002161380858692
2021-06-11,1.0042943166729057
2021-06-12,1.0002803900022574
2021-06-13,1.0035133240221714
2021-06-14,1.0006030217920123
2021-06-15,1.0016684240298768
2021-06-16,1.0046413555483122
2021-06-17,0.9996162409712571
2021-06-18,1.0058595564490693
2021-06-19,1.0024385222628385
2021-06-20,1.0049252672089553
2021-06-21,1.0022807739532102
2021-06-22,1.0016193879774289
2021-06-23,1.003171212536093
2021-06-24,1.0033779337688025
2021-06-25,1.0020527248402848
2021-06-26,0.9962402214562979
2021-06-27,1.0054295522100758
2021-06-28,1.0070963844473666
2021-06-29,1.0027054581350685
2021-06-30,0.9999982831408668
2021-07-01,1.003006139983627
2021-07-02,1.002889419295067
2021-07-03,1.0070080142295534
2021-07-04,1.0029758055840645
2021-07-05,0.9983856226484282
2021-07-06,1.0058927129432902
2021-07-07,1.0033927657269517
2021-07-08,1.0014840565409526
2021-07-09,1.002550212930394
2021-07-10,1.0044440706519309
2021-07-11,1.0048921527617742
2021-07-12,1.002161037588735
2021-07-13,1.0039149673485013
2021-07-14,1.0046958127538188
2021-07-15,1.003954128564165
2021-07-16,1.0049483634369614
2021-07-17,0.9989146510603851
2021-07-18,1.002639857633584
2021-07-19,1.0023649637048733
2021-07-20,1.0034705947408926
2021-07-21,1.0015337105233022
2021-07-22,1.0042804741867124
2021-07-23,1.0027909073219077
2021-07-24,1.006511034323498
2021-07-25,1.002119845802212
2021-07-26,1.0026926399029952
2021-07-27,0.9991545324305424
2021-07-28,1.004618268011928
2021-07-29,0.999771084327663
2021-07-30,1.0061938638288939
2021-07-31,1.0042654642743452
2021-08-01,1.0019013034154627
2021-08-02,1.0018274618702423
2021-08-03,1.0023774527909706
2021-08-04,1.0061247717700572
2021-08-05,0.9951163678341826
2021-08-06,1.0005619347269292
2021-08-07,1.000162643419569
2021-08-08,0.9997775390224847
2021-08-09,1.0035513408294279
2021-08-10,1.0039851306150078
2021-08-11,1.0005944112289862
2021-08-12,0.9992560664771382
2021-08-13,1.0002962766151302
2021-08-14,1.0008181803940128
2021-08-15,0.9999896358873319
2021-08-16,1.0009861552701949
2021-08-17,1.0011266997363013
2021-08-18,1.0018261540264928
2021-08-19,1.0035431923037392
2021-08-20,1.0095651280656601
2021-08-21,0.9996840115770586
2021-08-22,1.0013598373484023
2021-08-23,1.006328312097554
2021-08-24,1.0003716810288603
2021-08-25,1.0023486507031305
2021-08-26,0.9998546558272893
2021-08-27,0.9997920881113154
2021-08-28,1.0026754524906403
2021-08-29,1.0001565505105157
2021-08-30,0.9999394286827352
2021-08-31,0.9978302041172648
2021-09-01,1.0039901190052827
2021-09-02,1.0001590591453435
2021-09-03,0.9998512299280247
2021-09-04,0.9988984888212377
2021-09-05,0.9983312878540617
2021-09-06,0.9996451826430324
2021-09-07,1.0005074642277734
2021-09-08,1.001609915957946
2021-09-09,1.0039735308924298
2021-09-10,1.0044956980761734
2021-09-11,0.9977592698242409
2021-09-12,1.002597310206897
2021-09-13,1.0108952367520805
2021-09-14,1.0041056425803125
2021-09-15,1.0016710614137545
2021-09-16,1.0017966377022707
2021-09-17,1.0021173796387681
2021-09-18,1.0043694820643114
2021-09-19,1.003837955580935
2021-09-20,1.0044974871802812
2021-09-21,0.9911832334359997
2021-09-22,0.9951586201519572
2021-09-23,1.000687500667685
2021-09-24,1.0024018246768236
2021-09-25,1.0022615256011058
2021-09-26,1.0041950852765762
2021-09-27,1.0039221478911995
2021-09-28,0.9944924039715893
2021-09-29,0.9946490953267305
2021-09-30,1.003857758375262
2021-10-01,1.0057846688609382
2021-10-02,1.002643604448908
2021-10-03,0.999447546492788
2021-10-04,1.0035773286843233
2021-10-05,1.0032586952679776
2021-10-06,1.0017626779269964
2021-10-07,1.0023560797793938
2021-10-08,1.0010843509685718
2021-10-09,1.0018395314143607
2021-10-10,1.0029879944841962
2021-10-11,1.0012734267098873
2021-10-12,1.0073081651886058
2021-10-13,1.0020147524620744
2021-10-14,1.00481832839858
2021-10-15,1.001963755839577
2021-10-16,1.0048906157272426
2021-10-17,1.0028508267767997
2021-10-18,1.0047036120874975
2021-10-19,1.0008396847244365
2021-10-20,0.9998352797017792
2021-10-21,1.000344344719418
2021-10-22,1.0008728606601476
2021-10-23,1.005648943463435
2021-10-24,1.0064532927914562
2021-10-25,1.0050753104771077
2021-10-26,1.004967109971996
2021-10-27,1.0000258586437472
2021-10-28,0.9991250560723848
2021-10-29,0.9990111853587044
2021-10-30,0.999750351320583
2021-10-31,1.00400477700595
2021-11-01,1.0000181937077748
2021-11-02,1.0016144925483819
2021-11-03,1.0026641355292252
2021-11-04,1.0008365287475294
2021-11-05,1.0046473171927044
2021-11-06,1.0034590647089807
2021-11-07,1.0032716119624403
2021-11-08,0.9990482208224771
2021-11-09,1.0009555678702178
2021-11-10,1.0011499772523627
2021-11-11,1.0044213662836692
2021-11-12,1.0011671074263095
2021-11-13,1.0076412807183253
2021-11-14,1.0031728200177052
2021-11-15,1.0083551412462424
2021-11-16,1.0031440842988035
2021-11-17,1.002397544398201
2021-11-18,1.0076808696516855
2021-11-19,0.9993381522388782
2021-11-20,1.006266999854717
2021-11-21,1.0066940349166575
2021-11-22,1.004509532449662
2021-11-23,0.9998445390092198
2021-11-24,1.0009342580306821
2021-11-25,1.0022449718047552
2021-11-26,0.9979605899493754
2021-11-27,1.0001721286924639
2021-11-28,0.9987986677496729
2021-11-29,1.001637828844
2021-11-30,0.9986096774223755
2021-12-01,0.9980027717628793
2021-12-02,1.001319489566333
2021-12-03,0.9975399468525554
2021-12-04,0.999703768225611
2021-12-05,0.9995927005396948
2021-12-06,1.0004759565933234
2021-12-07,1.0010238609330975
2021-12-08,1.0029613747099249
2021-12-09,1.0013557667104835
2021-12-10,0.9980080078395094
2021-12-11,0.995229215210866
2021-12-12,0.9995493085498041
2021-12-13,0.9989776215711985
2021-12-14,0.9988379283201336
2021-12-15,1.0026442741189496
2021-12-16,0.9996574333908048
2021-12-17,0.9998809497607476
2021-12-18,1.0003129418584091
2021-12-19,1.0009100207431971
2021-12-20,0.9979977086654648
2021-12-21,1.003861220909781
2021-12-22,1.0018709312693344
2021-12-23,1.0015749457778251
2021-12-24,1.0041943297134128
2021-12-25,1.0015419559032193
2021-12-26,0.9993268245752794
2021-12-27,1.0006233704525382
2021-12-28,0.9986690072839253
2021-12-29,0.9999219382883053
2021-12-30,1.0031091448476723
2021-12-31,1.0034488588790764
2022-01-01,0.9993700114165129
2022-01-02,1.0045838468235089
2022-01-03,1.0017286585567955
2022-01-04,1.0021535526031484
2022-01-05,0.9999623798404518
2022-01-06,1.0027253963092082
2022-01-07,0.9999307221827529
2022-01-08,1.0034421580701711
2022-01-09,0.997978795870184
2022-01-10,1.0028566734926256
2022-01-11,1.0010705134157518
2022-01-12,0.9996134356989091
2022-01-13,1.0014295910848638
2022-01-14,1.000619253669565
2022-01-15,0.9991799307470215
2022-01-16,0.9994190944268592
2022-01-17,1.000170753157861
2022-01-18,1.001408012863779
2022-01-19,0.9998180801308754
2022-01-20,0.9974955522850862
2022-01-21,1.0016078493098184
2022-01-22,1.00243671837902
2022-01-23,1.0046806253194134
2022-01-24,1.0030098942012216
2022-01-25,1.0038969490966019
2022-01-26,1.0018360098062413
2022-01-27,1.0014064500340505
2022-01-28,1.0040239380437146
2022-01-29,1.001409594738056
2022-01-30,1.0020260173991438
2022-01-31,1.0003150218753998
2022-02-01,1.001315411182868
2022-02-02,1.0017185469115077
2022-02-03,1.0012885372692035
2022-02-04,1.0008360790795865
2022-02-05,1.004345692132139
2022-02-06,0.9998959242109398
2022-02-07,1.0007135240714418
2022-02-08,1.0003575999830183
2022-02-09,1.00205784551053
2022-02-10,1.0012159231765712
2022-02-11,1.0024054293151854
2022-02-12,0.9999906346310168
2022-02-13,1.001920195152649
2022-02-14,1.0007838521803583
2022-02-15,1.000029320716091
2022-02-16,0.999228715314787
2022-02-17,1.0000141883696165
2022-02-18,0.9991588009031412
2022-02-19,1.0005105546720603
2022-02-20,1.0029368646929762
2022-02-21,1.000443322085936
2022-02-22,1.0006714860335433
2022-02-23,0.999324677722244
2022-02-24,1.0004650006455702
2022-02-25,1.0011209580109752
2022-02-26,1.000309886794853
2022-02-27,1.0023674793486645
2022-02-28,1.0015626116524727
2022-03-01,1.0007604525030454
2022-03-02,1.0005158142164936
2022-03-03,0.9998868153292486
2022-03-04,0.9988709688121202
2022-03-05,0.9998674881081218
2022-03-06,1.0015383613648672
2022-03-07,1.0006551097325835
2022-03-08,1.0000864645636312
2022-03-09,0.9997318603183419
2022-03-10,1.0001374832748497
2022-03-11,1.000097097341164
2022-03-12,0.9982997975254381
2022-03-13,0.9998180789633656
2022-03-14,1.001403776834966
2022-03-15,0.9996745385228691
2022-03-16,0.9983274585394073
2022-03-17,1.000737422592711
2022-03-18,1.000449708088905
2022-03-19,1.0001117773110881
2022-03-20,0.9995768311757415
2022-03-21,0.9993197920621565
2022-03-22,0.9991889962824667
2022-03-23,0.9988920598180073
2022-03-24,0.9992236831228998
2022-03-25,0.9992663665530306
2022-03-26,0.9992566058590711
2022-03-27,0.9988892556855304
2022-03-28,0.9986630631407394
2022-03-29,0.9978640331735794
2022-03-30,0.9994220068225662
2022-03-31,0.9987823763975773
2022-04-01,1.003035845075611
2022-04-02,0.9996696949774012
2022-04-03,0.9990661335026733
2022-04-04,1.0004442400445983
2022-04-05,0.9995387654655392
2022-04-06,1.000256720023005
2022-04-07,0.9997407001445338
2022-04-08,0.9991226565625156
2022-04-09,1.0019410056772844
2022-04-10,1.0010450772391932
2022-04-11,1.0000263027267986
2022-04-12,1.0003542307305846
2022-04-13,1.0023692729164861
2022-04-14,1.0015096865954858
2022-04-15,1.0011970160106796
2022-04-16,1.0002635635802857
2022-04-17,1.0007564164938707
2022-04-18,1.0012847252274137
2022-04-19,1.0011206045523169
2022-04-20,0.9995438428397716
2022-04-21,0.9997526442427824
2022-04-22,1.0001656753683754
2022-04-23,1.0002577023888397
2022-04-24,1.0009004330017182
2022-04-25,0.9986335753027005
2022-04-26,0.9998434411411964
2022-04-27,1.0003337167963666
2022-04-28,1.000080013356203
2022-04-29,1.000355933115001
2022-04-30,1.0007153264022721
2022-05-01,1.001137525389296
