date,tether
2017-01-02 00:00:00.000,1.0
2017-01-03 00:00:00.000,1.0
2017-01-04 00:00:00.000,1.0
2017-01-05 00:00:00.000,1.0
2017-01-06 00:00:00.000,1.0
2017-01-07 00:00:00.000,1.0
2017-01-08 00:00:00.000,1.0
2017-01-09 00:00:00.000,1.0
2017-01-10 00:00:00.000,1.0
2017-01-11 00:00:00.000,1.0
2017-01-12 00:00:00.000,1.0
2017-01-13 00:00:00.000,1.0
2017-01-14 00:00:00.000,1.0
2017-01-15 00:00:00.000,1.0
2017-01-16 00:00:00.000,1.0
2017-01-17 00:00:00.000,1.0
2017-01-18 00:00:00.000,1.0
2017-01-19 00:00:00.000,1.0
2017-01-20 00:00:00.000,1.0
2017-01-21 00:00:00.000,1.0
2017-01-22 00:00:00.000,1.0
2017-01-23 00:00:00.000,1.0
2017-01-24 00:00:00.000,1.0
2017-01-25 00:00:00.000,1.0
2017-01-26 00:00:00.000,1.0
2017-01-27 00:00:00.000,1.0
2017-01-28 00:00:00.000,1.0
2017-01-29 00:00:00.000,1.0
2017-01-30 00:00:00.000,1.0
2017-01-31 00:00:00.000,0.999996
2017-02-01 00:00:00.000,0.999999
2017-02-02 00:00:00.000,0.999994
2017-02-03 00:00:00.000,0.999998
2017-02-04 00:00:00.000,0.999999
2017-02-05 00:00:00.000,0.999999
2017-02-06 00:00:00.000,0.999998
2017-02-07 00:00:00.000,0.999999
2017-02-08 00:00:00.000,0.999999
2017-02-09 00:00:00.000,0.999999
2017-02-10 00:00:00.000,0.999999
2017-02-11 00:00:00.000,0.999999
2017-02-12 00:00:00.000,0.999999
2017-02-13 00:00:00.000,1.0
2017-02-14 00:00:00.000,1.0
2017-02-15 00:00:00.000,1.0
2017-02-16 00:00:00.000,1.0
2017-02-17 00:00:00.000,1.0
2017-02-18 00:00:00.000,1.0
2017-02-19 00:00:00.000,0.999906
2017-02-20 00:00:00.000,1.0
2017-02-21 00:00:00.000,1.0
2017-02-22 00:00:00.000,1.0
2017-02-23 00:00:00.000,1.0
2017-02-24 00:00:00.000,0.999998
2017-02-25 00:00:00.000,1.0
2017-02-26 00:00:00.000,1.0
2017-02-27 00:00:00.000,1.0
2017-02-28 00:00:00.000,0.99997
2017-03-01 00:00:00.000,0.999998
2017-03-02 00:00:00.000,1.0
2017-03-03 00:00:00.000,1.0
2017-03-04 00:00:00.000,1.0
2017-03-05 00:00:00.000,1.0
2017-03-06 00:00:00.000,1.0
2017-03-07 00:00:00.000,1.0
2017-03-08 00:00:00.000,1.0
2017-03-09 00:00:00.000,0.999912
2017-03-10 00:00:00.000,0.999986
2017-03-11 00:00:00.000,1.0
2017-03-12 00:00:00.000,1.0
2017-03-13 00:00:00.000,1.0
2017-03-14 00:00:00.000,1.0
2017-03-15 00:00:00.000,1.0
2017-03-16 00:00:00.000,1.0
2017-03-17 00:00:00.000,1.0
2017-03-18 00:00:00.000,1.0
2017-03-19 00:00:00.000,1.0
2017-03-20 00:00:00.000,1.0
2017-03-21 00:00:00.000,1.0
2017-03-22 00:00:00.000,1.0
2017-03-23 00:00:00.000,1.0
2017-03-24 00:00:00.000,0.999898
2017-03-25 00:00:00.000,0.999924
2017-03-26 00:00:00.000,1.0
2017-03-27 00:00:00.000,1.0
2017-03-28 00:00:00.000,1.0
2017-03-29 00:00:00.000,0.999933
2017-03-30 00:00:00.000,0.999995
2017-03-31 00:00:00.000,0.9999639999999997
2017-04-01 00:00:00.000,0.999612
2017-04-02 00:00:00.000,1.0
2017-04-03 00:00:00.000,0.999721
2017-04-04 00:00:00.000,1.0
2017-04-05 00:00:00.000,1.0
2017-04-06 00:00:00.000,0.999943
2017-04-07 00:00:00.000,0.999871
2017-04-08 00:00:00.000,0.999726
2017-04-09 00:00:00.000,0.999682
2017-04-10 00:00:00.000,0.999919
2017-04-11 00:00:00.000,0.999843
2017-04-12 00:00:00.000,0.999585
2017-04-13 00:00:00.000,0.999553
2017-04-14 00:00:00.000,0.998817
2017-04-15 00:00:00.000,0.999939
2017-04-16 00:00:00.000,0.999545
2017-04-17 00:00:00.000,0.999276
2017-04-18 00:00:00.000,0.999622
2017-04-19 00:00:00.000,0.999537
2017-04-20 00:00:00.000,0.998208
2017-04-21 00:00:00.000,0.985009
2017-04-22 00:00:00.000,0.941889
2017-04-23 00:00:00.000,0.921411
2017-04-24 00:00:00.000,0.917946
2017-04-25 00:00:00.000,0.913823
2017-04-26 00:00:00.000,0.92092
2017-04-27 00:00:00.000,0.924363
2017-04-28 00:00:00.000,0.934481
2017-04-29 00:00:00.000,0.937209
2017-04-30 00:00:00.000,0.936805
2017-05-01 00:00:00.000,0.935988
2017-05-02 00:00:00.000,0.932639
2017-05-03 00:00:00.000,0.93336
2017-05-04 00:00:00.000,0.945751
2017-05-05 00:00:00.000,0.955403
2017-05-06 00:00:00.000,0.968581
2017-05-07 00:00:00.000,0.969046
2017-05-08 00:00:00.000,0.967223
2017-05-09 00:00:00.000,0.970467
2017-05-10 00:00:00.000,0.980077
2017-05-11 00:00:00.000,0.981438
2017-05-12 00:00:00.000,0.97345
2017-05-13 00:00:00.000,0.977775
2017-05-14 00:00:00.000,0.981753
2017-05-15 00:00:00.000,0.972028
2017-05-16 00:00:00.000,0.968161
2017-05-17 00:00:00.000,0.966008
2017-05-18 00:00:00.000,0.970781
2017-05-19 00:00:00.000,0.988722
2017-05-20 00:00:00.000,0.991763
2017-05-21 00:00:00.000,1.0
2017-05-22 00:00:00.000,1.0
2017-05-23 00:00:00.000,1.0
2017-05-24 00:00:00.000,1.02
2017-05-25 00:00:00.000,1.06
2017-05-26 00:00:00.000,1.03
2017-05-27 00:00:00.000,1.03
2017-05-28 00:00:00.000,1.04
2017-05-29 00:00:00.000,1.02
2017-05-30 00:00:00.000,1.01
2017-05-31 00:00:00.000,1.03
2017-06-01 00:00:00.000,1.03
2017-06-02 00:00:00.000,1.03
2017-06-03 00:00:00.000,1.02
2017-06-04 00:00:00.000,1.01
2017-06-05 00:00:00.000,1.02
2017-06-06 00:00:00.000,1.0
2017-06-07 00:00:00.000,1.01
2017-06-08 00:00:00.000,1.0
2017-06-09 00:00:00.000,0.999397
2017-06-10 00:00:00.000,1.02
2017-06-11 00:00:00.000,1.01
2017-06-12 00:00:00.000,1.02
2017-06-13 00:00:00.000,1.01
2017-06-14 00:00:00.000,1.03
2017-06-15 00:00:00.000,1.01
2017-06-16 00:00:00.000,1.02
2017-06-17 00:00:00.000,0.989133
2017-06-18 00:00:00.000,1.0
2017-06-19 00:00:00.000,0.992096
2017-06-20 00:00:00.000,0.973935
2017-06-21 00:00:00.000,0.980126
2017-06-22 00:00:00.000,0.973686
2017-06-23 00:00:00.000,1.0
2017-06-24 00:00:00.000,1.01
2017-06-25 00:00:00.000,1.01
2017-06-26 00:00:00.000,0.970667
2017-06-27 00:00:00.000,1.01
2017-06-28 00:00:00.000,1.01
2017-06-29 00:00:00.000,1.02
2017-06-30 00:00:00.000,1.01
2017-07-01 00:00:00.000,1.02
2017-07-02 00:00:00.000,1.01
2017-07-03 00:00:00.000,1.0
2017-07-04 00:00:00.000,0.997371
2017-07-05 00:00:00.000,0.997172
2017-07-06 00:00:00.000,1.0
2017-07-07 00:00:00.000,1.01
2017-07-08 00:00:00.000,1.0
2017-07-09 00:00:00.000,1.01
2017-07-10 00:00:00.000,0.998826
2017-07-11 00:00:00.000,1.01
2017-07-12 00:00:00.000,1.0
2017-07-13 00:00:00.000,1.01
2017-07-14 00:00:00.000,1.0
2017-07-15 00:00:00.000,1.0
2017-07-16 00:00:00.000,1.0
2017-07-17 00:00:00.000,1.0
2017-07-18 00:00:00.000,0.996755
2017-07-19 00:00:00.000,1.0
2017-07-20 00:00:00.000,0.993394
2017-07-21 00:00:00.000,1.0
2017-07-22 00:00:00.000,0.996386
2017-07-23 00:00:00.000,0.993869
2017-07-24 00:00:00.000,0.99342
2017-07-25 00:00:00.000,0.997242
2017-07-26 00:00:00.000,1.0
2017-07-27 00:00:00.000,0.998232
2017-07-28 00:00:00.000,0.999857
2017-07-29 00:00:00.000,0.99824
2017-07-30 00:00:00.000,0.99979
2017-07-31 00:00:00.000,1.0
2017-08-01 00:00:00.000,0.996736
2017-08-02 00:00:00.000,0.999116
2017-08-03 00:00:00.000,0.969803
2017-08-04 00:00:00.000,1.0
2017-08-05 00:00:00.000,1.0
2017-08-06 00:00:00.000,1.0
2017-08-07 00:00:00.000,1.0
2017-08-08 00:00:00.000,1.0
2017-08-09 00:00:00.000,0.998955
2017-08-10 00:00:00.000,0.998606
2017-08-11 00:00:00.000,0.99888
2017-08-12 00:00:00.000,1.0
2017-08-13 00:00:00.000,0.998202
2017-08-14 00:00:00.000,0.999249
2017-08-15 00:00:00.000,1.01
2017-08-16 00:00:00.000,0.998347
2017-08-17 00:00:00.000,1.0
2017-08-18 00:00:00.000,0.990268
2017-08-19 00:00:00.000,1.02
2017-08-20 00:00:00.000,0.996677
2017-08-21 00:00:00.000,1.0
2017-08-22 00:00:00.000,1.01
2017-08-23 00:00:00.000,1.0
2017-08-24 00:00:00.000,1.0
2017-08-25 00:00:00.000,1.0
2017-08-26 00:00:00.000,1.0
2017-08-27 00:00:00.000,1.0
2017-08-28 00:00:00.000,1.0
2017-08-29 00:00:00.000,1.0
2017-08-30 00:00:00.000,1.0
2017-08-31 00:00:00.000,1.0
2017-09-01 00:00:00.000,1.01
2017-09-02 00:00:00.000,1.02
2017-09-03 00:00:00.000,1.0
2017-09-04 00:00:00.000,1.02
2017-09-05 00:00:00.000,1.01
2017-09-06 00:00:00.000,1.0
2017-09-07 00:00:00.000,1.0
2017-09-08 00:00:00.000,1.01
2017-09-09 00:00:00.000,1.0
2017-09-10 00:00:00.000,1.01
2017-09-11 00:00:00.000,1.0
2017-09-12 00:00:00.000,1.0
2017-09-13 00:00:00.000,1.0
2017-09-14 00:00:00.000,0.999769
2017-09-15 00:00:00.000,0.998812
2017-09-16 00:00:00.000,1.00318
2017-09-17 00:00:00.000,1.00477
2017-09-18 00:00:00.000,1.00161
2017-09-19 00:00:00.000,1.00153
2017-09-20 00:00:00.000,0.997989
2017-09-21 00:00:00.000,1.00684
2017-09-22 00:00:00.000,1.0049
2017-09-23 00:00:00.000,1.00084
2017-09-24 00:00:00.000,1.00439
2017-09-25 00:00:00.000,1.00064
2017-09-26 00:00:00.000,1.00195
2017-09-27 00:00:00.000,1.00334
2017-09-28 00:00:00.000,0.999143
2017-09-29 00:00:00.000,1.00278
2017-09-30 00:00:00.000,0.996854
2017-10-01 00:00:00.000,0.998642
2017-10-02 00:00:00.000,1.00091
2017-10-03 00:00:00.000,1.00226
2017-10-04 00:00:00.000,1.00069
2017-10-05 00:00:00.000,1.00009
2017-10-06 00:00:00.000,1.00093
2017-10-07 00:00:00.000,0.998909
2017-10-08 00:00:00.000,0.998339
2017-10-09 00:00:00.000,1.00029
2017-10-10 00:00:00.000,1.00001
2017-10-11 00:00:00.000,0.997899
2017-10-12 00:00:00.000,0.999551
2017-10-13 00:00:00.000,1.00076
2017-10-14 00:00:00.000,1.00294
2017-10-15 00:00:00.000,0.999286
2017-10-16 00:00:00.000,0.998281
2017-10-17 00:00:00.000,1.00284
2017-10-18 00:00:00.000,1.00064
2017-10-19 00:00:00.000,1.00131
2017-10-20 00:00:00.000,1.00225
2017-10-21 00:00:00.000,1.00147
2017-10-22 00:00:00.000,1.00166
2017-10-23 00:00:00.000,0.996017
2017-10-24 00:00:00.000,0.999485
2017-10-25 00:00:00.000,1.00217
2017-10-26 00:00:00.000,0.999321
2017-10-27 00:00:00.000,1.00074
2017-10-28 00:00:00.000,1.00182
2017-10-29 00:00:00.000,0.999987
2017-10-30 00:00:00.000,0.997833
2017-10-31 00:00:00.000,0.998742
2017-11-01 00:00:00.000,0.998106
2017-11-02 00:00:00.000,1.00129
2017-11-03 00:00:00.000,1.00302
2017-11-04 00:00:00.000,1.00473
2017-11-05 00:00:00.000,0.999176
2017-11-06 00:00:00.000,1.00494
2017-11-07 00:00:00.000,1.00255
2017-11-08 00:00:00.000,1.01153
2017-11-09 00:00:00.000,1.00623
2017-11-10 00:00:00.000,1.00231
2017-11-11 00:00:00.000,1.00553
2017-11-12 00:00:00.000,1.00717
2017-11-13 00:00:00.000,1.00998
2017-11-14 00:00:00.000,1.00566
2017-11-15 00:00:00.000,1.00487
2017-11-16 00:00:00.000,0.993232
2017-11-17 00:00:00.000,1.0022
2017-11-18 00:00:00.000,1.0023
2017-11-19 00:00:00.000,1.00064
2017-11-20 00:00:00.000,0.998933
2017-11-21 00:00:00.000,0.997636
2017-11-22 00:00:00.000,0.997972
2017-11-23 00:00:00.000,1.00055
2017-11-24 00:00:00.000,1.00305
2017-11-25 00:00:00.000,1.00546
2017-11-26 00:00:00.000,1.01419
2017-11-27 00:00:00.000,1.00235
2017-11-28 00:00:00.000,1.00057
2017-11-29 00:00:00.000,1.01913
2017-11-30 00:00:00.000,1.0089
2017-12-01 00:00:00.000,1.00844
2017-12-02 00:00:00.000,0.999631
2017-12-03 00:00:00.000,0.993652
2017-12-04 00:00:00.000,1.00177
2017-12-05 00:00:00.000,1.00236
2017-12-06 00:00:00.000,1.0093
2017-12-07 00:00:00.000,1.0312
2017-12-08 00:00:00.000,1.01755
2017-12-09 00:00:00.000,1.01846
2017-12-10 00:00:00.000,1.01666
2017-12-11 00:00:00.000,1.0107
2017-12-12 00:00:00.000,1.07406
2017-12-13 00:00:00.000,1.01946
2017-12-14 00:00:00.000,1.01142
2017-12-15 00:00:00.000,1.01604
2017-12-16 00:00:00.000,1.00749
2017-12-17 00:00:00.000,1.01064
2017-12-18 00:00:00.000,1.0142
2017-12-19 00:00:00.000,1.01531
2017-12-20 00:00:00.000,1.00057
2017-12-21 00:00:00.000,1.00832
2017-12-22 00:00:00.000,1.03535
2017-12-23 00:00:00.000,1.052
2017-12-24 00:00:00.000,1.0292
2017-12-25 00:00:00.000,1.01129
2017-12-26 00:00:00.000,1.00445
2017-12-27 00:00:00.000,1.0037
2017-12-28 00:00:00.000,1.00951
2017-12-29 00:00:00.000,1.00326
2017-12-30 00:00:00.000,1.01842
2017-12-31 00:00:00.000,1.01234
2018-01-01 00:00:00.000,1.00891
2018-01-02 00:00:00.000,1.00392
2018-01-03 00:00:00.000,1.01578
2018-01-04 00:00:00.000,1.00274
2018-01-05 00:00:00.000,0.999695
2018-01-06 00:00:00.000,1.00853
2018-01-07 00:00:00.000,1.00133
2018-01-08 00:00:00.000,1.01232
2018-01-09 00:00:00.000,1.00419
2018-01-10 00:00:00.000,1.0023
2018-01-11 00:00:00.000,1.00616
2018-01-12 00:00:00.000,1.00389
2018-01-13 00:00:00.000,1.00231
2018-01-14 00:00:00.000,1.01702
2018-01-15 00:00:00.000,1.00744
2018-01-16 00:00:00.000,1.03035
2018-01-17 00:00:00.000,1.02089
2018-01-18 00:00:00.000,1.02209
2018-01-19 00:00:00.000,1.00555
2018-01-20 00:00:00.000,1.00356
2018-01-21 00:00:00.000,1.003
2018-01-22 00:00:00.000,0.992747
2018-01-23 00:00:00.000,1.00714
2018-01-24 00:00:00.000,1.00486
2018-01-25 00:00:00.000,0.999067
2018-01-26 00:00:00.000,0.992098
2018-01-27 00:00:00.000,0.995557
2018-01-28 00:00:00.000,0.988924
2018-01-29 00:00:00.000,0.99629
2018-01-30 00:05:03.786,0.994773
2018-01-31 00:00:00.000,0.989954
2018-02-01 00:00:00.000,0.993109
2018-02-02 00:00:00.000,0.978577
2018-02-03 00:00:00.000,0.989437
2018-02-04 00:00:00.000,0.999372
2018-02-05 00:00:00.000,0.995898
2018-02-06 00:00:00.000,1.01066
2018-02-07 00:00:00.000,0.995519
2018-02-08 00:05:03.284,0.999616
2018-02-09 00:00:00.000,1.01792
2018-02-10 00:00:00.000,1.00169
2018-02-11 00:00:00.000,1.00549
2018-02-12 00:00:00.000,1.00667
2018-02-13 00:00:00.000,1.00146
2018-02-14 00:00:00.000,1.00366
2018-02-15 00:00:00.000,0.997587
2018-02-16 00:00:00.000,1.00112
2018-02-17 00:00:00.000,1.00225
2018-02-18 00:00:00.000,1.00623
2018-02-19 00:00:00.000,1.00329
2018-02-20 00:00:00.000,0.999762
2018-02-21 00:00:00.000,1.0006
2018-02-22 00:00:00.000,1.00128
2018-02-23 00:00:00.000,1.00319
2018-02-24 00:00:00.000,0.997796
2018-02-25 00:00:00.000,1.00595
2018-02-26 00:00:00.000,1.00504
2018-02-27 00:00:00.000,1.0012
2018-02-28 00:00:00.000,0.998792
2018-03-01 00:00:00.000,1.00189
2018-03-02 00:00:00.000,1.00063
2018-03-03 00:00:00.000,0.998889
2018-03-04 00:00:00.000,1.00123
2018-03-05 00:00:00.000,0.996547
2018-03-06 00:00:00.000,0.997801
2018-03-07 00:00:00.000,1.00069
2018-03-08 00:00:00.000,1.00298
2018-03-09 00:00:00.000,1.00321
2018-03-10 00:00:00.000,1.00169
2018-03-11 00:00:00.000,1.00251
2018-03-12 00:00:00.000,1.00929
2018-03-13 00:00:00.000,0.999281
2018-03-14 00:00:00.000,0.999219
2018-03-15 00:00:00.000,0.995842
2018-03-16 00:00:00.000,1.0019
2018-03-17 00:00:00.000,1.00029
2018-03-18 00:00:00.000,1.00177
2018-03-19 00:00:00.000,0.996524
2018-03-20 00:00:00.000,0.998764
2018-03-21 00:00:00.000,1.00476
2018-03-22 00:00:00.000,1.00076
2018-03-23 00:00:00.000,0.999939
2018-03-24 00:00:00.000,0.998429
2018-03-25 00:00:00.000,1.00055
2018-03-26 00:00:00.000,1.00064
2018-03-27 00:00:00.000,1.00273
2018-03-28 00:00:00.000,1.00647
2018-03-29 00:00:00.000,1.00172
2018-03-30 00:00:00.000,0.992949
2018-03-31 00:00:00.000,1.00063
2018-04-01 00:00:00.000,1.00069
2018-04-02 00:00:00.000,1.00329
2018-04-03 00:00:00.000,0.999559
2018-04-04 00:00:00.000,1.00064
2018-04-05 00:00:00.000,1.00017
2018-04-06 00:00:00.000,1.0
2018-04-07 00:00:00.000,1.0014
2018-04-08 00:00:00.000,1.00046
2018-04-09 00:00:00.000,0.999615
2018-04-10 00:00:00.000,0.997554
2018-04-11 00:00:00.000,0.998841
2018-04-12 00:00:00.000,0.995092
2018-04-13 00:00:00.000,0.9998283640746356
2018-04-14 00:00:00.000,0.9957125486792883
2018-04-15 00:00:00.000,0.9988122436663942
2018-04-16 00:00:00.000,1.0002910185606735
2018-04-17 00:00:00.000,1.0006716144914527
2018-04-18 00:00:00.000,0.9981573496998144
2018-04-19 00:00:00.000,0.9998616327779247
2018-04-20 00:00:00.000,1.0005132586722247
2018-04-21 00:00:00.000,0.9997819775990956
2018-04-22 00:00:00.000,0.9999889533875758
2018-04-23 00:00:00.000,1.0026592971630954
2018-04-24 00:00:00.000,1.001375744829374
2018-04-25 00:00:00.000,1.0018936953287871
2018-04-26 00:00:00.000,1.0008864360542655
2018-04-27 00:00:00.000,1.0004195946359566
2018-04-28 00:00:00.000,0.9976153396961952
2018-04-29 00:00:00.000,0.9990612770135986
2018-04-30 00:00:00.000,1.0003177691598195
2018-05-01 00:00:00.000,0.9988079548222335
2018-05-02 00:00:00.000,0.9989892195864863
2018-05-03 00:00:00.000,0.999034699055493
2018-05-04 00:00:00.000,1.0239439329625994
2018-05-05 00:00:00.000,0.9973922722019085
2018-05-06 00:00:00.000,0.9922094505325346
2018-05-07 00:00:00.000,0.9924885759626367
2018-05-08 00:00:00.000,0.9985963659994862
2018-05-09 00:00:00.000,0.9989295809834556
2018-05-10 00:00:00.000,1.0008221982543084
2018-05-11 00:00:00.000,0.9994011946621236
2018-05-12 00:00:00.000,1.0027097210763574
2018-05-13 00:00:00.000,1.0060821479819089
2018-05-14 00:00:00.000,1.0008624578925043
2018-05-15 00:00:00.000,1.001272182935934
2018-05-16 00:00:00.000,0.99865001136649
2018-05-17 00:00:00.000,1.002801507202543
2018-05-18 00:00:00.000,1.00145770271821
2018-05-19 00:00:00.000,0.99855597463461
2018-05-20 00:00:00.000,1.0012895812661484
2018-05-21 00:00:00.000,1.0010412980555883
2018-05-22 00:00:00.000,0.9984498873701723
2018-05-23 00:00:00.000,0.9973855831953938
2018-05-24 00:00:00.000,1.0006616552183614
2018-05-25 00:00:00.000,1.0014008480947831
2018-05-26 00:00:00.000,1.0028930642402303
2018-05-27 00:00:00.000,0.9997727691895181
2018-05-28 00:00:00.000,0.9996686748522018
2018-05-29 00:00:00.000,1.0041811332304318
2018-05-30 00:00:00.000,0.9991678311220679
2018-05-31 00:00:00.000,0.9978797942359612
2018-06-01 00:00:00.000,1.000784521551417
2018-06-02 00:00:00.000,1.0020179622993515
2018-06-03 00:00:00.000,0.9998853245001861
2018-06-04 00:00:00.000,1.0013862163024
2018-06-05 00:00:00.000,1.0029627177435758
2018-06-06 00:00:00.000,0.999351960493431
2018-06-07 00:00:00.000,0.9981728944421716
2018-06-08 00:00:00.000,0.999269500127054
2018-06-09 00:00:00.000,1.0015252296816877
2018-06-10 00:00:00.000,1.003475810846109
2018-06-11 00:00:00.000,1.0027009440251886
2018-06-12 00:00:00.000,1.00163162686697
2018-06-13 00:00:00.000,1.0021617481733989
2018-06-14 00:00:00.000,1.0013850423535695
2018-06-15 00:00:00.000,1.0015814519805015
2018-06-16 00:00:00.000,0.9998523117622709
2018-06-17 00:00:00.000,1.0016660597383682
2018-06-18 00:00:00.000,1.0001464213345308
2018-06-19 00:00:00.000,1.0001249436395556
2018-06-20 00:00:00.000,1.0008279860339544
2018-06-21 00:00:00.000,0.9986637338041118
2018-06-22 00:00:00.000,1.000195639151115
2018-06-23 00:00:00.000,1.0040637673172705
2018-06-24 00:00:00.000,1.005239686379734
2018-06-25 00:00:00.000,1.002559811458834
2018-06-26 00:00:00.000,1.0004024678550811
2018-06-27 00:00:00.000,1.0015085546053313
2018-06-28 00:00:00.000,1.0013577191657372
2018-06-29 00:00:00.000,0.9994856527131519
2018-06-30 00:00:00.000,1.0012491898425435
2018-07-01 00:00:00.000,1.0007549872449517
2018-07-02 00:00:00.000,0.998825215275785
2018-07-03 00:00:00.000,1.0000010612585057
2018-07-04 00:00:00.000,1.0005313991109133
2018-07-05 00:00:00.000,1.0046611535347438
2018-07-06 00:00:00.000,1.0032858911572344
2018-07-07 00:00:00.000,1.0089796359709797
2018-07-08 00:00:00.000,1.012253466503212
2018-07-09 00:00:00.000,1.0040334797148331
2018-07-10 00:00:00.000,1.0056835106568607
2018-07-11 00:00:00.000,1.008804106977082
2018-07-12 00:00:00.000,1.0906624398505471
2018-07-13 00:00:00.000,1.010523218760076
2018-07-14 00:00:00.000,1.0621433559649804
2018-07-15 00:00:00.000,1.1350801183140795
2018-07-16 00:00:00.000,1.134961877555378
2018-07-17 00:00:00.000,1.1829578820955602
2018-07-18 00:00:00.000,1.1398135580296116
2018-07-19 00:00:00.000,1.0690635179225323
2018-07-20 00:00:00.000,1.1288588131084691
2018-07-21 00:00:00.000,1.0929492757502148
2018-07-22 00:00:00.000,1.2201708651375087
2018-07-23 00:00:00.000,1.2573620835712582
2018-07-24 00:00:00.000,1.3230953058056187
2018-07-25 00:00:00.000,0.9966418815303782
2018-07-26 00:00:00.000,0.996311690040155
2018-07-27 00:00:00.000,0.9987306856355109
2018-07-28 00:00:00.000,0.9990033229218875
2018-07-29 00:00:00.000,0.9989935615314354
2018-07-30 00:00:00.000,0.9969980745654694
2018-07-31 00:00:00.000,0.9971535947443793
2018-08-01 00:00:00.000,0.9965115719750641
2018-08-02 00:00:00.000,1.0000444530146089
2018-08-03 00:00:00.000,0.9978966664958394
2018-08-04 00:00:00.000,0.9990702694279773
2018-08-05 00:00:00.000,0.9961335112915537
2018-08-06 00:00:00.000,0.950716486127369
2018-08-07 00:00:00.000,1.078959814899178
2018-08-08 00:00:00.000,0.9813234556501352
2018-08-09 00:00:00.000,1.1122108742547594
2018-08-10 00:00:00.000,0.997927803283411
2018-08-11 00:00:00.000,0.9827472889881015
2018-08-12 00:00:00.000,0.9875182096336307
2018-08-13 00:00:00.000,0.974256934756408
2018-08-14 00:00:00.000,0.9890205954407734
2018-08-15 00:00:00.000,1.0037869871018303
2018-08-16 00:00:00.000,1.0000759377722463
2018-08-17 00:00:00.000,0.9868326443137994
2018-08-18 00:00:00.000,0.9985890863876131
2018-08-19 00:00:00.000,1.0000519578297318
2018-08-20 00:00:00.000,1.0003604972572533
2018-08-21 00:00:00.000,1.0017850614180555
2018-08-22 00:00:00.000,1.0022845116819183
2018-08-23 00:00:00.000,0.9999428969328549
2018-08-24 00:00:00.000,1.0032344521602297
2018-08-25 00:00:00.000,1.0020586700462926
2018-08-26 00:00:00.000,1.000952790056546
2018-08-27 00:00:00.000,0.9981899575637198
2018-08-28 00:00:00.000,1.0049770910822666
2018-08-29 00:00:00.000,1.0044181368049123
2018-08-30 00:00:00.000,1.003258736993496
2018-08-31 00:00:00.000,0.9997843215537942
2018-09-01 00:00:00.000,1.0010978883619572
2018-09-02 00:00:00.000,1.0008254355256239
2018-09-03 00:00:00.000,1.0001495128293068
2018-09-04 00:00:00.000,0.997555937657755
2018-09-05 00:00:00.000,0.9989595226518219
2018-09-06 00:00:00.000,0.9927298764326596
2018-09-07 00:00:00.000,0.9997195628851601
2018-09-08 00:00:00.000,0.999818359721254
2018-09-09 00:00:00.000,0.9994603063159336
2018-09-10 00:00:00.000,1.0019226771600194
2018-09-11 00:00:00.000,0.9987512506699777
2018-09-12 00:00:00.000,0.9996731784805308
2018-09-13 00:00:00.000,0.9994016798600666
2018-09-14 00:00:00.000,0.9993476701112308
2018-09-15 00:00:00.000,0.9999709089213654
2018-09-16 00:00:00.000,1.0004076184679729
2018-09-17 00:00:00.000,1.0013383499467152
2018-09-18 00:00:00.000,1.000104078076608
2018-09-19 00:00:00.000,0.9992801326335784
2018-09-20 00:00:00.000,1.0005638252522986
2018-09-21 00:00:00.000,1.001529270525077
2018-09-22 00:00:00.000,1.0002023630106276
2018-09-23 00:00:00.000,1.004153389524118
2018-09-24 00:00:00.000,0.99918605119278
2018-09-25 00:00:00.000,1.0005418764812126
2018-09-26 00:00:00.000,0.9991856196200445
2018-09-27 00:00:00.000,1.0003591967531758
2018-09-28 00:00:00.000,1.001127280540107
2018-09-29 00:00:00.000,0.9996367904196621
2018-09-30 00:00:00.000,1.0002592877631717
2018-10-01 00:00:00.000,0.999919351368124
2018-10-02 00:00:00.000,0.9990141419784629
2018-10-03 00:00:00.000,0.9977535177160171
2018-10-04 00:00:00.000,0.999413926460301
2018-10-05 00:00:00.000,1.0000079556124415
2018-10-06 00:00:00.000,0.9987360437399019
2018-10-07 00:00:00.000,1.00026618899695
2018-10-08 00:00:00.000,0.999782372822201
2018-10-09 00:00:00.000,0.9993450316055099
2018-10-10 00:00:00.000,0.9974842371813535
2018-10-11 00:00:00.000,0.9952815649550001
2018-10-12 00:00:00.000,0.9986056931211403
2018-10-13 00:00:00.000,0.9981127279170966
2018-10-14 00:00:00.000,0.9977302873761474
2018-10-15 00:00:00.000,0.9960227568625548
2018-10-16 00:00:00.000,0.9855572887575765
2018-10-17 00:00:00.000,0.9825140189038144
2018-10-18 00:00:00.000,0.9886988229992333
2018-10-19 00:00:00.000,0.9876486143829238
2018-10-20 00:00:00.000,0.9946650189622654
2018-10-21 00:00:00.000,0.9933413425039292
2018-10-22 00:00:00.000,0.9929724619922891
2018-10-23 00:00:00.000,0.9940662171492829
2018-10-24 00:00:00.000,0.9904537116835976
2018-10-25 00:00:00.000,0.9916839064637224
2018-10-26 00:00:00.000,0.9913896864534957
2018-10-27 00:00:00.000,0.9923976751255891
2018-10-28 00:00:00.000,0.9940387922558266
2018-10-29 00:00:00.000,0.9966332386186988
2018-10-30 00:00:00.000,0.9942102884098045
2018-10-31 00:00:00.000,0.9983033404929608
2018-11-01 00:00:00.000,0.9986411344123485
2018-11-02 00:00:00.000,0.9973784233296817
2018-11-03 00:00:00.000,0.9985222308043559
2018-11-04 00:00:00.000,1.0004564332278225
2018-11-05 00:00:00.000,0.9755415539151696
2018-11-06 00:00:00.000,0.9941087954921589
2018-11-07 00:00:00.000,0.9953052425146126
2018-11-08 00:00:00.000,0.9987054009559994
2018-11-09 00:00:00.000,0.9991803651363199
2018-11-10 00:00:00.000,0.9982782751036792
2018-11-11 00:00:00.000,0.9989415893793822
2018-11-12 00:00:00.000,0.9961601294989798
2018-11-13 00:00:00.000,0.9925010408683572
2018-11-14 00:00:00.000,0.9899009839748886
2018-11-15 00:00:00.000,0.9823725338843172
2018-11-16 00:00:00.000,0.9889500122711499
2018-11-17 00:00:00.000,0.9923255210400579
2018-11-18 00:00:00.000,0.9925266468446806
2018-11-19 00:00:00.000,0.9951651481515498
2018-11-20 00:00:00.000,0.9872666872509002
2018-11-21 00:00:00.000,0.9820576548052511
2018-11-22 00:00:00.000,0.9910842589300816
2018-11-23 00:00:00.000,0.9868747257354215
2018-11-24 00:00:00.000,0.9930923947351827
2018-11-25 00:00:00.000,0.9846772135647424
2018-11-26 00:00:00.000,0.9912474842534665
2018-11-27 00:00:00.000,0.9893435955531202
2018-11-28 00:00:00.000,0.9894601770068708
2018-11-29 00:00:00.000,0.9955385309092022
2018-11-30 00:00:00.000,0.9984371600024413
2018-12-01 00:00:00.000,0.9950252056793661
2018-12-02 00:00:00.000,0.996166626558933
2018-12-03 00:00:00.000,0.9932341163674759
2018-12-04 00:00:00.000,0.9976507911848163
2018-12-05 00:00:00.000,0.9974933638290748
2018-12-06 00:00:00.000,0.9902045278124291
2018-12-07 00:00:00.000,0.9844646703011098
2018-12-08 00:00:00.000,1.0019356597530926
2018-12-09 00:00:00.000,1.0007826501027166
2018-12-10 00:00:00.000,0.989259841912873
2018-12-11 00:00:00.000,0.9987868552896165
2018-12-12 00:00:00.000,0.9992855809278396
2018-12-13 00:00:00.000,0.9986230605982671
2018-12-14 00:00:00.000,0.9963063738377455
2018-12-15 00:00:00.000,1.0036512912451798
2018-12-16 00:00:00.000,0.9994197021120577
2018-12-17 00:00:00.000,0.9923984413638801
2018-12-18 00:00:00.000,1.0101415781175163
2018-12-19 00:00:00.000,1.0154860297974548
2018-12-20 00:00:00.000,1.0044968438283606
2018-12-21 00:00:00.000,1.0039941351560508
2018-12-22 00:00:00.000,0.9988463391502804
2018-12-23 00:00:00.000,1.015650975162036
2018-12-24 00:00:00.000,1.005090789329081
2018-12-25 00:00:00.000,1.0058205978532593
2018-12-26 00:00:00.000,1.0031600957415159
2018-12-27 00:00:00.000,1.0041888295916412
2018-12-28 00:00:00.000,0.9960712758722144
2018-12-29 00:00:00.000,1.0035451583660302
2018-12-30 00:00:00.000,0.9940035724621251
2018-12-31 00:00:00.000,1.0060620406920209
2019-01-01 00:00:00.000,1.0040016343064047
2019-01-02 00:00:00.000,1.0119672657709906
2019-01-03 00:00:00.000,1.0116461965408867
2019-01-04 00:00:00.000,1.002461265210205
2019-01-05 00:00:00.000,1.009417303329481
2019-01-06 00:00:00.000,1.0058472121476125
2019-01-07 00:00:00.000,1.0095590706439819
2019-01-08 00:00:00.000,1.0069747822706496
2019-01-09 00:00:00.000,1.0049824348012364
2019-01-10 00:00:00.000,1.0046333238821308
2019-01-11 00:00:00.000,1.0057572909707329
2019-01-12 00:00:00.000,1.0108894744056036
2019-01-13 00:00:00.000,1.0037990620971131
2019-01-14 00:00:00.000,1.0053734859966197
2019-01-15 00:00:00.000,1.005038717582747
2019-01-16 00:00:00.000,1.0037137784820185
2019-01-17 00:00:00.000,1.002324092902305
2019-01-18 00:00:00.000,1.0022312377540448
2019-01-19 00:00:00.000,1.0015629544065
2019-01-20 00:00:00.000,1.0027413550139381
2019-01-21 00:00:00.000,1.00107346688044
2019-01-22 00:00:00.000,1.0017200619285942
2019-01-23 00:00:00.000,1.0012431247157894
2019-01-24 00:00:00.000,1.000607327422195
2019-01-25 00:00:00.000,0.9998490531139029
2019-01-26 00:00:00.000,0.9999131676622395
2019-01-27 00:00:00.000,0.9996010400023007
2019-01-28 00:00:00.000,1.0018475261478366
2019-01-29 00:00:00.000,0.9997779096563683
2019-01-30 00:00:00.000,0.9998652924408566
2019-01-31 00:00:00.000,0.9993943084924773
2019-02-01 00:00:00.000,0.9998446105845996
2019-02-02 00:00:00.000,0.9986994004354792
2019-02-03 00:00:00.000,0.9984552798175237
2019-02-04 00:00:00.000,0.9996824085784509
2019-02-05 00:00:00.000,0.9995393402749082
2019-02-06 00:00:00.000,1.0003059417629552
2019-02-07 00:00:00.000,0.9997041743489623
2019-02-08 00:00:00.000,0.999281449952631
2019-02-09 00:00:00.000,1.002841618379066
2019-02-10 00:00:00.000,1.0009830380045053
2019-02-11 00:00:00.000,1.0033103633961957
2019-02-12 00:00:00.000,0.9999820899194732
2019-02-13 00:00:00.000,1.0004222361574286
2019-02-14 00:00:00.000,1.000611488046438
2019-02-15 00:00:00.000,1.000132803438673
2019-02-16 00:00:00.000,0.9996677562954228
2019-02-17 00:00:00.000,1.0000608966663171
2019-02-18 00:00:00.000,0.9982918364733803
2019-02-19 00:00:00.000,0.998388592890338
2019-02-20 00:00:00.000,0.9997565742159785
2019-02-21 00:00:00.000,1.0006964341895654
2019-02-22 00:00:00.000,1.0003054375299134
2019-02-23 00:00:00.000,1.0018130693041727
2019-02-24 00:00:00.000,1.0001009459570815
2019-02-25 00:00:00.000,0.998572082220678
2019-02-26 00:00:00.000,0.9976615161956819
2019-02-27 00:00:00.000,0.9997610834736934
2019-02-28 00:00:00.000,1.0001127177482185
2019-03-01 00:00:00.000,0.9999860147809871
2019-03-02 00:00:00.000,0.9972823262946908
2019-03-03 00:00:00.000,0.9990403193625645
2019-03-04 00:00:00.000,1.000274767591376
2019-03-05 00:00:00.000,0.99995706184975
2019-03-06 00:00:00.000,1.0009244690504664
2019-03-07 00:00:00.000,1.0002692652444765
2019-03-08 00:00:00.000,0.9996801577623934
2019-03-09 00:00:00.000,0.9999394976840124
2019-03-10 00:00:00.000,1.001128498439671
2019-03-11 00:00:00.000,1.0007566999690283
2019-03-12 00:00:00.000,0.9982137204152822
2019-03-13 00:00:00.000,1.000427870045254
2019-03-14 00:00:00.000,0.9987917450150228
2019-03-15 00:00:00.000,1.000369762447974
2019-03-16 00:00:00.000,1.000589297173765
2019-03-17 00:00:00.000,1.0004377548062022
2019-03-18 00:00:00.000,0.9990752188369121
2019-03-19 00:00:00.000,1.0005899852661844
2019-03-20 00:00:00.000,0.9998836369376255
2019-03-21 00:00:00.000,1.000373926499829
2019-03-22 00:00:00.000,0.9996892974922391
2019-03-23 00:00:00.000,0.9992689068609455
2019-03-24 00:00:00.000,1.0004497730856312
2019-03-25 00:00:00.000,0.9997502515350482
2019-03-26 00:00:00.000,0.9967477611457215
2019-03-27 00:00:00.000,1.001001827672302
2019-03-28 00:00:00.000,0.9984412821628397
2019-03-29 00:00:00.000,1.0003007852184858
2019-03-30 00:00:00.000,1.0001883316740043
2019-03-31 00:00:00.000,0.9999467014390431
2019-04-01 00:00:00.000,0.9993801260907591
2019-04-02 00:00:00.000,1.000014615715555
2019-04-03 00:00:00.000,1.00316481377774
2019-04-04 00:00:00.000,1.003109968437755
2019-04-05 00:00:00.000,1.0011671159185966
2019-04-06 00:00:00.000,1.0025414982718055
2019-04-07 00:00:00.000,0.9970046845983727
2019-04-08 00:00:00.000,1.0033056807045502
2019-04-09 00:00:00.000,1.003953076887487
2019-04-10 00:00:00.000,1.0033883223150384
2019-04-11 00:00:00.000,1.0011428213193643
2019-04-12 00:00:00.000,1.0022532735289993
2019-04-13 00:00:00.000,1.004125213974387
2019-04-14 00:00:00.000,1.0037497786435055
2019-04-15 00:00:00.000,1.005068794956038
2019-04-16 00:00:00.000,1.000939027441979
2019-04-17 00:00:00.000,1.0041212294923496
2019-04-18 00:00:00.000,1.0032933440348484
2019-04-19 00:00:00.000,1.0029528786570192
2019-04-20 00:00:00.000,1.0028154185674294
2019-04-21 00:00:00.000,1.0032668378017973
2019-04-22 00:00:00.000,1.00830831365054
2019-04-23 00:00:00.000,1.0035225113161526
2019-04-24 00:00:00.000,1.0058165551487162
2019-04-25 00:00:00.000,1.006908134866511
2019-04-26 00:00:00.000,0.9956887758490425
2019-04-27 00:00:00.000,0.9987197797689236
2019-04-28 00:00:00.000,0.9937262278636977
2019-04-29 00:00:00.000,0.9909158442614951
2019-04-30 00:00:00.000,0.9932583343335062
2019-05-01 00:00:00.000,0.9948356663049688
2019-05-02 00:00:00.000,0.9954512992746279
2019-05-03 00:00:00.000,0.9918056332839531
2019-05-04 00:00:00.000,0.9921240426466524
2019-05-05 00:00:00.000,0.9960106415329033
2019-05-06 00:00:00.000,0.9947328530370163
2019-05-07 00:00:00.000,0.9942894373082088
2019-05-08 00:00:00.000,0.9930573610820042
2019-05-09 00:00:00.000,0.9967977598103162
2019-05-10 00:00:00.000,0.9983029391233107
2019-05-11 00:00:00.000,0.999369858292033
2019-05-12 00:00:00.000,1.0023940937657407
2019-05-13 00:00:00.000,0.9989871265109902
2019-05-14 00:00:00.000,0.9981838216355853
2019-05-15 00:00:00.000,0.9985478414552769
2019-05-16 00:00:00.000,1.0010945817283075
2019-05-17 00:00:00.000,1.0008383726629908
2019-05-18 00:00:00.000,1.0018627392275758
2019-05-19 00:00:00.000,1.0035877896127547
2019-05-20 00:00:00.000,1.0021733576490424
2019-05-21 00:00:00.000,1.0042886641339481
2019-05-22 00:00:00.000,1.0024210444816752
2019-05-23 00:00:00.000,1.0005703244866002
2019-05-24 00:00:00.000,1.0014829844786781
2019-05-25 00:00:00.000,1.0018554383306926
2019-05-26 00:00:00.000,1.0012348841423606
2019-05-27 00:00:00.000,1.007065365621152
2019-05-28 00:00:00.000,1.0021967278436454
2019-05-30 00:00:00.000,1.001698950541208
2019-05-31 00:00:00.000,1.0017996758629137
2019-06-01 00:00:00.000,1.0015820431331357
2019-06-02 00:00:00.000,1.0020642393647328
2019-06-03 00:00:00.000,1.0008760080575723
2019-06-04 00:00:00.000,0.9996607419721952
2019-06-05 00:00:00.000,1.0004264993875247
2019-06-06 00:00:00.000,1.004187302902115
2019-06-07 00:00:00.000,1.0048339481033963
2019-06-08 00:00:00.000,1.0035157430171249
2019-06-09 00:00:00.000,1.0052584286388915
2019-06-10 00:00:00.000,1.0030709254216224
2019-06-11 00:00:00.000,1.0057714388687835
2019-06-12 00:00:00.000,1.0014007149552329
2019-06-13 00:00:00.000,1.003690157140306
2019-06-14 00:00:00.000,1.002651733777907
2019-06-15 00:00:00.000,1.000464837979131
2019-06-16 00:00:00.000,1.0027495052244726
2019-06-17 00:00:00.000,0.9997226604448464
2019-06-18 00:00:00.000,1.0022530017986808
2019-06-19 00:00:00.000,1.0039417152241432
2019-06-20 00:00:00.000,1.0032604604341104
2019-06-21 00:00:00.000,1.0027783855562322
2019-06-22 00:00:00.000,1.0038414731680283
2019-06-23 00:00:00.000,0.9985151739486791
2019-06-24 00:00:00.000,0.9979200685397536
2019-06-25 00:00:00.000,1.0013962873147635
2019-06-26 00:00:00.000,1.0015622108840507
2019-06-27 00:00:00.000,0.9954750446328436
2019-06-28 00:00:00.000,0.9972794686054653
2019-06-29 00:00:00.000,0.9982571235032763
2019-06-30 00:00:00.000,0.9998904578798079
2019-07-01 00:00:00.000,0.9985223360393336
2019-07-02 00:00:00.000,1.0009797019207418
2019-07-03 00:00:00.000,1.0025738729223928
2019-07-04 00:00:00.000,1.0039097082379143
2019-07-05 00:00:00.000,1.0045607909882586
2019-07-06 00:00:00.000,1.001615042150494
2019-07-07 00:00:00.000,1.0042311309142156
2019-07-08 00:00:00.000,1.004528554791548
2019-07-09 00:00:00.000,1.0031117022196738
2019-07-10 00:00:00.000,1.001933505842751
2019-07-11 00:00:00.000,1.003311667948729
2019-07-12 00:00:00.000,1.0038468242204404
2019-07-13 00:00:00.000,1.0053042633446714
2019-07-14 00:00:00.000,1.004838278063105
2019-07-15 00:00:00.000,1.0026733396118555
2019-07-16 00:00:00.000,1.0026210620814744
2019-07-17 00:00:00.000,1.0034744891754914
2019-07-18 00:00:00.000,1.001095465707545
2019-07-19 00:00:00.000,1.0010793356239946
2019-07-20 00:00:00.000,1.0031346363018643
2019-07-21 00:00:00.000,1.0057433541254515
2019-07-22 00:00:00.000,1.0007647387441503
2019-07-23 00:00:00.000,1.0002986564968277
2019-07-24 00:00:00.000,1.0016984686999653
2019-07-25 00:00:00.000,0.9986840382163297
2019-07-26 00:00:00.000,0.9987161199043384
2019-07-27 00:00:00.000,1.0019560845406317
2019-07-28 00:00:00.000,1.0004424445953775
2019-07-29 00:00:00.000,1.0000911642446204
2019-07-30 00:00:00.000,0.9988206593127503
2019-07-31 00:00:00.000,0.9996625262131258
2019-08-01 00:00:00.000,1.0032286226502092
2019-08-02 00:00:00.000,0.9984099048821743
2019-08-03 00:00:00.000,1.0014741701108874
2019-08-04 00:00:00.000,0.9993329271841525
2019-08-05 00:00:00.000,1.000237464332357
2019-08-06 00:00:00.000,0.998758440058123
2019-08-07 00:00:00.000,1.0018426900407604
2019-08-08 00:00:00.000,1.0024029934821428
2019-08-09 00:00:00.000,1.0042514082113034
2019-08-10 00:00:00.000,0.9980546742989979
2019-08-11 00:00:00.000,0.9988367802585381
2019-08-12 00:00:00.000,0.9999156295198939
2019-08-13 00:00:00.000,0.9983334691863212
2019-08-14 00:00:00.000,0.9991794555095561
2019-08-15 00:00:00.000,0.9988102102704458
2019-08-16 00:00:00.000,1.002600599083709
2019-08-17 00:00:00.000,1.0002409892723467
2019-08-18 00:00:00.000,1.0009765264260475
2019-08-19 00:00:00.000,0.9993985659844341
2019-08-20 00:00:00.000,1.002033458309176
2019-08-21 00:00:00.000,0.9982869529178503
2019-08-22 00:00:00.000,1.0020396191519922
2019-08-23 00:00:00.000,1.0021971743846174
2019-08-24 00:00:00.000,0.9998441964125971
2019-08-25 00:00:00.000,0.9989876223951899
2019-08-26 00:00:00.000,1.0002342343152602
2019-08-27 00:00:00.000,0.9978417011067994
2019-08-28 00:00:00.000,0.9992215926113353
2019-08-29 00:00:00.000,1.0005723961738644
2019-08-30 00:00:00.000,0.9995395592938376
2019-08-31 00:00:00.000,1.0016474611740815
2019-09-01 00:00:00.000,1.0015450152457963
2019-09-02 00:00:00.000,1.0001351631964956
2019-09-03 00:00:00.000,0.9997021647838779
2019-09-04 00:00:00.000,0.998835555974967
2019-09-05 00:00:00.000,1.0010655977400178
2019-09-06 00:00:00.000,1.0002142082199377
2019-09-07 00:00:00.000,1.000816069506895
2019-09-08 00:00:00.000,1.000122302132644
2019-09-09 00:00:00.000,1.0016003515353906
2019-09-10 00:00:00.000,0.9998662287946876
2019-09-11 00:00:00.000,1.001118878407262
2019-09-12 00:00:00.000,1.0009504644465241
2019-09-13 00:00:00.000,1.0012959622094353
2019-09-14 00:00:00.000,1.0013400017228353
2019-09-15 00:00:00.000,1.0013308343761302
2019-09-16 00:00:00.000,1.0003674620856289
2019-09-17 00:00:00.000,0.999479668461494
2019-09-18 00:00:00.000,1.000712225223592
2019-09-19 00:00:00.000,0.9988001042444429
2019-09-20 00:00:00.000,1.0019596165033744
2019-09-21 00:00:00.000,1.0005951721642514
2019-09-22 00:00:00.000,0.9994410048787222
2019-09-23 00:00:00.000,0.999663162836805
2019-09-24 00:00:00.000,0.9987353023794909
2019-09-25 00:00:00.000,1.0006302792799444
2019-09-26 00:00:00.000,1.0009089236080848
2019-09-27 00:00:00.000,1.001535607837503
2019-09-28 00:00:00.000,1.0017517316298283
2019-09-29 00:00:00.000,1.0026234999990458
2019-09-30 00:00:00.000,1.0003171684486885
2019-10-01 00:00:00.000,1.0017841474509104
2019-10-02 00:00:00.000,1.00306143414901
2019-10-03 00:00:00.000,1.0027969392356075
2019-10-04 00:00:00.000,1.0014521440470823
2019-10-05 00:00:00.000,1.0007110791507914
2019-10-06 00:00:00.000,1.002251231789988
2019-10-07 00:00:00.000,1.00110837106308
2019-10-08 00:00:00.000,1.0003315020945058
2019-10-09 00:00:00.000,0.9991164651572318
2019-10-10 00:00:00.000,1.0011188634356247
2019-10-11 00:00:00.000,1.001060820861652
2019-10-12 00:00:00.000,0.9975605912591673
2019-10-13 00:00:00.000,1.0000620378573817
2019-10-14 00:00:00.000,1.0013390844967853
2019-10-15 00:00:00.000,1.0003875909379374
2019-10-16 00:00:00.000,1.000355860121737
2019-10-17 00:00:00.000,1.0004139085519368
2019-10-18 00:00:00.000,1.0010437709644509
2019-10-19 00:00:00.000,1.0002901147603387
2019-10-20 00:00:00.000,1.000810608249557
2019-10-21 00:00:00.000,1.0012063680521055
2019-10-22 00:00:00.000,1.0020296944114624
2019-10-23 00:00:00.000,1.001322279501081
2019-10-24 00:00:00.000,1.0018123808058974
2019-10-25 00:00:00.000,1.0011494741582083
2019-10-26 00:00:00.000,1.0014843572832697
2019-10-27 00:00:00.000,0.9987395763761133
2019-10-28 00:00:00.000,0.9980147258164233
2019-10-29 00:00:00.000,0.9991421125876377
2019-10-30 00:00:00.000,1.0000544185692
2019-10-31 00:00:00.000,1.0003854722476593
2019-11-01 00:00:00.000,0.999806238083455
2019-11-02 00:00:00.000,1.000921749367413
2019-11-03 00:00:00.000,1.0019485458672002
2019-11-04 00:00:00.000,1.0005672922455155
2019-11-05 00:00:00.000,1.001498194672765
2019-11-06 00:00:00.000,0.9993773387056414
2019-11-07 00:00:00.000,0.9999982450839296
2019-11-08 00:00:00.000,1.000275803384353
2019-11-09 00:00:00.000,0.9981865671729416
2019-11-10 00:00:00.000,0.9997544629276116
2019-11-11 00:00:00.000,1.0000709158468637
2019-11-12 00:00:00.000,0.9994984745910022
2019-11-13 00:00:00.000,1.0012810737573243
2019-11-14 00:00:00.000,0.9989319141084559
2019-11-15 00:00:00.000,0.999099658675007
2019-11-16 00:00:00.000,0.9999509421278822
2019-11-17 00:00:00.000,1.001164927064474
2019-11-18 00:00:00.000,1.0011515104296584
2019-11-19 00:00:00.000,1.0000528182740527
2019-11-20 00:00:00.000,1.000323876977184
2019-11-21 00:00:00.000,1.0002618157872443
2019-11-22 00:00:00.000,1.0009951736422351
2019-11-23 00:00:00.000,1.0009667210599626
2019-11-24 00:00:00.000,1.0003246856341939
2019-11-25 00:00:00.000,0.9999428429931079
2019-11-26 00:00:00.000,1.000705800501835
2019-11-27 00:00:00.000,0.9999485286789072
2019-11-28 00:00:00.000,0.998244420703041
2019-11-29 00:00:00.000,1.000653520461512
2019-11-30 00:00:00.000,0.9996345257672052
2019-12-01 00:00:00.000,1.0002821232089047
2019-12-02 00:00:00.000,1.0002093004473342
2019-12-03 00:00:00.000,1.0002549158963723
2019-12-04 00:00:00.000,0.9987696152104909
2019-12-05 00:00:00.000,0.9999583373382891
2019-12-06 00:00:00.000,1.000548821623725
2019-12-07 00:00:00.000,1.0011621627785015
2019-12-08 00:00:00.000,0.999323786283202
2019-12-09 00:00:00.000,0.9985465733206083
2019-12-10 00:00:00.000,0.9999542909648027
2019-12-11 00:00:00.000,0.9993802096715083
2019-12-12 00:00:00.000,0.998870288536774
2019-12-13 00:00:00.000,0.9991840897381956
2019-12-14 00:00:00.000,0.999309852042943
2019-12-15 00:00:00.000,0.9997280681120564
2019-12-16 00:00:00.000,0.9992235603974639
2019-12-17 00:00:00.000,0.9998949640846924
2019-12-18 00:00:00.000,1.0000871620707397
2019-12-19 00:00:00.000,1.0008635737278766
2019-12-20 00:00:00.000,1.0006703909825112
2019-12-21 00:00:00.000,1.0006343724909081
2019-12-22 00:00:00.000,1.000753321139137
2019-12-23 00:00:00.000,1.001864838358478
2019-12-24 00:00:00.000,0.9993223782086177
2019-12-25 00:00:00.000,1.0010404501378578
2019-12-26 00:00:00.000,1.0003440234309837
2019-12-27 00:00:00.000,1.0000682485614623
2019-12-28 00:00:00.000,0.9998594872256523
2019-12-29 00:00:00.000,0.9992942928665974
2019-12-30 00:00:00.000,0.9997349272307969
2019-12-31 00:00:00.000,0.9982717445626855
2020-01-01 00:00:00.000,0.9993664485610303
2020-01-02 00:00:00.000,0.999507821326192
2020-01-03 00:00:00.000,0.9999832025083374
2020-01-04 00:00:00.000,0.9986614009361051
2020-01-05 00:00:00.000,0.9995946940849466
2020-01-06 00:00:00.000,0.999073171867019
2020-01-07 00:00:00.000,0.9981827866429676
2020-01-08 00:00:00.000,0.9976813366918341
2020-01-09 00:00:00.000,0.9965366815334304
2020-01-10 00:00:00.000,0.9994794280889749
2020-01-11 00:00:00.000,0.9998655227680792
2020-01-12 00:00:00.000,0.9975253744406919
2020-01-13 00:00:00.000,1.0001681317462912
2020-01-14 00:00:00.000,0.9985525252321114
2020-01-15 00:00:00.000,0.998848852452953
2020-01-16 00:00:00.000,0.9994019362047668
2020-01-17 00:00:00.000,0.9983197260240368
2020-01-18 00:00:00.000,0.9957874583785621
2020-01-19 00:00:00.000,0.9975529859941238
2020-01-20 00:00:00.000,0.9969513273091031
2020-01-21 00:00:00.000,0.9983030322625659
2020-01-22 00:00:00.000,0.9977116739524657
2020-01-23 00:00:00.000,0.9985937010499811
2020-01-24 00:00:00.000,1.0009899104251683
2020-01-25 00:00:00.000,0.999097347850901
2020-01-26 00:00:00.000,0.9987495991050291
2020-01-27 00:00:00.000,0.999417653103968
2020-01-28 00:00:00.000,0.997320267772765
2020-01-29 00:00:00.000,0.9985797216223461
2020-01-30 00:00:00.000,0.9959188112476212
2020-01-31 00:00:00.000,1.0001071498625378
2020-02-01 00:00:00.000,0.9949723248382352
2020-02-02 00:00:00.000,0.99775698373137
2020-02-03 00:00:00.000,0.9986719441099856
2020-02-04 00:00:00.000,1.0008709430211222
2020-02-05 00:00:00.000,0.9979213391953322
2020-02-06 00:00:00.000,0.998020152360994
2020-02-07 00:00:00.000,0.9979372623597819
2020-02-08 00:00:00.000,0.999092660305078
2020-02-09 00:00:00.000,0.9987240275912661
2020-02-10 00:00:00.000,1.003790142697372
2020-02-11 00:00:00.000,1.0011750673352364
2020-02-12 00:00:00.000,0.9998825812129699
2020-02-13 00:00:00.000,0.9996700920986528
2020-02-14 00:00:00.000,0.9990667830388394
2020-02-15 00:00:00.000,0.9987513662366138
2020-02-16 00:00:00.000,0.9998509906435199
2020-02-17 00:00:00.000,0.9987392526586419
2020-02-18 00:00:00.000,1.0031524407098347
2020-02-19 00:00:00.000,0.9989162904927481
2020-02-20 00:00:00.000,0.9985763786839383
2020-02-21 00:00:00.000,1.0000231734164284
2020-02-22 00:00:00.000,0.9983779799065131
2020-02-23 00:00:00.000,0.999835090849951
2020-02-24 00:00:00.000,1.0005920868619536
2020-02-25 00:00:00.000,1.0019620616008489
2020-02-26 00:00:00.000,0.9981775849382266
2020-02-27 00:00:00.000,0.9992370750491137
2020-02-28 00:00:00.000,0.9997179462518065
2020-02-29 00:00:00.000,1.0000582906022206
2020-03-01 00:00:00.000,0.9987546750406746
2020-03-02 00:00:00.000,1.0013864250869449
2020-03-03 00:00:00.000,1.000332896579984
2020-03-04 00:00:00.000,1.0008393315870856
2020-03-05 00:00:00.000,1.0016485814050076
2020-03-06 00:00:00.000,0.9990440784866556
2020-03-07 00:00:00.000,1.000406495817782
2020-03-08 00:00:00.000,1.0010701016406582
2020-03-09 00:00:00.000,0.9959001265680464
2020-03-10 00:00:00.000,1.0034549666648542
2020-03-11 00:00:00.000,1.0005299047245786
2020-03-12 00:00:00.000,0.9988167988364098
2020-03-13 00:00:00.000,0.9872924012909189
2020-03-14 00:00:00.000,1.0122904462995
2020-03-15 00:00:00.000,0.9926635986079309
2020-03-16 00:00:00.000,1.0011458948658396
2020-03-17 00:00:00.000,1.005486285864779
2020-03-18 00:00:00.000,1.001779691295884
2020-03-19 00:00:00.000,1.0022199894895598
2020-03-20 00:00:00.000,1.001393376176751
2020-03-21 00:00:00.000,1.0047917127037416
2020-03-22 00:00:00.000,0.9983949644095258
2020-03-23 00:00:00.000,0.9982843561371633
2020-03-24 00:00:00.000,1.002244157550143
2020-03-25 00:00:00.000,0.9995692921543338
2020-03-26 00:00:00.000,1.0009350591957287
2020-03-27 00:00:00.000,1.0043721377368617
2020-03-28 00:00:00.000,0.9991469262628901
2020-03-29 00:00:00.000,1.0006373121544627
2020-03-30 00:00:00.000,1.002326806740004
2020-03-31 00:00:00.000,1.0029497707625603
2020-04-01 00:00:00.000,0.9984931709536591
2020-04-02 00:00:00.000,1.000337302915385
2020-04-03 00:00:00.000,0.9947146386418831
2020-04-04 00:00:00.000,0.9999212389059342
2020-04-05 00:00:00.000,0.9987422945361392
2020-04-06 00:00:00.000,0.9998644335129043
2020-04-07 00:00:00.000,0.9999741516327144
2020-04-08 00:00:00.000,0.9993765163560614
2020-04-09 00:00:00.000,0.998996440654622
2020-04-10 00:00:00.000,1.0000475533370947
2020-04-11 00:00:00.000,1.0017522493506528
2020-04-12 00:00:00.000,1.0014137290455338
2020-04-13 00:00:00.000,0.996086209409026
2020-04-14 00:00:00.000,0.998971739195842
2020-04-15 00:00:00.000,1.0006215234339297
2020-04-16 00:00:00.000,0.9983002027981984
2020-04-17 00:00:00.000,1.002860221073834
2020-04-18 00:00:00.000,1.0009107842592548
2020-04-19 00:00:00.000,0.9998613644476199
2020-04-20 00:00:00.000,1.000473810142876
2020-04-21 00:00:00.000,1.0058953280133596
2020-04-22 00:00:00.000,1.0011018312709432
2020-04-23 00:00:00.000,1.0004435203533792
2020-04-24 00:00:00.000,0.9960585752476081
2020-04-25 00:00:00.000,1.0000267406052556
2020-04-26 00:00:00.000,0.9993327379908598
2020-04-27 00:00:00.000,1.0013724828142203
2020-04-28 00:00:00.000,1.002699938486022
2020-04-29 00:00:00.000,1.0005253389863407
2020-04-30 00:00:00.000,0.9975047061656529
2020-05-01 00:00:00.000,0.9997787945080772
2020-05-02 00:00:00.000,1.0015141079860095
2020-05-03 00:00:00.000,1.0027545184419473
2020-05-04 00:00:00.000,1.000970079054399
2020-05-05 00:00:00.000,0.9982735463857932
2020-05-06 00:00:00.000,1.0009285571518043
2020-05-07 00:00:00.000,0.9991755315169695
2020-05-08 00:00:00.000,1.001080796432648
2020-05-09 00:00:00.000,0.99840418842009
2020-05-10 00:00:00.000,1.0003064731018094
2020-05-11 00:00:00.000,1.0012429337783375
2020-05-12 00:00:00.000,0.9995631687396237
2020-05-13 00:00:00.000,1.0016117469029644
2020-05-14 00:00:00.000,1.0003560218215877
2020-05-15 00:00:00.000,1.0023626852764829
2020-05-16 00:00:00.000,0.9997783109898455
2020-05-17 00:00:00.000,0.9988533883977944
2020-05-18 00:00:00.000,1.0019981514632386
2020-05-19 00:00:00.000,0.9975085396844263
2020-05-20 00:00:00.000,0.9978219290147976
2020-05-21 00:00:00.000,0.9993188217729783
2020-05-22 00:00:00.000,0.9981200719764681
2020-05-23 00:00:00.000,0.9995106820722109
2020-05-24 00:00:00.000,0.9984064931995519
2020-05-25 00:00:00.000,0.9941101041414783
2020-05-26 00:00:00.000,1.0005718387246425
2020-05-27 00:00:00.000,1.0000432386518778
2020-05-28 00:00:00.000,1.0001804949869564
2020-05-29 00:00:00.000,1.0003133408101428
2020-05-30 00:00:00.000,0.9993094947692622
2020-05-31 00:00:00.000,1.0016170827209598
2020-06-01 00:00:00.000,0.999324967433754
2020-06-02 00:00:00.000,1.0096938470961936
2020-06-03 00:00:00.000,0.9986239880274553
2020-06-04 00:00:00.000,0.9994462840076686
2020-06-05 00:00:00.000,0.9999196045997661
2020-06-06 00:00:00.000,0.9984824635278321
2020-06-07 00:00:00.000,0.9991335128310371
2020-06-08 00:00:00.000,0.9997740066837286
2020-06-09 00:00:00.000,1.0003836403757314
2020-06-10 00:00:00.000,0.9993696092718022
2020-06-11 00:00:00.000,1.0005416630860888
2020-06-12 00:00:00.000,0.9997098289958426
2020-06-13 00:00:00.000,1.000282952198277
2020-06-14 00:00:00.000,0.9998214960481676
2020-06-15 00:00:00.000,0.9989453740479981
2020-06-16 00:00:00.000,1.0015910813094735
2020-06-17 00:00:00.000,0.9995070048995981
2020-06-18 00:00:00.000,1.0000520127386698
2020-06-19 00:00:00.000,0.9994439492482494
2020-06-20 00:00:00.000,0.9998872083405731
2020-06-21 00:00:00.000,0.9995889539438192
2020-06-22 00:00:00.000,1.000403983977503
2020-06-23 00:00:00.000,0.9999347102622214
2020-06-24 00:00:00.000,0.9997105651353904
2020-06-25 00:00:00.000,1.000983521510519
2020-06-26 00:00:00.000,1.0004373082628744
2020-06-27 00:00:00.000,0.9991674652839441
2020-06-28 00:00:00.000,0.9997107163451523
2020-06-29 00:00:00.000,1.000774335321653
2020-06-30 00:00:00.000,1.000180499125899
2020-07-01 00:00:00.000,1.000977443860079
2020-07-02 00:00:00.000,1.0003433717765082
2020-07-03 00:00:00.000,0.9997961934286916
2020-07-04 00:00:00.000,0.9993224306993829
2020-07-05 00:00:00.000,1.000142477546817
2020-07-06 00:00:00.000,1.0006114049298558
2020-07-07 00:00:00.000,1.001033644873729
2020-07-08 00:00:00.000,1.0008257492294743
2020-07-09 00:00:00.000,0.9988907742608365
2020-07-10 00:00:00.000,0.9998306392241022
2020-07-11 00:00:00.000,0.9998574497366721
2020-07-12 00:00:00.000,0.9998836302826787
2020-07-13 00:00:00.000,0.9997384786785504
2020-07-14 00:00:00.000,0.9999537674734906
2020-07-15 00:00:00.000,0.9996467214935455
2020-07-16 00:00:00.000,0.9987419828810933
2020-07-17 00:00:00.000,0.9998823818604428
2020-07-18 00:00:00.000,0.9998972945628964
2020-07-19 00:00:00.000,1.0002369414204573
2020-07-20 00:00:00.000,1.000195876007748
2020-07-21 00:00:00.000,1.0001564546399788
2020-07-22 00:00:00.000,1.000215343729683
2020-07-23 00:00:00.000,1.0011985228272104
2020-07-24 00:00:00.000,0.9992919200088534
2020-07-25 00:00:00.000,1.00043712059057
2020-07-26 00:00:00.000,0.9997892532720225
2020-07-27 00:00:00.000,1.0001309855920386
2020-07-28 00:00:00.000,0.9949017433996471
2020-07-29 00:00:00.000,1.0000347112648078
2020-07-30 00:00:00.000,0.9978487337163857
2020-07-31 00:00:00.000,1.0007727173226968
2020-08-01 00:00:00.000,0.9998258309447353
2020-08-02 00:00:00.000,1.0003823391626192
2020-08-03 00:00:00.000,0.9996852745748808
2020-08-04 00:00:00.000,0.9996909524520027
2020-08-05 00:00:00.000,0.9999228489344085
2020-08-06 00:00:00.000,1.0022256661426105
2020-08-07 00:00:00.000,1.0002328767193225
2020-08-08 00:00:00.000,1.0018618660810585
2020-08-09 00:00:00.000,1.0003472559721576
2020-08-10 00:00:00.000,0.9999290279500811
2020-08-11 00:00:00.000,1.000243294063204
2020-08-12 00:00:00.000,1.0022439532890934
2020-08-13 00:00:00.000,1.0007612140055704
2020-08-14 00:00:00.000,1.0009565636468256
2020-08-15 00:00:00.000,1.0016586302905082
2020-08-16 00:00:00.000,0.9977856104499537
2020-08-17 00:00:00.000,1.0005424679335526
2020-08-18 00:00:00.000,1.0000522706099515
2020-08-19 00:00:00.000,0.9999182091436154
2020-08-20 00:00:00.000,0.9993197292351323
2020-08-21 00:00:00.000,1.0013397431718176
2020-08-22 00:00:00.000,1.000171572379541
2020-08-23 00:00:00.000,0.9998248580996804
2020-08-24 00:00:00.000,1.0001637869294975
2020-08-25 00:00:00.000,1.00056811386076
2020-08-26 00:00:00.000,1.0001216574183889
2020-08-27 00:00:00.000,1.0004245518164088
2020-08-28 00:00:00.000,1.0007343661432893
2020-08-29 00:00:00.000,1.0010717425607174
2020-08-30 00:00:00.000,1.0003277649493327
2020-08-31 00:00:00.000,0.999699808804962
2020-09-01 00:00:00.000,0.9995239087165251
2020-09-02 00:00:00.000,1.0004480966239537
2020-09-03 00:00:00.000,0.9996798509247026
2020-09-04 00:00:00.000,0.9945842912070889
2020-09-05 00:00:00.000,1.000524956828599
2020-09-06 00:00:00.000,1.004826419242048
2020-09-07 00:00:00.000,1.0007638412980615
2020-09-08 00:00:00.000,1.000277846387707
2020-09-09 00:00:00.000,1.0030785876122332
2020-09-10 00:00:00.000,0.9998683627287868
2020-09-11 00:00:00.000,0.9999834242129534
2020-09-12 00:00:00.000,1.0003494390637715
2020-09-13 00:00:00.000,1.000341551095967
2020-09-14 00:00:00.000,1.0007652107745593
2020-09-15 00:00:00.000,1.001007196471302
2020-09-16 00:00:00.000,1.000209881796057
2020-09-17 00:00:00.000,1.0001804559168597
2020-09-18 00:00:00.000,1.00095238266428
2020-09-19 00:00:00.000,1.0005763265154215
2020-09-20 00:00:00.000,1.0001745971032823
2020-09-21 00:00:00.000,1.0024014418819005
2020-09-22 00:00:00.000,1.0000461650234063
2020-09-23 00:00:00.000,1.0005470098152367
2020-09-24 00:00:00.000,0.9994883232412053
2020-09-25 00:00:00.000,0.9996483436488255
2020-09-26 00:00:00.000,0.9997617899591169
2020-09-27 00:00:00.000,1.0001510814056336
2020-09-28 00:00:00.000,0.9993902302424955
2020-09-29 00:00:00.000,1.0000887250687973
2020-09-30 00:00:00.000,1.0011519717068906
2020-10-01 00:00:00.000,1.0005190860404645
2020-10-02 00:00:00.000,0.9999172890023902
2020-10-03 00:00:00.000,1.0011500978539685
2020-10-04 00:00:00.000,1.0004964547170774
2020-10-05 00:00:00.000,1.0000641805033268
2020-10-06 00:00:00.000,0.9997789609414142
2020-10-07 00:00:00.000,1.0008783363495664
2020-10-08 00:00:00.000,1.0000895459647807
2020-10-09 00:00:00.000,1.0000317727127341
2020-10-10 00:00:00.000,1.0009778983321345
2020-10-11 00:00:00.000,0.9993841227648492
2020-10-12 00:00:00.000,0.9999388613809014
2020-10-13 00:00:00.000,0.9994666320643927
2020-10-14 00:00:00.000,1.000110034033664
2020-10-15 00:00:00.000,1.000474521735258
2020-10-16 00:00:00.000,0.9988186089283535
2020-10-17 00:00:00.000,1.000567926687156
2020-10-18 00:00:00.000,1.000352623611424
2020-10-19 00:00:00.000,1.0010666161869577
2020-10-20 00:00:00.000,0.9998469783129341
2020-10-21 00:00:00.000,1.0013995313878612
2020-10-22 00:00:00.000,0.9818374685364073
2020-10-23 00:00:00.000,0.9981175609549194
2020-10-24 00:00:00.000,1.0003604257089864
2020-10-25 00:00:00.000,1.000056142483282
2020-10-26 00:00:00.000,1.0000800550331856
2020-10-27 00:00:00.000,1.0003277859644057
2020-10-28 00:00:00.000,1.0011602300696338
2020-10-29 00:00:00.000,0.9996172774310668
2020-10-30 00:00:00.000,1.0009456991436025
2020-10-31 00:00:00.000,0.9996143709371395
2020-11-01 00:00:00.000,0.9977885845185387
2020-11-02 00:00:00.000,0.9973390984195034
2020-11-03 00:00:00.000,0.999082622778767
2020-11-04 00:00:00.000,1.0004390804814791
2020-11-05 00:00:00.000,1.0000330632486
2020-11-06 00:00:00.000,1.0023761821340362
2020-11-07 00:00:00.000,1.0003106255948244
2020-11-08 00:00:00.000,1.002159581652788
2020-11-09 00:00:00.000,1.0001778796043215
2020-11-10 00:00:00.000,1.00094152320545
2020-11-11 00:00:00.000,0.9971119338178484
2020-11-12 00:00:00.000,0.998715174093199
2020-11-13 00:00:00.000,1.000184795599595
2020-11-14 00:00:00.000,1.0012552725921888
2020-11-15 00:00:00.000,1.0017800403514385
2020-11-16 00:00:00.000,1.0030210208348542
2020-11-17 00:00:00.000,1.0002705641914722
2020-11-18 00:00:00.000,1.0018202918791546
2020-11-19 00:00:00.000,1.0002492173552233
2020-11-20 00:00:00.000,1.0003935930778842
2020-11-21 00:00:00.000,0.9998522576720871
2020-11-22 00:00:00.000,0.9978157408851812
2020-11-23 00:00:00.000,0.9972064835098661
2020-11-24 00:00:00.000,0.9977961168030964
2020-11-25 00:00:00.000,0.9980627162746266
2020-11-26 00:00:00.000,0.9973266212117656
2020-11-27 00:00:00.000,1.000329317223225
2020-11-28 00:00:00.000,1.0027361181103152
2020-11-29 00:00:00.000,0.9991823944527375
2020-11-30 00:00:00.000,1.0006233573595833
2020-12-01 00:00:00.000,0.9982550074613877
2020-12-02 00:00:00.000,0.9947935832169569
2020-12-03 00:00:00.000,0.9990905426962556
2020-12-04 00:00:00.000,1.0012616153597722
2020-12-05 00:00:00.000,1.0039867977335015
2020-12-06 00:00:00.000,1.0016833187810186
2020-12-07 00:00:00.000,1.001336844942935
2020-12-08 00:00:00.000,1.0003652277899056
2020-12-09 00:00:00.000,0.998170289864109
2020-12-10 00:00:00.000,1.000598244490779
2020-12-11 00:00:00.000,1.000863183911454
2020-12-12 00:00:00.000,0.9999576120170788
2020-12-13 00:00:00.000,0.9987936528754436
2020-12-14 00:00:00.000,0.9991579375556516
2020-12-15 00:00:00.000,0.9995922329665813
2020-12-16 00:00:00.000,0.9997732088375801
2020-12-17 00:00:00.000,0.9985465640729106
2020-12-18 00:00:00.000,0.9972953092969823
2020-12-19 00:00:00.000,0.9988753254331928
2020-12-20 00:00:00.000,0.998295647566333
2020-12-21 00:00:00.000,1.002809798542007
2020-12-22 00:00:00.000,1.0020297939081966
2020-12-23 00:00:00.000,1.001961638759011
2020-12-24 00:00:00.000,1.0040126431796252
2020-12-25 00:00:00.000,1.0023826231507693
2020-12-26 00:00:00.000,1.0029357210190721
2020-12-27 00:00:00.000,1.002081207257256
2020-12-28 00:00:00.000,1.0013051232580303
2020-12-29 00:00:00.000,1.0020587398489333
2020-12-30 00:00:00.000,1.0012237308367522
2020-12-31 00:00:00.000,1.0015644877238365
2021-01-01 00:00:00.000,1.0000520646337905
2021-01-02 00:00:00.000,1.001992607019633
2021-01-03 00:00:00.000,1.0031205093162412
2021-01-04 00:00:00.000,1.0007211864651786
2021-01-05 00:00:00.000,0.9997061275089264
2021-01-06 00:00:00.000,1.002747178640493
2021-01-07 00:00:00.000,1.007831528615089
2021-01-08 00:00:00.000,1.0011229764103136
2021-01-09 00:00:00.000,1.0025753237228696
2021-01-10 00:00:00.000,1.0052281707835635
2021-01-11 00:00:00.000,1.002045316205101
2021-01-12 00:00:00.000,1.0085184528161932
2021-01-13 00:00:00.000,1.002325277523874
2021-01-14 00:00:00.000,1.0036185497396932
2021-01-15 00:00:00.000,0.9978763563497435
2021-01-16 00:00:00.000,1.0005219609799012
2021-01-17 00:00:00.000,1.0021410577808154
2021-01-18 00:00:00.000,0.9981823506819849
2021-01-19 00:00:00.000,1.0001498685694359
2021-01-20 00:00:00.000,0.9974581028851843
2021-01-21 00:00:00.000,0.9977563084936041
2021-01-22 00:00:00.000,1.006988053765055
2021-01-23 00:00:00.000,1.0004118150368448
2021-01-24 00:00:00.000,0.9985816708045647
2021-01-25 00:00:00.000,0.9995861458889471
2021-01-26 00:00:00.000,1.000845728217716
2021-01-27 00:00:00.000,1.0032012535425445
2021-01-28 00:00:00.000,1.0020747524199969
2021-01-29 00:00:00.000,0.9988605467210793
2021-01-30 00:00:00.000,0.9950403069828191
2021-01-31 00:00:00.000,0.996505221791999
2021-02-01 00:00:00.000,1.0008892766480473
2021-02-02 00:00:00.000,0.997456462958835
2021-02-03 00:00:00.000,1.00092924375145
2021-02-04 00:00:00.000,0.9999192785170844
2021-02-05 00:00:00.000,1.0013961086459804
2021-02-06 00:00:00.000,1.0020402100499148
2021-02-07 00:00:00.000,0.9993774420967774
2021-02-08 00:00:00.000,0.9987334794002474
2021-02-09 00:00:00.000,1.0029681186643629
2021-02-10 00:00:00.000,0.9955613086131869
2021-02-11 00:00:00.000,0.9980188425315342
2021-02-12 00:00:00.000,0.9976065477985809
2021-02-13 00:00:00.000,0.9971660636322055
2021-02-14 00:00:00.000,0.9987743893692156
2021-02-15 00:00:00.000,0.9963012253049722
2021-02-16 00:00:00.000,1.000179350236608
2021-02-17 00:00:00.000,1.0010787189520225
2021-02-18 00:00:00.000,1.0006737897232774
2021-02-19 00:00:00.000,1.0002892383934674
2021-02-20 00:00:00.000,1.0063494201161378
2021-02-21 00:00:00.000,1.0050564611267065
2021-02-22 00:00:00.000,1.0035908181165718
2021-02-23 00:00:00.000,1.00526547101203
2021-02-24 00:00:00.000,1.003709073360311
2021-02-25 00:00:00.000,1.0102885652106228
2021-02-26 00:00:00.000,1.0037216583661528
2021-02-27 00:00:00.000,1.008045060202137
2021-02-28 00:00:00.000,0.9939959643988855
2021-03-01 00:00:00.000,1.0113555250256239
2021-03-02 00:00:00.000,1.0082341930870489
2021-03-03 00:00:00.000,1.0084334103697004
2021-03-04 00:00:00.000,0.9992257050667218
2021-03-05 00:00:00.000,1.0033030825386902
2021-03-06 00:00:00.000,0.9984892002294907
2021-03-07 00:00:00.000,1.0018489938284245
2021-03-08 00:00:00.000,1.0031368203940585
2021-03-09 00:00:00.000,1.0003581505032315
2021-03-10 00:00:00.000,1.0025052876368936
2021-03-11 00:00:00.000,0.99708315910683
2021-03-12 00:00:00.000,1.0022334951787044
2021-03-13 00:00:00.000,1.0020283285736966
2021-03-14 00:00:00.000,1.0019526939208985
2021-03-15 00:00:00.000,1.0037034725327185
2021-03-16 00:00:00.000,1.0030356362712534
2021-03-17 00:00:00.000,1.0016482420734711
2021-03-18 00:00:00.000,1.0040468959025728
2021-03-19 00:00:00.000,1.0038757839141883
2021-03-20 00:00:00.000,1.0043861429391077
2021-03-21 00:00:00.000,1.0043554721297197
2021-03-22 00:00:00.000,1.0033918588840112
2021-03-23 00:00:00.000,1.003584866253436
2021-03-24 00:00:00.000,0.9983564056845696
2021-03-25 00:00:00.000,0.9988596179154713
2021-03-26 00:00:00.000,0.99888229884411
2021-03-27 00:00:00.000,0.9995590204298576
2021-03-28 00:00:00.000,1.00000476986206
2021-03-29 00:00:00.000,1.0034283135919952
2021-03-30 00:00:00.000,0.9992236097073386
2021-03-31 00:00:00.000,0.9999055053089563
2021-04-01 00:00:00.000,1.0002878265584567
2021-04-02 00:00:00.000,1.0007356616719212
2021-04-03 00:00:00.000,1.0005610520589574
2021-04-04 00:00:00.000,1.0006372874310274
2021-04-05 00:00:00.000,1.000522937980545
2021-04-06 00:00:00.000,0.9993282015573209
2021-04-07 00:00:00.000,1.0003031058101515
2021-04-08 00:00:00.000,0.9994598870477507
2021-04-09 00:00:00.000,1.0017759574376317
2021-04-10 00:00:00.000,0.999502702667857
2021-04-11 00:00:00.000,0.9992581024486542
2021-04-12 00:00:00.000,1.0009346806112622
2021-04-13 00:00:00.000,1.0007932712662302
2021-04-14 00:00:00.000,1.0012285549919155
2021-04-15 00:00:00.000,0.9996718883665571
2021-04-16 00:00:00.000,0.9999811965131331
2021-04-17 00:00:00.000,0.9989265487459564
2021-04-18 00:00:00.000,1.0013489927596377
2021-04-19 00:00:00.000,1.00058387043682
2021-04-20 00:00:00.000,0.9998369132576695
2021-04-21 00:00:00.000,1.0003892617604935
2021-04-22 00:00:00.000,0.997144848303956
2021-04-23 00:00:00.000,1.0011028051053619
2021-04-24 00:00:00.000,1.0017695380032998
2021-04-25 00:00:00.000,0.9985456160857316
2021-04-26 00:00:00.000,1.003861840635901
2021-04-27 00:00:00.000,1.0005922883091563
2021-04-28 00:00:00.000,0.9968497163929129
2021-04-29 00:00:00.000,1.0016004458888612
2021-04-30 00:00:00.000,1.0006978750511393
2021-05-01 00:00:00.000,1.0013730218779264
2021-05-02 00:00:00.000,1.0005472463889884
2021-05-03 00:00:00.000,1.0005929141699834
2021-05-04 00:00:00.000,1.0013198387256337
2021-05-05 00:00:00.000,1.0035317054028285
2021-05-06 00:00:00.000,0.9984924359630785
2021-05-07 00:00:00.000,1.0002993082097686
2021-05-08 00:00:00.000,1.001825303994509
2021-05-09 00:00:00.000,0.998844008086269
2021-05-10 00:00:00.000,1.0010462673780822
2021-05-11 00:00:00.000,1.0071871928322995
2021-05-12 00:00:00.000,1.0007263083372482
2021-05-13 00:00:00.000,1.0031919546846177
2021-05-14 00:00:00.000,0.9929825590929239
2021-05-15 00:00:00.000,0.9986313935458032
2021-05-16 00:00:00.000,0.9951338033587894
2021-05-17 00:00:00.000,0.9976465579657467
2021-05-18 00:00:00.000,1.0059347516284125
2021-05-19 00:00:00.000,0.9970266259975898
2021-05-20 00:00:00.000,0.9941905517088436
2021-05-21 00:00:00.000,1.0045769064212329
2021-05-22 00:00:00.000,0.9988974798903697
2021-05-23 00:00:00.000,1.002869640692695
2021-05-24 00:00:00.000,1.0013648417310266
2021-05-25 00:00:00.000,1.00308083146586
2021-05-26 00:00:00.000,1.0011599617977038
2021-05-27 00:00:00.000,0.9993103805725303
2021-05-28 00:00:00.000,0.9992757281387374
2021-05-29 00:00:00.000,1.0006307464769948
2021-05-30 00:00:00.000,0.9991615998914376
2021-05-31 00:00:00.000,0.9980486952049032
2021-06-01 00:00:00.000,0.9975503745391257
2021-06-02 00:00:00.000,1.0023371620794597
2021-06-03 00:00:00.000,0.9994727385939014
2021-06-04 00:00:00.000,1.000328978788244
2021-06-05 00:00:00.000,1.0006453290645456
2021-06-06 00:00:00.000,1.0010087062748723
2021-06-07 00:00:00.000,1.0025782335069557
2021-06-08 00:00:00.000,1.0002762650139625
2021-06-09 00:00:00.000,1.0024226284773852
2021-06-10 00:00:00.000,1.0017490911116596
2021-06-11 00:00:00.000,1.0039809916905793
2021-06-12 00:00:00.000,1.0006831170651154
2021-06-13 00:00:00.000,1.0042687651183322
2021-06-14 00:00:00.000,0.9994251393760427
2021-06-15 00:00:00.000,1.0011189590334115
2021-06-16 00:00:00.000,1.0028818770029917
2021-06-17 00:00:00.000,0.9985023689628276
2021-06-18 00:00:00.000,1.0029194130028705
2021-06-19 00:00:00.000,1.0008771187642447
2021-06-20 00:00:00.000,1.0042114667627022
2021-06-21 00:00:00.000,1.0011953646127407
2021-06-22 00:00:00.000,0.9972093465234795
2021-06-23 00:00:00.000,1.0045332107850604
2021-06-24 00:00:00.000,1.0028212108579748
2021-06-25 00:00:00.000,1.0021966303539478
2021-06-26 00:00:00.000,1.000703468387949
2021-06-27 00:00:00.000,1.0031606897360204
2021-06-28 00:00:00.000,1.0018020695846548
2021-06-29 00:00:00.000,1.0038513883661013
2021-06-30 00:00:00.000,1.000417551720511
2021-07-01 00:00:00.000,1.0044595729244727
2021-07-02 00:00:00.000,1.0016307604207397
2021-07-03 00:00:00.000,1.0043237595045345
2021-07-04 00:00:00.000,1.003225211477391
2021-07-05 00:00:00.000,0.995146280011523
2021-07-06 00:00:00.000,1.003829993413279
2021-07-07 00:00:00.000,1.0025265590774224
2021-07-08 00:00:00.000,0.9998377370871278
2021-07-09 00:00:00.000,1.0026752130655767
2021-07-10 00:00:00.000,1.003341360654814
2021-07-11 00:00:00.000,1.004324904353298
2021-07-12 00:00:00.000,1.000960373118501
2021-07-13 00:00:00.000,1.0023963980696122
2021-07-14 00:00:00.000,1.0041312554288047
2021-07-15 00:00:00.000,1.0026076440162972
2021-07-16 00:00:00.000,1.0030609403726911
2021-07-17 00:00:00.000,0.9997070964986088
2021-07-18 00:00:00.000,1.0017751840274285
2021-07-19 00:00:00.000,1.0026176595291227
2021-07-20 00:00:00.000,1.0019205416525372
2021-07-21 00:00:00.000,1.0019450679460384
2021-07-22 00:00:00.000,1.0025354811618212
2021-07-23 00:00:00.000,1.0013959524551024
2021-07-24 00:00:00.000,1.0024531199614324
2021-07-25 00:00:00.000,1.002305085345087
2021-07-26 00:00:00.000,1.0028856297745605
2021-07-27 00:00:00.000,1.0064675327484747
2021-07-28 00:00:00.000,1.004315108296533
2021-07-29 00:00:00.000,0.9975663218620914
2021-07-30 00:00:00.000,1.0032771292874911
2021-07-31 00:00:00.000,1.0021834363453637
2021-08-01 00:00:00.000,1.0001525169801917
2021-08-02 00:00:00.000,1.0032971481757589
2021-08-03 00:00:00.000,1.001059926781913
2021-08-04 00:00:00.000,1.0066964858693805
2021-08-05 00:00:00.000,0.9936301319601355
2021-08-06 00:00:00.000,1.0001347122032858
2021-08-07 00:00:00.000,1.0013032483337738
2021-08-08 00:00:00.000,1.000823329685905
2021-08-09 00:00:00.000,1.0015433844271733
2021-08-10 00:00:00.000,1.00509411606575
2021-08-11 00:00:00.000,0.9988195523618613
2021-08-12 00:00:00.000,1.0019241393385554
2021-08-13 00:00:00.000,1.0012357999957089
2021-08-14 00:00:00.000,0.9995715536725425
2021-08-15 00:00:00.000,1.0001194162315514
2021-08-16 00:00:00.000,1.0011938372885152
2021-08-17 00:00:00.000,0.9998269777614752
2021-08-18 00:00:00.000,1.0014830378212614
2021-08-19 00:00:00.000,1.0017999197302043
2021-08-20 00:00:00.000,1.0084185047052405
2021-08-21 00:00:00.000,1.001161378868162
2021-08-22 00:00:00.000,1.000481283470896
2021-08-23 00:00:00.000,1.0056134411464868
2021-08-24 00:00:00.000,1.0000891937397836
2021-08-25 00:00:00.000,1.0019886241739608
2021-08-26 00:00:00.000,1.000555508030765
2021-08-27 00:00:00.000,0.9968368656554902
2021-08-28 00:00:00.000,1.001392675534737
2021-08-29 00:00:00.000,1.000868875772331
2021-08-30 00:00:00.000,1.002129229090952
2021-08-31 00:00:00.000,0.9993568461762197
2021-09-01 00:00:00.000,1.0022102067553051
2021-09-02 00:00:00.000,1.0011427393995371
2021-09-03 00:00:00.000,0.9995155500191534
2021-09-04 00:00:00.000,0.9988649397504805
2021-09-05 00:00:00.000,0.99710219804087
2021-09-06 00:00:00.000,1.0004288181245948
2021-09-07 00:00:00.000,0.9999714467288541
2021-09-08 00:00:00.000,1.0015307774315565
2021-09-09 00:00:00.000,1.0035113613071207
2021-09-10 00:00:00.000,1.0037602354124957
2021-09-11 00:00:00.000,0.9989844996558042
2021-09-12 00:00:00.000,1.0023842193721983
2021-09-13 00:00:00.000,1.010674084543786
2021-09-14 00:00:00.000,1.002465958078472
2021-09-15 00:00:00.000,1.0031700620851922
2021-09-16 00:00:00.000,1.0011990455450162
2021-09-17 00:00:00.000,1.001822844751921
2021-09-18 00:00:00.000,1.0045733218509243
2021-09-19 00:00:00.000,1.002295742849109
2021-09-20 00:00:00.000,1.0036286096950808
2021-09-21 00:00:00.000,1.0002410329918325
2021-09-22 00:00:00.000,0.9918777939753823
2021-09-23 00:00:00.000,1.000755358295593
2021-09-24 00:00:00.000,1.001312817755819
2021-09-25 00:00:00.000,1.0000412548740925
2021-09-26 00:00:00.000,1.0028622381241443
2021-09-27 00:00:00.000,1.0035922171641198
2021-09-28 00:00:00.000,0.9947176084645623
2021-09-29 00:00:00.000,0.9968522146468529
2021-09-30 00:00:00.000,1.003546352848672
2021-10-01 00:00:00.000,1.0019639273595347
2021-10-02 00:00:00.000,1.002294117140799
2021-10-03 00:00:00.000,1.002970431751062
2021-10-04 00:00:00.000,1.0021788107787823
2021-10-05 00:00:00.000,1.0019183874160256
2021-10-06 00:00:00.000,1.0023136603839287
2021-10-07 00:00:00.000,1.0002134509272493
2021-10-08 00:00:00.000,1.0019793490583528
2021-10-09 00:00:00.000,1.0019431463254855
2021-10-10 00:00:00.000,1.001847548870957
2021-10-11 00:00:00.000,1.0012712436961138
2021-10-12 00:00:00.000,1.0036465642423975
2021-10-13 00:00:00.000,1.0017125789922714
2021-10-14 00:00:00.000,1.0028372618072177
2021-10-15 00:00:00.000,1.000940780646817
2021-10-16 00:00:00.000,1.0009005632727561
2021-10-17 00:00:00.000,1.0027794927034217
2021-10-18 00:00:00.000,1.002845303830606
2021-10-19 00:00:00.000,1.0003767434136628
2021-10-20 00:00:00.000,1.0038725261774444
2021-10-21 00:00:00.000,0.9999644707069164
2021-10-22 00:00:00.000,0.9983232776328071
2021-10-23 00:00:00.000,1.0040379087673863
2021-10-24 00:00:00.000,1.0051430563625818
2021-10-25 00:00:00.000,1.0047735362004342
2021-10-26 00:00:00.000,1.004107854815344
2021-10-27 00:00:00.000,1.0004895382547079
2021-10-28 00:00:00.000,1.001533833075547
2021-10-29 00:00:00.000,1.0024887181516329
2021-10-30 00:00:00.000,1.001938652536891
2021-10-31 00:00:00.000,1.0023825534453994
2021-11-01 00:00:00.000,0.9999985721890838
2021-11-02 00:00:00.000,1.0014568582261634
2021-11-03 00:00:00.000,1.0044938328432924
2021-11-04 00:00:00.000,1.0021306321529129
2021-11-05 00:00:00.000,1.004365815595183
2021-11-06 00:00:00.000,1.0042649942790578
2021-11-07 00:00:00.000,1.0037147075821091
2021-11-08 00:00:00.000,1.0053853043952607
2021-11-09 00:00:00.000,1.000475560551435
2021-11-10 00:00:00.000,1.0011488958083177
2021-11-11 00:00:00.000,1.0050087826499667
2021-11-12 00:00:00.000,1.0006891807410665
2021-11-13 00:00:00.000,1.0054975693678914
2021-11-14 00:00:00.000,1.0041658775087747
2021-11-15 00:00:00.000,1.0073902518393547
2021-11-16 00:00:00.000,1.0018772638256277
2021-11-17 00:00:00.000,1.0024418424149308
2021-11-18 00:00:00.000,1.0068628424862547
2021-11-19 00:00:00.000,1.0024947873933088
2021-11-20 00:00:00.000,1.0081388942138585
2021-11-21 00:00:00.000,1.0056917265334524
2021-11-22 00:00:00.000,1.0030027014132286
2021-11-23 00:00:00.000,1.0002238536829753
2021-11-24 00:00:00.000,1.0014574448629683
2021-11-25 00:00:00.000,1.0006462577519246
2021-11-26 00:00:00.000,0.9981012716712335
2021-11-27 00:00:00.000,1.0002332221411112
2021-11-28 00:00:00.000,1.0010565448623998
2021-11-29 00:00:00.000,0.9990792036975646
2021-11-30 00:00:00.000,0.999671246842223
2021-12-01 00:00:00.000,0.9984956996806869
2021-12-02 00:00:00.000,1.0002391903807926
2021-12-03 00:00:00.000,0.9977433942964203
2021-12-04 00:00:00.000,1.000516429572158
2021-12-05 00:00:00.000,1.0007464666844286
2021-12-06 00:00:00.000,1.0013614249204634
2021-12-07 00:00:00.000,0.9998202514294465
2021-12-08 00:00:00.000,1.0014777345118404
2021-12-09 00:00:00.000,0.9998456677172128
2021-12-10 00:00:00.000,0.9980983937379269
2021-12-11 00:00:00.000,0.9964470361423838
2021-12-12 00:00:00.000,1.0001308614696685
2021-12-13 00:00:00.000,0.9993849560551755
2021-12-14 00:00:00.000,0.9974935997320863
2021-12-15 00:00:00.000,1.0021288172876905
2021-12-16 00:00:00.000,1.0002532736753147
2021-12-17 00:00:00.000,0.9994595425455134
2021-12-18 00:00:00.000,0.9983872529431141
2021-12-19 00:00:00.000,0.9999049136752695
2021-12-20 00:00:00.000,0.9986366387697503
2021-12-21 00:00:00.000,1.0031154352544778
2021-12-22 00:00:00.000,1.0023078392301832
2021-12-23 00:00:00.000,1.0013596178411093
2021-12-24 00:00:00.000,1.0029939607130471
2021-12-25 00:00:00.000,1.003063812129429
2021-12-26 00:00:00.000,1.0011658004083022
2021-12-27 00:00:00.000,1.001877026095947
2021-12-28 00:00:00.000,1.0005678641380735
2021-12-29 00:00:00.000,1.0004601482447002
2021-12-30 00:00:00.000,1.0022754173528616
2021-12-31 00:00:00.000,1.0013363724084388
2022-01-01 00:00:00.000,0.9985822067753996
2022-01-02 00:00:00.000,1.0056235944782979
2022-01-03 00:00:00.000,1.0004834410206112
2022-01-04 00:00:00.000,1.0009629642368902
2022-01-05 00:00:00.000,0.998683448070849
2022-01-06 00:00:00.000,1.0030243967228383
2022-01-07 00:00:00.000,1.0011714415556676
2022-01-08 00:00:00.000,1.0020948041790443
2022-01-09 00:00:00.000,0.9976930894854255
2022-01-10 00:00:00.000,0.9994756681661351
2022-01-11 00:00:00.000,1.0010964178053856
2022-01-12 00:00:00.000,1.0004184134103478
2022-01-13 00:00:00.000,1.0009724442124854
2022-01-14 00:00:00.000,0.9994785132702563
2022-01-15 00:00:00.000,1.0008938665523355
2022-01-16 00:00:00.000,0.9997643619664417
2022-01-17 00:00:00.000,1.0003035122847985
2022-01-18 00:00:00.000,1.0021094070453456
2022-01-19 00:00:00.000,1.0000219739771505
2022-01-20 00:00:00.000,0.9989611725064559
2022-01-21 00:00:00.000,1.0000747517865742
2022-01-22 00:00:00.000,0.9992637307756992
2022-01-23 00:00:00.000,1.002512029618617
2022-01-24 00:00:00.000,0.9999797822943525
2022-01-25 00:00:00.000,1.0052319388050988
2022-01-26 00:00:00.000,1.0014279659130063
2022-01-27 00:00:00.000,1.0016301524158788
2022-01-28 00:00:00.000,1.007037931893717
2022-01-29 00:00:00.000,1.0018345700748814
2022-01-30 00:00:00.000,1.0031558349203331
2022-01-31 00:00:00.000,1.0018702555740038
2022-02-01 00:00:00.000,1.001617418626529
2022-02-02 00:00:00.000,1.001444586769309
2022-02-03 00:00:00.000,1.0019361690616142
2022-02-04 00:00:00.000,1.001402212894569
2022-02-05 00:00:00.000,1.005529502788197
2022-02-06 00:00:00.000,1.000455591385744
2022-02-07 00:00:00.000,1.0003523320463825
2022-02-08 00:00:00.000,1.0012987622509235
2022-02-09 00:00:00.000,1.0014548302040605
2022-02-10 00:00:00.000,1.001174307069499
2022-02-11 00:00:00.000,1.0016565674778903
2022-02-12 00:00:00.000,1.0020449626089414
2022-02-13 00:00:00.000,1.0020008637493076
2022-02-14 00:00:00.000,1.0011599948503922
2022-02-15 00:00:00.000,1.001155966630674
2022-02-16 00:00:00.000,0.9995509977044794
2022-02-17 00:00:00.000,1.000756655397037
2022-02-18 00:00:00.000,1.0010632835643904
2022-02-19 00:00:00.000,1.0004173027164918
2022-02-20 00:00:00.000,1.002343955585375
2022-02-21 00:00:00.000,1.0010460394543115
2022-02-22 00:00:00.000,1.0019240318204419
2022-02-23 00:00:00.000,0.9995265690819911
2022-02-24 00:00:00.000,1.0019596616808664
2022-02-25 00:00:00.000,1.0011559240873227
2022-02-26 00:00:00.000,1.0024861622616956
2022-02-27 00:00:00.000,1.002471502929657
2022-02-28 00:00:00.000,1.0025360426190741
2022-03-01 00:00:00.000,1.0001039995893672
2022-03-02 00:00:00.000,0.9993903527468111
2022-03-03 00:00:00.000,1.0012250061922392
2022-03-04 00:00:00.000,1.0009026478001057
2022-03-05 00:00:00.000,1.0015430892703179
2022-03-06 00:00:00.000,1.001638339980918
2022-03-07 00:00:00.000,1.0009572741070856
2022-03-08 00:00:00.000,1.0000550864514064
2022-03-09 00:00:00.000,1.000162522523462
2022-03-10 00:00:00.000,1.0001962064350902
2022-03-11 00:00:00.000,1.0009914733294065
2022-03-12 00:00:00.000,0.9995716448698407
2022-03-13 00:00:00.000,0.9999665056117946
2022-03-14 00:00:00.000,1.000709509729981
2022-03-15 00:00:00.000,0.9997050107093839
2022-03-16 00:00:00.000,1.0002701882169003
2022-03-17 00:00:00.000,1.0008959695250852
2022-03-18 00:00:00.000,1.001182884815684
2022-03-19 00:00:00.000,1.0013238153741784
2022-03-20 00:00:00.000,1.0002337243292465
2022-03-21 00:00:00.000,0.9997056645299373
2022-03-22 00:00:00.000,1.0002161567819432
2022-03-23 00:00:00.000,0.9996097475057055
2022-03-24 00:00:00.000,0.9983480265630348
2022-03-25 00:00:00.000,0.9996152844491702
2022-03-26 00:00:00.000,0.9997329751222941
2022-03-27 00:00:00.000,0.9995156908591945
2022-03-28 00:00:00.000,0.9987822978903634
2022-03-29 00:00:00.000,0.9977101902573328
2022-03-30 00:00:00.000,0.9997415220319847
2022-03-31 00:00:00.000,0.9993940566500813
2022-04-01 00:00:00.000,1.0008077952516221
2022-04-02 00:00:00.000,1.0002796048304283
2022-04-03 00:00:00.000,0.9996445747743913
2022-04-04 00:00:00.000,1.000689208610747
2022-04-05 00:00:00.000,1.0005960915393939
2022-04-06 00:00:00.000,1.0008745206708878
2022-04-07 00:00:00.000,0.9997690801748393
2022-04-08 00:00:00.000,1.0002149312757802
2022-04-09 00:00:00.000,1.0008544368342465
2022-04-10 00:00:00.000,1.0006291587185625
2022-04-11 00:00:00.000,1.0009235374761474
2022-04-12 00:00:00.000,1.0009510266137986
2022-04-13 00:00:00.000,1.0015217695191903
2022-04-14 00:00:00.000,1.0015691778028522
2022-04-15 00:00:00.000,1.0012285369494556
2022-04-16 00:00:00.000,1.0005182605276972
2022-04-17 00:00:00.000,1.0009584476884474
2022-04-18 00:00:00.000,1.0008919375805128
2022-04-19 00:00:00.000,1.0007810191354598
2022-04-20 00:00:00.000,0.9996658533214738
2022-04-21 00:00:00.000,0.9999946212135405
2022-04-22 00:00:00.000,1.0006163242434516
2022-04-23 00:00:00.000,1.0001412686631954
2022-04-24 00:00:00.000,1.0010142684354009
2022-04-25 00:00:00.000,1.0002185929503484
2022-04-26 00:00:00.000,1.0001622568202189
2022-04-27 00:00:00.000,1.0005013171014638
2022-04-28 00:00:00.000,0.9998493401497465
2022-04-29 00:00:00.000,0.9996537859861441
2022-04-30 00:00:00.000,1.0012216168901436
2022-05-01 00:00:00.000,1.0032689168029283
