date,true-usd
2018-03-23,1.0059179646630318
2018-03-24,0.9984460503219552
2018-03-25,0.9891169290059846
2018-03-26,0.9966525434501448
2018-03-27,0.9999694171761067
2018-03-28,1.001582352249114
2018-03-29,0.9949658948496372
2018-03-30,1.0119811203086981
2018-03-31,1.0131344904049713
2018-04-01,1.007963379717449
2018-04-02,1.0119432699891788
2018-04-03,1.0043058095763413
2018-04-04,1.0006041904808463
2018-04-05,1.014391167467619
2018-04-06,1.0160478210054782
2018-04-07,1.01198716401708
2018-04-08,1.0057534803531158
2018-04-09,1.0053637189703044
2018-04-10,1.01299857486653
2018-04-11,1.0024943845799603
2018-04-12,1.0058971296589467
2018-04-13,0.9951447204899183
2018-04-14,0.9996853710649437
2018-04-15,0.9976766896297766
2018-04-16,0.9988891008977371
2018-04-17,0.997103121444955
2018-04-18,0.9937755912197958
2018-04-19,0.9968710938834487
2018-04-20,1.0069263066084047
2018-04-21,0.998438408671556
2018-04-22,0.9984704438866124
2018-04-23,0.9958557861990963
2018-04-24,0.9924201980297126
2018-04-25,0.9909507952727605
2018-04-26,1.006089831338644
2018-04-27,0.9999958635240547
2018-04-28,0.9962572783518391
2018-04-29,0.9943033743189981
2018-04-30,0.9944895950453525
2018-05-01,0.9957346629735779
2018-05-02,0.9899549697826813
2018-05-03,0.9878134983810561
2018-05-04,0.9878804952352316
2018-05-05,0.9891227510000113
2018-05-06,0.9933651902213803
2018-05-07,0.9957261953329887
2018-05-08,0.998222332079502
2018-05-09,0.9887139678943953
2018-05-10,0.9930065349641979
2018-05-11,0.9911536169764525
2018-05-12,0.9914208567456222
2018-05-13,0.9974064969618991
2018-05-14,0.9956374569155333
2018-05-15,1.0050144574866433
2018-05-16,1.0003101685364022
2018-05-17,1.0111370598021419
2018-05-18,1.0055100429282775
2018-05-19,1.0043357539591138
2018-05-20,1.007602307548654
2018-05-21,1.0049930645416107
2018-05-22,1.0706328202871012
2018-05-23,1.0016177132436181
2018-05-24,1.0103034144171594
2018-05-25,1.0022399097173642
2018-05-26,1.0188485134289103
2018-05-27,1.0062660527652096
2018-05-28,1.0140519091098656
2018-05-29,1.0203514380764755
2018-05-30,1.0001486352475843
2018-05-31,0.9984216456460695
2018-06-01,1.0019326467485838
2018-06-02,0.9989085295001279
2018-06-03,0.992542886545613
2018-06-04,0.9939112052395264
2018-06-05,1.0007276678602743
2018-06-06,0.9969619725713604
2018-06-07,0.9959599896096101
2018-06-08,0.9963967146023421
2018-06-09,0.9947170599977497
2018-06-10,0.9867491920577298
2018-06-11,1.007795353910943
2018-06-12,1.0056477018784504
2018-06-13,1.016429100733681
2018-06-14,1.0124096841232992
2018-06-15,1.0058653421603263
2018-06-16,1.0057426211048124
2018-06-17,1.0042608891936622
2018-06-18,1.0030768044131217
2018-06-19,0.9998521569629245
2018-06-20,0.998551602691786
2018-06-21,0.9954305847714714
2018-06-22,0.9974125407574355
2018-06-23,1.013359057433246
2018-06-24,1.004204519764595
2018-06-25,1.0032822287218621
2018-06-26,0.9987514005197924
2018-06-27,0.9994924005024651
2018-06-28,0.9958459483733921
2018-06-29,1.0083840524774192
2018-06-30,0.9967259249781586
2018-07-01,0.9944579438862676
2018-07-02,0.9908330323428975
2018-07-03,0.9939096827309891
2018-07-04,0.997445853188313
2018-07-05,0.9893059043951585
2018-07-06,0.9962853207600033
2018-07-07,0.996416450959726
2018-07-08,0.9945036751782897
2018-07-09,0.991445014514419
2018-07-10,0.9830429813489124
2018-07-11,0.9990466580273045
2018-07-12,0.9952550517729623
2018-07-13,0.9989299870110314
2018-07-14,1.0025627092276945
2018-07-15,0.9961127455417479
2018-07-16,0.9966203074445428
2018-07-17,0.9982673172856467
2018-07-18,0.9915644252298934
2018-07-19,0.9829482896640209
2018-07-20,0.9893704709013511
2018-07-21,0.999425978400996
2018-07-22,0.9916671906933854
2018-07-23,0.9928103498280096
2018-07-24,0.9959879451216965
2018-07-25,0.9917431113759164
2018-07-26,0.99216900454482
2018-07-27,0.9969275599287486
2018-07-28,0.9963263508794029
2018-07-29,0.9989619953416103
2018-07-30,0.993939545766513
2018-07-31,0.9985039091934091
2018-08-01,0.9987981603291672
2018-08-02,1.0053607280133319
2018-08-03,1.0027841346208288
2018-08-04,0.998565228786138
2018-08-05,0.9998231199036327
2018-08-06,1.0014240372830425
2018-08-07,0.9990104776133425
2018-08-08,1.001659277298224
2018-08-09,1.0007976373383776
2018-08-10,0.9967422254404265
2018-08-11,1.0002923852756156
2018-08-12,1.0005106984425545
2018-08-13,1.0000127959952265
2018-08-14,1.0015959619659096
2018-08-15,1.002349907410125
2018-08-16,1.0009079780955852
2018-08-17,1.00173765289447
2018-08-18,1.0012618526689607
2018-08-19,1.0009040320865654
2018-08-20,0.9980683916705182
2018-08-21,0.996021752772271
2018-08-22,1.0001172980774724
2018-08-23,1.004092020752512
2018-08-24,1.000072610830965
2018-08-25,1.0013564973571498
2018-08-26,1.000909026794196
2018-08-27,1.0029495988421873
2018-08-28,1.0025297587456776
2018-08-29,1.0003244916617542
2018-08-30,1.0019602921416382
2018-08-31,1.0048043697397933
2018-09-01,1.0003561435692945
2018-09-02,1.0023578469611296
2018-09-03,1.0027166896643445
2018-09-04,1.002543535347902
2018-09-05,1.0022133274107499
2018-09-06,1.0136909217812269
2018-09-07,1.0008645252367316
2018-09-08,1.0032939517674426
2018-09-09,1.0022491788344197
2018-09-10,1.0035356575035175
2018-09-11,1.0013809663102295
2018-09-12,1.0008060046699259
2018-09-13,1.0004871879519723
2018-09-14,1.0010133621405286
2018-09-15,1.0023364775313208
2018-09-16,1.002503219595142
2018-09-17,1.0032038769173803
2018-09-18,1.014289338788311
2018-09-19,1.0037356179597883
2018-09-20,1.0036371585469515
2018-09-21,1.0019348506899637
2018-09-22,1.000416096188867
2018-09-23,1.0052971669183846
2018-09-24,1.0015249637651655
2018-09-25,1.0008837669549948
2018-09-26,0.9990372425983116
2018-09-27,1.0025119091142343
2018-09-28,1.003318921375406
2018-09-29,1.001498857704444
2018-09-30,1.0044988337100493
2018-10-01,1.004985127339783
2018-10-02,1.0053870991540503
2018-10-03,1.0110424021526598
2018-10-04,1.0163881785467372
2018-10-05,1.0056450719296872
2018-10-06,1.003525323768473
2018-10-07,1.0051282327755209
2018-10-08,1.0051940212858592
2018-10-09,1.0045010802097287
2018-10-10,1.0069207774704418
2018-10-11,1.0101708651039052
2018-10-12,1.0277060398537834
2018-10-13,1.0204647060598855
2018-10-14,1.0295909161665886
2018-10-15,1.0437746819073528
2018-10-16,1.0476399844865052
2018-10-17,1.0413946139463794
2018-10-18,1.0399648505035108
2018-10-19,1.0251885875617384
2018-10-20,1.0190024227942063
2018-10-21,1.0218748053633455
2018-10-22,1.0262614902294636
2018-10-23,1.0191045430466041
2018-10-24,1.0168486392483884
2018-10-25,1.014798228023882
2018-10-26,1.0157815738447695
2018-10-27,1.0150494106294194
2018-10-28,1.0095100179986276
2018-10-29,1.0122451012275429
2018-10-30,1.00866890167859
2018-10-31,1.0081528765643604
2018-11-01,1.0086443839792887
2018-11-02,1.0058914744610643
2018-11-03,1.007619438869157
2018-11-04,1.0053999286464574
2018-11-05,0.9825590593939918
2018-11-06,1.0019247287966602
2018-11-07,1.0028151741540479
2018-11-08,1.0072217097192209
2018-11-09,1.0099909360565376
2018-11-10,1.011361460229808
2018-11-11,1.0096995130515365
2018-11-12,1.0078218109202493
2018-11-13,1.0150339544780822
2018-11-14,1.0227662202710255
2018-11-15,1.0368570704525335
2018-11-16,1.0264395573384497
2018-11-17,1.0234675932213968
2018-11-18,1.0213238275507477
2018-11-19,1.0181386027448172
2018-11-20,1.023387156933586
2018-11-21,1.0341526927536353
2018-11-22,1.0167539482579717
2018-11-23,1.016750729429098
2018-11-24,1.0234969558904714
2018-11-25,1.0216420053767024
2018-11-26,1.0267663177398083
2018-11-27,1.0244397481681142
2018-11-28,1.0230291193225223
2018-11-29,1.012836445252976
2018-11-30,1.011755320896399
2018-12-01,1.0135645604076073
2018-12-02,1.0140381903659434
2018-12-03,1.0142781158233831
2018-12-04,1.015133904926785
2018-12-05,1.0169139953603938
2018-12-06,1.010286927540284
2018-12-07,1.0055294907592196
2018-12-08,1.0086562806534682
2018-12-09,1.0046764891413889
2018-12-10,1.0028055242111475
2018-12-11,1.004243476657991
2018-12-12,1.0090228920175697
2018-12-13,1.004293036976313
2018-12-14,1.0078955439734782
2018-12-15,1.0100821068508754
2018-12-16,1.009801914829568
2018-12-17,1.0088448896084297
2018-12-18,1.0057077353611061
2018-12-19,1.0039528094733337
2018-12-20,1.0003219472576608
2018-12-21,0.999761928459471
2018-12-22,0.9998631991718243
2018-12-23,0.9940980337858046
2018-12-24,0.9962885871654562
2018-12-25,0.99844535054819
2018-12-26,0.9937202837614982
2018-12-27,0.9959920394736734
2018-12-28,0.9964442160675856
2018-12-29,0.991469365494337
2018-12-30,0.9841686959538366
2018-12-31,0.9951541096150172
2019-01-01,0.999452962792521
2019-01-02,0.9963367725894035
2019-01-03,0.9940060399793011
2019-01-04,0.9960347606001739
2019-01-05,0.9968360468655265
2019-01-06,0.9957410553122863
2019-01-07,0.9941097159738841
2019-01-08,0.9953931451289758
2019-01-09,0.9947598446586562
2019-01-10,0.9935018553197621
2019-01-11,0.9954994327757808
2019-01-12,0.9949100781739538
2019-01-13,0.9930753224501274
2019-01-14,0.9989193988328452
2019-01-15,0.9926008711168249
2019-01-16,0.9956130479346142
2019-01-17,0.9972622574654794
2019-01-18,0.9973306469327108
2019-01-19,0.997082634051036
2019-01-20,0.9971493832881324
2019-01-21,0.999271945672229
2019-01-22,1.000565530439351
2019-01-23,1.0011040613580546
2019-01-24,1.0004619841981306
2019-01-25,0.9996276775652807
2019-01-26,0.9999348292909013
2019-01-27,1.0008696353206712
2019-01-28,1.0028415005334939
2019-01-29,1.000577356076248
2019-01-30,1.0026046259474661
2019-01-31,1.0064980572617193
2019-02-01,1.0056693293871548
2019-02-02,1.0102389331971018
2019-02-03,1.016122939748658
2019-02-04,1.012190389578592
2019-02-05,1.0134803139320896
2019-02-06,1.0110914517321197
2019-02-07,1.0108925367259767
2019-02-08,1.0111762797623511
2019-02-09,1.0135058905623804
2019-02-10,1.0128407107896011
2019-02-11,1.0143251272746172
2019-02-12,1.0120196193432454
2019-02-13,1.0117983090901226
2019-02-14,1.0085316293141529
2019-02-15,1.0027809186547956
2019-02-16,1.0048619844011526
2019-02-17,1.004094531153443
2019-02-18,1.008913885943979
2019-02-19,1.0045635515819333
2019-02-20,1.0100810274089465
2019-02-21,1.0132212911821776
2019-02-22,1.0100711974814511
2019-02-23,1.0076559095401059
2019-02-24,1.002051798953574
2019-02-25,1.0019441414377812
2019-02-26,1.0024699084576503
2019-02-27,1.0029994753806644
2019-02-28,1.0050411178558913
2019-03-01,1.0058719791895014
2019-03-02,1.00205872154751
2019-03-03,1.0021981223088008
2019-03-04,1.0046477327311065
2019-03-05,1.0029651395955288
2019-03-06,1.0033390981545178
2019-03-07,1.004032482413105
2019-03-08,1.0035943546983492
2019-03-09,1.0048681679607698
2019-03-10,1.0074194929206552
2019-03-11,1.0052427921150013
2019-03-12,1.0026356925417919
2019-03-13,1.0054327511425638
2019-03-14,1.0020085643081473
2019-03-15,1.0057479683142638
2019-03-16,0.9914978656027807
2019-03-17,1.0009709493159429
2019-03-18,0.9946841685643816
2019-03-19,0.9965364588074448
2019-03-20,0.9998972838977415
2019-03-21,1.0060498685387698
2019-03-22,1.000895864111436
2019-03-23,1.000808332142141
2019-03-24,1.005480456159758
2019-03-25,1.0220880389069977
2019-03-26,1.0045178871892733
2019-03-27,1.0082232449799329
2019-03-28,1.0055071344923185
2019-03-29,1.0046811776086941
2019-03-30,1.0019901141389402
2019-03-31,1.00294468991993
2019-04-01,1.0040677257999662
2019-04-02,1.00276325550794
2019-04-03,0.9897701621447309
2019-04-04,0.99537893297793
2019-04-05,0.9917166084614636
2019-04-06,0.9973421302066457
2019-04-07,0.998681593496159
2019-04-08,0.9977563332117957
2019-04-09,0.9962301979530882
2019-04-10,0.9970040405360144
2019-04-11,1.0064996554604144
2019-04-12,0.9974997844319055
2019-04-13,1.0013971505806178
2019-04-14,1.0039587200110116
2019-04-15,0.9988125148573854
2019-04-16,1.0008092090016338
2019-04-17,1.000836087745765
2019-04-18,0.9997666786932697
2019-04-19,1.00577273132548
2019-04-20,1.000840445724596
2019-04-21,1.0011161919569949
2019-04-22,1.0030874093359041
2019-04-23,0.9994796403963002
2019-04-24,0.9993640280335494
2019-04-25,1.0019226119740456
2019-04-26,1.0163281899877012
2019-04-27,1.0341815184681131
2019-04-28,1.0212034067181144
2019-04-29,1.022284923677925
2019-04-30,1.014959830132991
2019-05-01,1.007605746226274
2019-05-02,1.0099942052465485
2019-05-03,1.0132883706946798
2019-05-04,1.0117004583251652
2019-05-05,1.0096465672567063
2019-05-06,1.0043288507850392
2019-05-07,1.0039850012529619
2019-05-08,0.9998464978692334
2019-05-09,1.0052085640803539
2019-05-10,1.0073362014373577
2019-05-11,1.005960612393565
2019-05-12,1.0014009712332108
2019-05-13,1.002400122837098
2019-05-14,1.0041325946155988
2019-05-15,1.0010910456701958
2019-05-16,0.9947187716097077
2019-05-17,1.0003897176676206
2019-05-18,1.003133756005853
2019-05-19,1.0006727533903415
2019-05-20,0.9930740431449738
2019-05-21,0.9974243737707187
2019-05-22,0.9967317872073904
2019-05-23,0.9992396504361633
2019-05-24,0.9976834541819305
2019-05-25,0.996494624522173
2019-05-26,0.9971703003653827
2019-05-27,0.9939775422803913
2019-05-28,0.9976548680489413
2019-05-29,0.9985360482889308
2019-05-30,0.9980407153747043
2019-05-31,1.0028374607075061
2019-06-01,1.0013612140191737
2019-06-02,1.000502876841253
2019-06-03,0.9984687170317206
2019-06-04,1.0016620383311703
2019-06-05,1.0057708308871753
2019-06-06,1.0044892804107155
2019-06-07,1.0038131357566156
2019-06-08,1.0005452529063885
2019-06-09,1.0010049458549322
2019-06-10,1.0010335576804434
2019-06-11,1.0011506937383423
2019-06-12,0.9975434102018779
2019-06-13,0.998216353375993
2019-06-14,0.9996435670010151
2019-06-15,0.9990241537467086
2019-06-16,0.9981760232108757
2019-06-17,0.9974306211510175
2019-06-18,0.9968609402764869
2019-06-19,1.0013046995377297
2019-06-20,1.0006717113146313
2019-06-21,1.000414230774335
2019-06-22,1.0007853718143178
2019-06-23,1.0005883892231189
2019-06-24,1.0022643941340987
2019-06-25,1.002525953492161
2019-06-26,1.0054999020662836
2019-06-27,1.0068071023206198
2019-06-28,1.0131866902416862
2019-06-29,1.0007468464345497
2019-06-30,1.0004098532806431
2019-07-01,1.0048698630207042
2019-07-02,1.0033122717584113
2019-07-03,1.0032417107841658
2019-07-04,1.0036993144992787
2019-07-05,1.0037832776718603
2019-07-06,0.9978274177876638
2019-07-07,1.0032096049719232
2019-07-08,1.0002105290424852
2019-07-09,0.99749437452277
2019-07-10,0.9988112346450796
2019-07-11,1.002323473022705
2019-07-12,1.0061903393105955
2019-07-13,1.0019134806027075
2019-07-14,1.0024575481358462
2019-07-15,0.9912642300987007
2019-07-16,1.0003354434252525
2019-07-17,1.0030334670502883
2019-07-18,1.0005166491965294
2019-07-19,0.9968864799045566
2019-07-20,1.0014870513210479
2019-07-21,0.9995846394976641
2019-07-22,0.9994291902125829
2019-07-23,1.0018928838578567
2019-07-24,1.0057417682747893
2019-07-25,1.00263054169417
2019-07-26,0.99726217512216
2019-07-27,1.0006683657414854
2019-07-28,1.002344632612686
2019-07-29,0.9976894517591018
2019-07-30,1.0003807714751296
2019-07-31,0.998815553628668
2019-08-01,1.0012763399412
2019-08-02,0.9971044514643479
2019-08-03,1.0001527347927937
2019-08-04,0.9987317110800149
2019-08-05,0.9974613126801329
2019-08-06,0.9980380942572901
2019-08-07,1.0041502292636182
2019-08-08,0.9998773997985042
2019-08-09,1.0033368734836814
2019-08-10,1.000725494409661
2019-08-11,1.0009825089963453
2019-08-12,1.001178118888125
2019-08-13,0.9999073135621112
2019-08-14,1.0033243690635054
2019-08-15,1.0006033536605667
2019-08-16,1.003321163959354
2019-08-17,0.9997596685622853
2019-08-18,1.0036703740739166
2019-08-19,0.999591863985141
2019-08-20,1.001266721142827
2019-08-21,0.9986317994883518
2019-08-22,1.002816214822505
2019-08-23,1.0004190040475311
2019-08-24,0.9992844139167418
2019-08-25,0.9986507796703038
2019-08-26,0.9991611810630159
2019-08-27,0.9995471837291384
2019-08-28,0.9997225130378499
2019-08-29,0.9991661423196313
2019-08-30,1.0008242541727532
2019-08-31,1.0027193375919712
2019-09-01,1.0007571232876284
2019-09-02,0.9985413641816319
2019-09-03,0.9974392780840015
2019-09-04,1.0058966375930165
2019-09-05,0.9988576741622264
2019-09-06,0.9975098873290327
2019-09-07,1.0001882992294198
2019-09-08,0.9979284381394318
2019-09-09,0.9996837874721634
2019-09-10,0.9991131979483697
2019-09-11,1.0016011230818318
2019-09-12,1.0016876928192149
2019-09-13,1.0008198297319935
2019-09-14,1.0028305847399417
2019-09-15,0.9962766554011132
2019-09-16,0.9970891458273077
2019-09-17,0.9981805170960263
2019-09-18,0.99722484634304
2019-09-19,0.997496527866899
2019-09-20,1.0001377554212811
2019-09-21,1.0018186324251954
2019-09-22,1.0002062503661
2019-09-23,1.0007784451867239
2019-09-24,1.0001056989618453
2019-09-25,0.9969428328916278
2019-09-26,1.0018099614323042
2019-09-27,0.9991909862425699
2019-09-28,0.9998645527539322
2019-09-29,1.0025536503792831
2019-09-30,0.9984449901325014
2019-10-01,0.9999928692188059
2019-10-02,1.0028288989622396
2019-10-03,1.0017495335341804
2019-10-04,0.999324065110265
2019-10-05,0.9976637792875007
2019-10-06,0.9987307523787847
2019-10-07,0.9998120194336743
2019-10-08,0.9977914664197729
2019-10-09,0.9971670154422714
2019-10-10,0.9972221764099379
2019-10-11,0.9985494065635523
2019-10-12,0.9992299546402053
2019-10-13,0.9991837995988807
2019-10-14,1.000453270856657
2019-10-15,0.9975984555033799
2019-10-16,1.0018745792177248
2019-10-17,1.0010325175313106
2019-10-18,1.0003061868482068
2019-10-19,0.9986151820697974
2019-10-20,1.0000103492290293
2019-10-21,0.9994726018557899
2019-10-22,1.000100903810589
2019-10-23,0.9989331489723324
2019-10-24,1.009788876550526
2019-10-25,0.9961647411499603
2019-10-26,0.9990429338064385
2019-10-27,1.0005597310866792
2019-10-28,0.9950187176856014
2019-10-29,0.9977360284055202
2019-10-30,0.9990434738818343
2019-10-31,1.000513748243263
2019-11-01,1.000981458435976
2019-11-02,1.0002070707787343
2019-11-03,0.9982531797801029
2019-11-04,0.9997076085330314
2019-11-05,0.9976480390441375
2019-11-06,0.99828747912401
2019-11-07,0.9990782729941973
2019-11-08,1.001171739476528
2019-11-09,0.9980792784263327
2019-11-10,0.9999984582618865
2019-11-11,1.0004247709883258
2019-11-12,1.0013902117076996
2019-11-13,1.0005158767438806
2019-11-14,1.0012388051161885
2019-11-15,1.0006713918991876
2019-11-16,1.0003228895374325
2019-11-17,1.0030682243661329
2019-11-18,1.0017675568990536
2019-11-19,1.002605958150901
2019-11-20,1.0019504237227073
2019-11-21,1.0023753032466953
2019-11-22,1.0028083472177969
2019-11-23,1.0010472943167774
2019-11-24,1.0007581281515725
2019-11-25,0.9977867009727469
2019-11-26,0.9994781969174664
2019-11-27,0.9996027762688385
2019-11-28,0.9991287417957949
2019-11-29,1.0004797677322452
2019-11-30,0.9987576744998401
2019-12-01,0.9993443900990914
2019-12-02,0.999869213108245
2019-12-03,0.9982908042437222
2019-12-04,0.9957253910711681
2019-12-05,0.9958213067255249
2019-12-06,1.0002773116707626
2019-12-07,0.9995182264844726
2019-12-08,0.9997510947527742
2019-12-09,0.9979088400865245
2019-12-10,1.0003986040018316
2019-12-11,0.9997089095669037
2019-12-12,1.000094803926367
2019-12-13,1.0003263859671558
2019-12-14,0.9995480040466287
2019-12-15,0.9997286427992901
2019-12-16,0.9979284163573856
2019-12-17,1.0011064227479092
2019-12-18,1.0015166006615468
2019-12-19,0.9970651713865741
2019-12-20,0.9990727838734722
2019-12-21,1.0003997821483617
2019-12-22,0.9992148056165292
2019-12-23,1.0008796016018098
2019-12-24,1.0009649485942829
2019-12-25,1.0030091034892181
2019-12-26,1.0026753544197997
2019-12-27,1.002288702469374
2019-12-28,1.0009097260998063
2019-12-29,1.0025310772560192
2019-12-30,1.000255173201668
2019-12-31,1.002605931439817
2020-01-01,1.002830244405929
2020-01-02,1.0025418734552642
2020-01-03,1.002844160664232
2020-01-04,0.9996368653638699
2020-01-05,1.0010325688699289
2020-01-06,0.999803996658714
2020-01-07,0.9986904099468425
2020-01-08,0.9993502141172309
2020-01-09,0.9967049670535274
2020-01-10,1.0000198999862373
2020-01-11,1.0031575266729158
2020-01-12,0.9978398742913009
2020-01-13,1.0006585358806308
2020-01-14,1.0001541985717632
2020-01-15,1.0010466318494458
2020-01-16,1.002590737982286
2020-01-17,1.0004929377277574
2020-01-18,0.9980205747057008
2020-01-19,0.999594474453711
2020-01-20,0.9972698847500154
2020-01-21,0.9949134664735267
2020-01-22,0.9994115276980085
2020-01-23,0.999345541805995
2020-01-24,1.0002766026631797
2020-01-25,1.0012448375931957
2020-01-26,0.999687766911577
2020-01-27,1.0009391976909394
2020-01-28,0.9990382716557004
2020-01-29,0.9993801116122827
2020-01-30,0.9982363237034544
2020-01-31,1.0022686791646767
2020-02-01,0.9986351893925504
2020-02-02,0.998888610571481
2020-02-03,0.9995003396167649
2020-02-04,1.0034420515098577
2020-02-05,1.0002739654961266
2020-02-06,1.0002637899516442
2020-02-07,1.0001977736282233
2020-02-08,1.000487466134318
2020-02-09,0.9978224628466311
2020-02-10,1.004257329815208
2020-02-11,0.9998112187648299
2020-02-12,0.9974299690990851
2020-02-13,0.996643879084842
2020-02-14,1.0039022479805118
2020-02-15,0.9968908600572085
2020-02-16,0.9971746877528544
2020-02-17,0.9972781342735345
2020-02-18,1.0025538778300098
2020-02-19,0.9952041260149563
2020-02-20,0.9969100746083169
2020-02-21,0.9998644130042421
2020-02-22,0.997148962970936
2020-02-23,0.997683937187596
2020-02-24,0.9987394753089853
2020-02-25,1.0009446134796078
2020-02-26,1.0016458879532126
2020-02-27,0.9999800142881902
2020-02-28,0.9995403918163325
2020-02-29,0.9956895361640259
2020-03-01,0.9955125898292815
2020-03-02,1.003068653141201
2020-03-03,0.9986104572525867
2020-03-04,0.9990875699119365
2020-03-05,1.0001946856675359
2020-03-06,0.9994142723592022
2020-03-07,0.9980076977581807
2020-03-08,1.000892881726847
2020-03-09,0.9967247860091784
2020-03-10,1.003252250629317
2020-03-11,1.0007569812695152
2020-03-12,1.0013606424140138
2020-03-13,0.9407365783949997
2020-03-14,1.0000390848516847
2020-03-15,1.0067334763788616
2020-03-16,1.0032670018370873
2020-03-17,1.000499646877085
2020-03-18,0.9926663024025464
2020-03-19,0.9982117341505068
2020-03-20,0.991966984946229
2020-03-21,1.008040773810128
2020-03-22,0.9980725575451863
2020-03-23,0.994690685353666
2020-03-24,0.9980429490492679
2020-03-25,0.9959784001454032
2020-03-26,0.99862305963305
2020-03-27,1.0014899854023318
2020-03-28,0.9883047476816395
2020-03-29,1.0025400910871431
2020-03-30,0.997210421512492
2020-03-31,0.9932655743635663
2020-04-01,0.9960397076913499
2020-04-02,1.0064349106241632
2020-04-03,1.0035793848182826
2020-04-04,0.9948482215379678
2020-04-05,0.998451560806151
2020-04-06,0.9967644643587091
2020-04-07,0.9988284466713854
2020-04-08,0.9968186537770923
2020-04-09,0.9973317484636595
2020-04-10,0.9993846015163985
2020-04-11,0.998897732470473
2020-04-12,1.0001377679662526
2020-04-13,0.9904935454173172
2020-04-14,0.9973538634250029
2020-04-15,0.9983692346024847
2020-04-16,0.9988654772484408
2020-04-17,0.9963061334858037
2020-04-18,0.9953667009004221
2020-04-19,0.998598007956025
2020-04-20,0.9987355270530865
2020-04-21,0.9980221066927323
2020-04-22,0.9975975377704934
2020-04-23,0.9981043781789513
2020-04-24,0.9888565894448729
2020-04-25,1.0000497630156977
2020-04-26,1.0010322148522304
2020-04-27,0.9996341983403292
2020-04-28,1.0002319568955544
2020-04-29,0.9998874209720762
2020-04-30,0.9999242024071269
2020-05-01,0.9979271222637474
2020-05-02,0.9972705991186013
2020-05-03,0.9998738353851451
2020-05-04,1.0001769491474273
2020-05-05,0.999799230818516
2020-05-06,1.0025080840398402
2020-05-07,0.9888236824810672
2020-05-08,0.9956376144558027
2020-05-09,0.9968756945357263
2020-05-10,0.9973860179244702
2020-05-11,1.0040035410138157
2020-05-12,0.999216427657333
2020-05-13,0.9988102081358485
2020-05-14,0.9981554914147238
2020-05-15,0.9990384526238876
2020-05-16,0.9998615191169036
2020-05-17,1.000020118952346
2020-05-18,0.9986001698021164
2020-05-19,0.9988017304556706
2020-05-20,0.9984097876866166
2020-05-21,0.9996869009065811
2020-05-22,0.9965597193769242
2020-05-23,0.9991589118504931
2020-05-24,0.9980425593215124
2020-05-25,0.997088587739443
2020-05-26,0.997378925208471
2020-05-27,1.0004621911821616
2020-05-28,0.9993141122599356
2020-05-29,0.9993072460824342
2020-05-30,0.9987803180948984
2020-05-31,0.9998767528000514
2020-06-01,1.0006117574702242
2020-06-02,1.0006274501254329
2020-06-03,1.0007953183549254
2020-06-04,0.99895024424501
2020-06-05,1.0001345702321192
2020-06-06,0.9986759983477609
2020-06-07,0.9998257863800699
2020-06-08,1.0000777242999663
2020-06-09,0.9988741439380715
2020-06-10,1.0006441732476419
2020-06-11,0.9999657275792528
2020-06-12,1.0054720976180163
2020-06-13,1.0017042269539165
2020-06-14,1.0010063917798064
2020-06-15,1.00045511215857
2020-06-16,0.9991982378847007
2020-06-17,1.0005239409038533
2020-06-18,1.0005651859589413
2020-06-19,1.0001342789803573
2020-06-20,0.9992666068726884
2020-06-21,1.0003795844596237
2020-06-22,1.0018456952318484
2020-06-23,0.9998646831126109
2020-06-24,1.0009002099424518
2020-06-25,0.999571048766281
2020-06-26,1.0011699725639946
2020-06-27,1.0012506582964638
2020-06-28,1.001317432721775
2020-06-29,1.0018978055128143
2020-06-30,0.9997148317873483
2020-07-01,1.000268011253181
2020-07-02,1.0000146598408217
2020-07-03,1.0005836357550824
2020-07-04,0.9994648936768594
2020-07-05,0.9997505665962102
2020-07-06,1.0005924583890629
2020-07-07,1.0014613474539387
2020-07-08,1.000710446397544
2020-07-09,1.000526615329077
2020-07-10,1.000524593623273
2020-07-11,1.0000165420201084
2020-07-12,0.9991318084738222
2020-07-13,0.999288213229488
2020-07-14,0.9998709695685961
2020-07-15,0.9990123876092879
2020-07-16,1.0008578931378103
2020-07-17,1.001062540866829
2020-07-18,1.00019036257002
2020-07-19,0.9991097311252773
2020-07-20,0.9999144994356833
2020-07-21,0.9993303681367448
2020-07-22,0.9997285929695862
2020-07-23,0.9990787518680576
2020-07-24,0.9980967924546614
2020-07-25,0.9996825996908877
2020-07-26,0.9990262835069686
2020-07-27,0.9981630893230922
2020-07-28,0.9990208420082344
2020-07-29,0.9965884674589982
2020-07-30,0.9976724546264306
2020-07-31,0.9981931810108075
2020-08-01,0.9997901512752551
2020-08-02,1.0000986214858325
2020-08-03,0.9981931880770732
2020-08-04,0.9999901008898213
2020-08-05,0.99911159455539
2020-08-06,1.0010512032070642
2020-08-07,1.000387948006503
2020-08-08,0.9987793085193345
2020-08-09,1.0002067450305476
2020-08-10,1.0013000928782905
2020-08-11,1.0000332417542208
2020-08-12,1.0013332189866622
2020-08-13,1.000753562050378
2020-08-14,1.0000985964422182
2020-08-15,1.0003119610260254
2020-08-16,0.9991372026516778
2020-08-17,1.002563151130783
2020-08-18,0.9967377922119431
2020-08-19,0.9979617429796717
2020-08-20,0.9997361891413636
2020-08-21,1.0002126350470069
2020-08-22,0.9988102765104282
2020-08-23,1.0005173804004677
2020-08-24,0.999212985964393
2020-08-25,0.9987367370069059
2020-08-26,0.9993423974647073
2020-08-27,0.9992802214134369
2020-08-28,0.9994872563864998
2020-08-29,1.0006159514099644
2020-08-30,0.9989233045512625
2020-08-31,1.0007606230817643
2020-09-01,0.9997687043155176
2020-09-02,0.9954939517563943
2020-09-03,0.999259217228774
2020-09-04,0.9996415620603374
2020-09-05,1.0016270456480634
2020-09-06,1.0029376518621205
2020-09-07,1.0019116830019072
2020-09-08,0.999369927425191
2020-09-09,1.0034967651690319
2020-09-10,0.9987267281010372
2020-09-11,1.0017854011666398
2020-09-12,1.0000508953347622
2020-09-13,1.0024815812705092
2020-09-14,1.0006178251079942
2020-09-15,1.0013410242918666
2020-09-16,1.0014049515669061
2020-09-17,1.000683113823885
2020-09-18,0.9997650182675493
2020-09-19,1.0026441856461874
2020-09-20,1.0018892190145663
2020-09-21,1.0007229410847884
2020-09-22,0.9986114525505513
2020-09-23,1.001688171010157
2020-09-24,1.0006031804259718
2020-09-25,1.0003910169581522
2020-09-26,1.0011803177833911
2020-09-27,1.0009591714943578
2020-09-28,1.0004613919080116
2020-09-29,0.9985584187072524
2020-09-30,1.0004553056721375
2020-10-01,1.000552446108233
2020-10-02,1.0016614435992481
2020-10-03,1.0008526521587173
2020-10-04,0.999328346564602
2020-10-05,1.0005214624574483
2020-10-06,1.0007131220788688
2020-10-07,1.0008115280627408
2020-10-08,0.9999862087844157
2020-10-09,0.9997027760514534
2020-10-10,0.9994333840691558
2020-10-11,0.9998883151179002
2020-10-12,1.0003486036490297
2020-10-13,0.9997056830753653
2020-10-14,1.0011311612188518
2020-10-15,1.0013754272195494
2020-10-16,0.9998992148231736
2020-10-17,1.0002190172051426
2020-10-18,1.0017280630942056
2020-10-19,1.002828254764052
2020-10-20,1.0001074177223803
2020-10-21,0.9994074682252445
2020-10-22,0.9985373742219412
2020-10-23,0.9973169298811754
2020-10-24,1.0002478095636462
2020-10-25,1.00012831805965
2020-10-26,0.9987765904927393
2020-10-27,0.9989441919432948
2020-10-28,0.9972091175297562
2020-10-29,1.0004764853241706
2020-10-30,0.9989229913543516
2020-10-31,0.9981683405759536
2020-11-01,0.9979377211999514
2020-11-02,0.997722063599229
2020-11-03,0.998668910142831
2020-11-04,0.99833473356509
2020-11-05,1.0000577877790158
2020-11-06,1.0007649199882394
2020-11-07,0.9983759982919579
2020-11-08,0.9983694452736827
2020-11-09,0.999582513962215
2020-11-10,0.9998529326838415
2020-11-11,0.9983262456342634
2020-11-12,0.9989843366955503
2020-11-13,0.999033690360369
2020-11-14,0.9997806163892774
2020-11-15,0.9990695391825585
2020-11-16,0.9984833305480524
2020-11-17,0.9987137726557832
2020-11-18,0.9989957025903005
2020-11-19,0.9992080582004824
2020-11-20,1.0001001921311894
2020-11-21,0.9982189268121135
2020-11-22,0.9964386973722535
2020-11-23,0.9935911556505697
2020-11-24,0.9994825506211561
2020-11-25,0.9967124832271574
2020-11-26,0.9975235423156221
2020-11-27,1.0003032982519189
2020-11-28,1.0042720681459092
2020-11-29,0.9993770285147874
2020-11-30,0.9995281118817837
2020-12-01,0.9998413116616179
2020-12-02,1.0023959620361282
2020-12-03,1.0000840685096197
2020-12-04,0.9998093155648703
2020-12-05,0.9998839126611629
2020-12-06,1.0001615324378235
2020-12-07,0.9999836772443018
2020-12-08,0.9996430572467316
2020-12-09,1.0000486498885952
2020-12-10,1.0004500268468763
2020-12-11,0.9992888363275798
2020-12-12,1.0007282992278181
2020-12-13,1.0002782825534555
2020-12-14,0.9995713242202595
2020-12-15,0.9997099463314728
2020-12-16,1.0003934197457525
2020-12-17,0.998520485092584
2020-12-18,0.9986842137621557
2020-12-19,1.002410095343704
2020-12-20,0.999378605290824
2020-12-21,0.9994907625718791
2020-12-22,0.9980907834912316
2020-12-23,1.0027691940680894
2020-12-24,1.0004272437209818
2020-12-25,1.0019926464576812
2020-12-26,1.0003608323290614
2020-12-27,1.0017537811389574
2020-12-28,0.9971902357680906
2020-12-29,1.0025344337247988
2020-12-30,1.0037828939808962
2020-12-31,1.0006409952174264
2021-01-01,1.0005635364258543
2021-01-02,0.9986538685566689
2021-01-03,1.0018331254261859
2021-01-04,0.9910198452795042
2021-01-05,0.9791761621341764
2021-01-06,1.0034623980045938
2021-01-07,1.0017978621498254
2021-01-08,1.0053434970650281
2021-01-09,1.0008870690634735
2021-01-10,0.996955516258285
2021-01-11,1.0018399923028107
2021-01-12,1.0016500069815604
2021-01-13,1.0036524124505224
2021-01-14,1.0037880600929312
2021-01-15,1.002447795664611
2021-01-16,1.0004788440242367
2021-01-17,1.0000552120048654
2021-01-18,0.9946169125535916
2021-01-19,0.9986255771239145
2021-01-20,1.0031516985281679
2021-01-21,1.0030172357237237
2021-01-22,1.0011549214691147
2021-01-23,1.0034436872253332
2021-01-24,0.9993792136904581
2021-01-25,1.0004714046526855
2021-01-26,0.9958140424750093
2021-01-27,0.9996917362874076
2021-01-28,1.002986776690449
2021-01-29,0.9930054874187401
2021-01-30,0.9967265449898279
2021-01-31,0.9949702271185704
2021-02-01,0.9978082283002433
2021-02-02,0.9981604399954842
2021-02-03,0.9977164287626649
2021-02-04,1.0008911254335389
2021-02-05,0.9952237814702027
2021-02-06,1.0005480769298802
2021-02-07,0.9997058752429258
2021-02-08,0.9960309570375415
2021-02-09,1.0021086431346324
2021-02-10,1.0018705346726233
2021-02-11,0.9983186967956007
2021-02-12,0.9969872793917528
2021-02-13,0.9976401322195916
2021-02-14,0.9962450289586863
2021-02-15,0.9990520768905826
2021-02-16,0.9973690770437279
2021-02-17,1.0009698789675634
2021-02-18,1.001289162108673
2021-02-19,1.0012204887582388
2021-02-20,1.003752595152776
2021-02-21,1.007032949214178
2021-02-22,1.002901126196017
2021-02-23,1.0086070856614788
2021-02-24,1.0049141944274698
2021-02-25,1.0048010466494275
2021-02-26,0.9990239519628955
2021-02-27,1.0046335494242842
2021-02-28,1.011888901409437
2021-03-01,0.997394272150067
2021-03-02,1.003684000157724
2021-03-03,1.0038110465583696
2021-03-04,0.9990607423649512
2021-03-05,1.0039974420752753
2021-03-06,1.0046667067552648
2021-03-07,1.0015495172976205
2021-03-08,1.0065605715520605
2021-03-09,1.0059830062488049
2021-03-10,1.0019743288741274
2021-03-11,0.9986663759582248
2021-03-12,0.9995208663628705
2021-03-13,1.0003121119067686
2021-03-14,1.000223950172508
2021-03-15,0.9973486110809981
2021-03-16,1.0007007241470294
2021-03-17,1.0023955337613482
2021-03-18,1.005046580824064
2021-03-19,1.0024930239831096
2021-03-20,1.0015288919344096
2021-03-21,1.0015685758689807
2021-03-22,1.002410307113267
2021-03-23,0.9986207588627174
2021-03-24,0.9998456104130415
2021-03-25,0.9975722941982209
2021-03-26,0.9990579178986531
2021-03-27,1.0009531421198798
2021-03-28,0.9984368128217205
2021-03-29,1.0014061511517853
2021-03-30,0.999820391722738
2021-03-31,0.9997866040333774
2021-04-01,0.9989012054581894
2021-04-02,0.9991593653573492
2021-04-03,1.002868395948921
2021-04-04,0.9944870779158035
2021-04-05,1.000864692166345
2021-04-06,0.9997823885880945
2021-04-07,1.0001737742649208
2021-04-08,0.9987170634221855
2021-04-09,1.001257330866714
2021-04-10,1.0017125463059857
2021-04-11,1.0034230525692673
2021-04-12,1.0020806253637171
2021-04-13,0.9998438580881674
2021-04-14,1.0017142601168398
2021-04-15,1.0001032496845614
2021-04-16,0.9993947423277871
2021-04-17,0.9989652123884092
2021-04-18,0.9975759451012193
2021-04-19,0.997953840625468
2021-04-20,0.9976076582709518
2021-04-21,0.9980530216705829
2021-04-22,0.997955423365401
2021-04-23,1.002695907173793
2021-04-24,1.0036765315231992
2021-04-25,0.9973320573346177
2021-04-26,1.0005432488045003
2021-04-27,1.0013985968181582
2021-04-28,0.9987932150708954
2021-04-29,0.9999656632663291
2021-04-30,0.9997435865577886
2021-05-01,1.0021925174723683
2021-05-02,1.0002694835482318
2021-05-03,0.9994950102952934
2021-05-04,0.9994781334404882
2021-05-05,0.9956031672151542
2021-05-06,1.0001739153728189
2021-05-07,1.0001181605852925
2021-05-08,1.0019574983468105
2021-05-09,1.001900225590621
2021-05-10,0.9976800877747124
2021-05-11,1.0019418507353581
2021-05-12,1.000836401976531
2021-05-13,0.9807119884890095
2021-05-14,1.0098708089624262
2021-05-15,0.9976878547752162
2021-05-16,0.99639966701155
2021-05-17,1.0097658037744779
2021-05-18,0.9977431277340698
2021-05-19,0.9982837823592494
2021-05-20,0.9824652280233267
2021-05-21,0.9975661773791777
2021-05-22,0.9967210512820177
2021-05-23,0.9939834042693626
2021-05-24,1.0003193137884148
2021-05-25,0.9981636150292711
2021-05-26,0.9988820296309451
2021-05-27,1.0017582027474252
2021-05-28,1.0005095958862864
2021-05-29,1.0027430954700618
2021-05-30,0.9994377677716352
2021-05-31,0.9985936631500061
2021-06-01,1.0006705013220214
2021-06-02,1.0010461802919366
2021-06-03,0.9999778543937433
2021-06-04,1.0015360736229877
2021-06-05,1.001444357169434
2021-06-06,1.0027138536680453
2021-06-07,1.001496267305373
2021-06-08,0.992629120070101
2021-06-09,1.0000174617721673
2021-06-10,1.0020534010074051
2021-06-11,0.996134940104495
2021-06-12,1.0020509469573753
2021-06-13,1.00176054415832
2021-06-14,1.0041086962620627
2021-06-15,1.00387251912174
2021-06-16,1.0029427903477164
2021-06-17,0.9996344577101043
2021-06-18,1.0049952990148774
2021-06-19,1.0002923877337955
2021-06-20,0.9991512134260123
2021-06-21,1.0038549272965356
2021-06-22,1.0003245601198776
2021-06-23,1.0043989350486688
2021-06-24,1.0038309104802203
2021-06-25,0.9998542378720423
2021-06-26,1.00314051176672
2021-06-27,1.005851289913419
2021-06-28,1.005363845534843
2021-06-29,1.0044010227644635
2021-06-30,0.9991841280827286
2021-07-01,1.0040765827113842
2021-07-02,1.0048961656394588
2021-07-03,1.004268238210134
2021-07-04,1.006580291443836
2021-07-05,1.0021265275090745
2021-07-06,0.9985294465844855
2021-07-07,1.0027481885956269
2021-07-08,1.0009268842333936
2021-07-09,1.0027438251707144
2021-07-10,1.0024973656126193
2021-07-11,1.0013522171274682
2021-07-12,1.0008800372454236
2021-07-13,1.0034651513370003
2021-07-14,1.0009190982180496
2021-07-15,1.002500133445472
2021-07-16,1.000614885871915
2021-07-17,0.9993911598497144
2021-07-18,1.002465311186532
2021-07-19,1.0052382639235915
2021-07-20,1.003342721000228
2021-07-21,1.0054912200918298
2021-07-22,1.0075648716874477
2021-07-23,1.0042024134215959
2021-07-24,1.0047618819156534
2021-07-25,1.00339507853342
2021-07-26,1.0101462969622081
2021-07-27,0.9954718538855387
2021-07-28,1.001084194743564
2021-07-29,1.0006173171002937
2021-07-30,0.9971335153619271
2021-07-31,1.0031945255268067
2021-08-01,0.9994151906392581
2021-08-02,0.9974298731327569
2021-08-03,0.998706332418252
2021-08-04,1.0008964484965277
2021-08-05,1.0005334974689708
2021-08-06,0.9991067542770227
2021-08-07,1.000522480017684
2021-08-08,1.0026004338812995
2021-08-09,0.9953192063853987
2021-08-10,1.000863608787497
2021-08-11,1.0014984856115379
2021-08-12,0.9990863055172415
2021-08-13,1.0019073241987353
2021-08-14,1.001084424329288
2021-08-15,1.0007008675135667
2021-08-16,0.9987927569669283
2021-08-17,0.9991538442555516
2021-08-18,0.9984505656713843
2021-08-19,0.999868821171441
2021-08-20,1.003332821863129
2021-08-21,0.999473855734347
2021-08-22,0.9968423388829553
2021-08-23,1.001818449824429
2021-08-24,0.9985533475642483
2021-08-25,0.9990719799838075
2021-08-26,1.000000429662684
2021-08-27,1.0014310610639772
2021-08-28,0.9998544787229974
2021-08-29,1.0015081572778626
2021-08-30,0.9994160256806411
2021-08-31,0.995807307049026
2021-09-01,1.001525956901845
2021-09-02,1.0014536550564745
2021-09-03,1.0002353441712626
2021-09-04,1.003688449917231
2021-09-05,1.0008701650941743
2021-09-06,0.9991823903274001
2021-09-07,1.0022439610080482
2021-09-08,1.0037290903299916
2021-09-09,1.0025059424531955
2021-09-10,1.0022329598326547
2021-09-11,1.000445951023892
2021-09-12,1.0020187392261946
2021-09-13,0.9988619891189687
2021-09-14,1.002186572617343
2021-09-15,1.0029377152833459
2021-09-16,1.002038071647539
2021-09-17,1.0021528947219218
2021-09-18,1.0049318188888716
2021-09-19,1.001937504741568
2021-09-20,1.0049020387995908
2021-09-21,1.0030055702869451
2021-09-22,0.9971210238299739
2021-09-23,1.0011438854471
2021-09-24,1.004185768154089
2021-09-25,1.0009759586476235
2021-09-26,1.0038385890869517
2021-09-27,1.0070236904158982
2021-09-28,0.9993232038469991
2021-09-29,0.9965699099626212
2021-09-30,1.0040587858362655
2021-10-01,1.0031576022440707
2021-10-02,1.0021830873853257
2021-10-03,1.00238127787989
2021-10-04,1.0020965409356182
2021-10-05,0.9999438996590936
2021-10-06,1.0005901653999323
2021-10-07,1.0002595645382952
2021-10-08,1.00098689063932
2021-10-09,1.0026226722019531
2021-10-10,1.0016312771684341
2021-10-11,1.0000528528773345
2021-10-12,1.0046506205928987
2021-10-13,1.00265695046142
2021-10-14,1.006934692775629
2021-10-15,1.0028689448275152
2021-10-16,1.004944771131735
2021-10-17,1.0029535049352798
2021-10-18,1.0020074130743812
2021-10-19,0.999229249774116
2021-10-20,1.0015384593318253
2021-10-21,1.0038831527502599
2021-10-22,1.0039190729809087
2021-10-23,1.0045543455452228
2021-10-24,1.0059206470436568
2021-10-25,0.9995968551350544
2021-10-26,1.0037548073423144
2021-10-27,1.0001966214898506
2021-10-28,0.9994810162088177
2021-10-29,1.0030743890167741
2021-10-30,1.0016260272720672
2021-10-31,1.0023785567833592
2021-11-01,0.9991077990516908
2021-11-02,1.0013563973857582
2021-11-03,1.0018056205487476
2021-11-04,1.0010943149652032
2021-11-05,1.0035533894740518
2021-11-06,1.003516178228347
2021-11-07,1.0023796379052063
2021-11-08,1.0037901004670295
2021-11-09,1.0002844410809622
2021-11-10,0.9999065320195538
2021-11-11,1.0058463130244457
2021-11-12,1.0015064227327333
2021-11-13,1.0055680887794862
2021-11-14,1.0041570486500901
2021-11-15,1.0079873376862032
2021-11-16,1.001529285204989
2021-11-17,1.0008629657632304
2021-11-18,1.007888085758862
2021-11-19,1.0008941259966306
2021-11-20,1.0049716759712324
2021-11-21,1.0047215499011746
2021-11-22,1.0028824759707893
2021-11-23,0.9986079997452437
2021-11-24,1.0014011843831752
2021-11-25,1.0016818592720438
2021-11-26,0.9979302051401833
2021-11-27,0.9981453377483985
2021-11-28,0.999392801444418
2021-11-29,0.998854973859503
2021-11-30,0.999741790359094
2021-12-01,0.9976698778938268
2021-12-02,0.9998304838526499
2021-12-03,0.9986464955767517
2021-12-04,1.0002603096908997
2021-12-05,0.999285293040336
2021-12-06,1.0003757092961572
2021-12-07,0.9987564672523399
2021-12-08,1.0003127104162381
2021-12-09,0.9994867642507749
2021-12-10,0.9956324469647305
2021-12-11,0.994981096809914
2021-12-12,1.0007796911001703
2021-12-13,0.9986167519126646
2021-12-14,0.9953509462835358
2021-12-15,1.002443411579276
2021-12-16,0.9996190534027342
2021-12-17,0.9988138045025411
2021-12-18,0.9985023986138946
2021-12-19,1.0003625697890954
2021-12-20,0.9971771117679525
2021-12-21,1.0044645095415072
2021-12-22,1.0007738358673477
2021-12-23,1.0008944834394793
2021-12-24,1.002041813610772
2021-12-25,1.0017555065769979
2021-12-26,1.0016774290819972
2021-12-27,1.0008309952154049
2021-12-28,0.9997534047497002
2021-12-29,0.9997181437312388
2021-12-30,0.998322636486753
2021-12-31,1.002001748348852
2022-01-01,0.9982359249778655
2022-01-02,1.0057605590100167
2022-01-03,1.000807028211201
2022-01-04,1.0015556054850516
2022-01-05,1.0021493485367277
2022-01-06,0.9991753402265621
2022-01-07,1.0007252286094106
2022-01-08,1.0022367538771892
2022-01-09,0.9973118011244516
2022-01-10,1.0002987914668373
2022-01-11,1.0024759087603576
2022-01-12,1.0001526655783037
2022-01-13,1.001834157479727
2022-01-14,1.0002229686868855
2022-01-15,0.9996725970388856
2022-01-16,0.9982255377668133
2022-01-17,0.9994911355026718
2022-01-18,1.0018359591641512
2022-01-19,0.999812154159394
2022-01-20,0.9983819056887809
2022-01-21,0.9991330346323569
2022-01-22,0.9987898655751707
2022-01-23,1.0036776005635475
2022-01-24,1.001546614358951
2022-01-25,1.0055341547978187
2022-01-26,1.002854536353941
2022-01-27,1.0008528993399515
2022-01-28,1.0054422707574524
2022-01-29,1.0025793962629166
2022-01-30,1.0025816005175934
2022-01-31,1.000113583450494
2022-02-01,1.0016134636843388
2022-02-02,0.9993959986251129
2022-02-03,1.0007974688509778
2022-02-04,1.0028374710499253
2022-02-05,1.007590415187561
2022-02-06,0.9994579409017548
2022-02-07,1.0025364790906761
2022-02-08,1.0010352138717487
2022-02-09,0.9998671987741257
2022-02-10,1.0002934545661386
2022-02-11,0.9992812263375883
2022-02-12,1.0009900353465457
2022-02-13,1.0014914571668714
2022-02-14,1.0014550496567836
2022-02-15,1.0000978316092148
2022-02-16,0.9993943097578397
2022-02-17,0.9990773792296513
2022-02-18,0.9991168490727834
2022-02-19,1.0003974985512627
2022-02-20,1.0024637384512667
2022-02-21,0.999998760174041
2022-02-22,0.9990872927849055
2022-02-23,0.9998238428987233
2022-02-24,1.0014509444398134
2022-02-25,1.0007523069949062
2022-02-26,0.9985319858911714
2022-02-27,1.0022824539351958
2022-02-28,1.00289397571465
2022-03-01,1.0012522393332266
2022-03-02,1.0014262161514045
2022-03-03,1.0002391126058212
2022-03-04,1.0002993900980273
2022-03-05,1.001084984400991
2022-03-06,1.00135232795012
2022-03-07,1.0004867064016207
2022-03-08,0.9991559078160608
2022-03-09,1.0005472378887132
2022-03-10,1.0008700430616069
2022-03-11,1.0001710851575356
2022-03-12,0.9977286262899309
2022-03-13,1.0005292524946625
2022-03-14,1.001459217082672
2022-03-15,0.9996560478874656
2022-03-16,0.9992576148619404
2022-03-17,1.0012579082711304
2022-03-18,1.0005442355130312
2022-03-19,1.0011886323031478
2022-03-20,0.9999340304040024
2022-03-21,0.9998097521699142
2022-03-22,0.9999338927430163
2022-03-23,0.9996527681986828
2022-03-24,1.0009147471082644
2022-03-25,0.9985170176755329
2022-03-26,0.9996077970200153
2022-03-27,0.9991174779977005
2022-03-28,0.9978535424809069
2022-03-29,0.997353904845293
2022-03-30,0.999571796951584
2022-03-31,0.9994437372091522
2022-04-01,1.0016326139399723
2022-04-02,1.000542842381808
2022-04-03,0.9996090893168764
2022-04-04,1.0006747592495693
2022-04-05,1.0000324320160698
2022-04-06,1.0002827550926114
2022-04-07,0.9982552373482447
2022-04-08,0.9992253518841773
2022-04-09,1.0008478311999232
2022-04-10,1.000821463000093
2022-04-11,0.9990256682579775
2022-04-12,1.0007497025223124
2022-04-13,1.00215112699573
2022-04-14,1.0010972621354381
2022-04-15,1.0010684978568658
2022-04-16,1.0003985834369165
2022-04-17,1.0007387250475086
2022-04-18,1.000901487543881
2022-04-19,1.0007029156204548
2022-04-20,0.998580467321812
2022-04-21,1.000249152001078
2022-04-22,0.9997343496361256
2022-04-23,0.9994226377832756
2022-04-24,1.0005105667482965
2022-04-25,0.9998870123845726
2022-04-26,0.9995684985145311
2022-04-27,1.0011318204874002
2022-04-28,1.0001885435155828
2022-04-29,0.9998610971204636
2022-04-30,1.0014321468491643
2022-05-01,1.0010351627075893
